time,symbol,highPrice,deltaHighPrice,lowPrice,deltaLowPrice,closePrice,deltaClosePrice,openPrice,volume,sma,deltaSMA,ema,deltaEMA,rsi,adx,oscillateurStochastique,oscillateurStochastiqueSMA
2010-01-06 20:00:00,AAPL,6.487,1.0126443958788636,6.467,1.0134775113618555,6.478,1.0128205128205128,6.48,5600,6.4406875,0.9999417797917657,6.438568191888463,0.9996127489662557,25.238095238095212,26.21733273104926,82.11382113821122,27.866337591947307
2010-01-07 06:00:00,AAPL,6.388,0.9847387081856019,6.369,0.9848461419514458,6.379,0.9847175054029021,6.381,5600,6.4333125,0.9988549359055225,6.432895030756229,0.9987901184083576,48.73646209386272,26.532490715366272,1.6260162601624197,25.73444960640084
2010-01-07 07:00:00,AAPL,6.403,1.0023481527864746,6.374,1.000785052598524,6.384,1.0007838219156608,6.396,324520,6.4260625000000005,0.99887305334538,6.428238361160397,0.9992112712013285,34.864864864864884,26.684375563936662,6.140350877193481,24.17081830592749
2010-01-07 08:00:00,AAPL,6.439,1.005622364516633,6.369,0.999215563225604,6.413,1.0045426065162908,6.393,3107832,6.4215625,0.9992997266988922,6.426787088668931,1.0001127577998083,36.9146005509643,26.39949236641682,31.578947368421503,21.95695030258582
2010-01-07 09:00:00,AAPL,6.43,0.9986022674328311,6.325,0.9930915371329879,6.355,0.9909558708872602,6.415,104587140,6.4130625000000006,0.9986763346148232,6.419950223081414,0.9997489276295938,39.89501312335964,25.994437338058155,0.0,17.51250585814135
2010-01-07 10:00:00,AAPL,6.402,0.9956454121306377,6.317,0.9987351778656126,6.381,1.0040912667191189,6.359,104816908,6.406937500000001,0.9990449180871074,6.416240678026041,1.0004955788324283,37.623762376237714,25.580558340787093,19.259259259259142,16.518972642385876
2010-01-07 11:00:00,AAPL,6.397,0.9992189940643549,6.345,1.0044324837739433,6.368,0.9979627017708823,6.384,41197380,6.3993125,0.9988098838173463,6.411646327737846,1.000734957651428,44.059405940594075,25.17060280376996,10.569105691056887,14.090272164904967
2010-01-07 12:00:00,AAPL,6.397,1.0,6.35,1.0007880220646177,6.362,0.9990577889447236,6.371,32893812,6.3934999999999995,0.9990916993036361,6.406918106048527,1.0011885036163695,46.11398963730579,24.72913476661192,5.691056910568871,14.406441993269901
2010-01-07 13:00:00,AAPL,6.373,0.9962482413631389,6.324,0.9959055118110236,6.337,0.9960704181075133,6.364,39472580,6.38775,0.9991006490967389,6.400259238805811,1.0010572047870199,42.93333333333336,24.269773156079122,0.0,11.86014569697358
2010-01-07 14:00:00,AAPL,6.367,0.999058528165699,6.31,0.997786211258697,6.355,1.002840460785861,6.339,62981436,6.3850625,0.9995792728268953,6.39594883511002,1.001283524732499,44.475138121546976,23.733925121606585,12.765957446808994,12.569365555129634
2010-01-07 15:00:00,AAPL,6.376,1.0014135385581908,6.326,1.0025356576862123,6.366,1.0017309205350118,6.358,70562576,6.382,0.999520364914204,6.393096565099541,1.0012582594296517,46.40000000000012,23.105893783971915,20.56737588652476,13.711997548825455
2010-01-07 16:00:00,AAPL,6.38,1.0006273525721454,6.348,1.0034777110338287,6.371,1.000785422557336,6.369,9101120,6.381625,0.9999412409902851,6.390992130328157,1.0014089831288244,47.38219895287953,22.350438125193968,24.113475177305457,15.051635058675759
2010-01-07 17:00:00,AAPL,6.375,0.9992163009404389,6.345,0.9995274102079394,6.355,0.9974886203107832,6.369,492380,6.3799375000000005,0.999735568918575,6.387564308392142,1.0009306890317344,47.10526315789484,21.65300202359945,12.765957446808994,14.834928990905873
2010-01-07 18:00:00,AAPL,6.378,1.0004705882352942,6.346,1.0001576044129237,6.363,1.0012588512981904,6.359,379568,6.378500000000001,0.9997746843131301,6.385224850450033,1.0008287464336496,44.78371501272273,20.996470666230337,18.439716312057225,15.85935767490905
2010-01-07 19:00:00,AAPL,6.378,1.0,6.351,1.0007878978884337,6.369,1.0009429514380008,6.363,142716,6.377000000000001,0.9997648349925531,6.383679626597649,1.000812044618272,31.974921630094244,20.380926906347366,22.695035460992926,16.8943573866083
2010-01-08 06:00:00,AAPL,6.403,1.0039197240514266,6.372,1.0033065658951346,6.382,1.0020411367561626,6.397,11200,6.376125000000001,0.9998627881448957,6.383519662159777,1.0010223713595385,47.78761061946908,19.70537029035954,31.914893617021225,18.260902966957705
2010-01-08 07:00:00,AAPL,6.404,1.0001561767921288,6.369,0.9995291902071562,6.379,0.9995299279222813,6.397,100100,6.369937500000001,0.9990295830147621,6.38308921814456,1.0010922336285062,49.572649572649425,19.371131193949264,55.263157894736224,20.608404512148564
2010-01-08 08:00:00,AAPL,6.394,0.9984384759525297,6.316,0.9916784424556445,6.345,0.9946700109735068,6.387,4386900,6.367812500000001,0.9996664017504098,6.379461673559364,1.0014951753544463,41.82692307692291,19.163719262359194,10.526315789473623,20.335024585366828
2010-01-08 09:00:00,AAPL,6.396,1.000312793243666,6.31,0.9990500316656111,6.343,0.9996847911741529,6.348,81190144,6.365250000000001,0.9995975855130785,6.375989133220377,1.0012840568437553,47.282608695651994,19.15019273633261,7.894736842105509,16.211742124472067
2010-01-08 10:00:00,AAPL,6.392,0.9993746091307067,6.332,1.003486529318542,6.375,1.0050449314204635,6.346,89245744,6.362875000000001,0.9996268803267742,6.375894930056531,1.0016723506628222,38.12499999999993,19.474578408894185,84.44444444444514,20.812765912487777
2010-01-08 11:00:00,AAPL,6.412,1.0031289111389237,6.351,1.0030006317119393,6.4,1.003921568627451,6.377,59013780,6.365687500000001,1.0004420171699113,6.3781906510035284,1.0024070331420196,51.95530726256973,19.80924226451162,100.0,26.027190863754804
2010-01-08 12:00:00,AAPL,6.41,0.9996880848409233,6.366,1.002361832782239,6.381,0.99703125,6.402,39147388,6.3656875,0.9999999999999999,6.378458208050811,1.0020061789163874,59.59595959595964,20.12088821046028,69.84126984126993,28.152875445579717
2010-01-08 13:00:00,AAPL,6.395,0.9976599063962558,6.36,0.999057492931197,6.375,0.999059708509638,6.384,43878128,6.366125,1.000068727847542,6.378128854903115,1.0019544400982792,61.45833333333345,20.43599206349485,60.31746031746014,31.503845463216393
2010-01-08 14:00:00,AAPL,6.399,1.0006254886630181,6.362,1.000314465408805,6.386,1.0017254901960784,6.377,39032196,6.367625,1.0002356221406272,6.378878487769485,1.0020033360591387,55.55555555555545,20.725890451453633,77.77777777777762,34.75487426980075
2010-01-08 15:00:00,AAPL,6.418,1.0029692139396782,6.364,1.000314366551399,6.406,1.003131850923896,6.388,67161640,6.3719375000000005,1.0006772540782474,6.3814614889342955,1.0021729434340583,55.555555555555664,20.74840757415393,100.0,39.723257286964255
2010-01-08 16:00:00,AAPL,6.42,1.000311623558741,6.348,0.9974858579509742,6.403,0.9995316890415236,6.411,11402384,6.374937500000001,1.0004708144108445,6.383512775702458,1.0018166022034047,58.97435897435881,20.541964109623937,95.23809523809504,44.698092749604605
2010-01-08 17:00:00,AAPL,6.418,0.9996884735202493,6.387,1.0061436672967863,6.408,1.0007808839606436,6.399,391748,6.3775625,1.0004117687428307,6.385844892302225,1.0017109802727044,63.186813186812984,20.21047007653942,100.0,50.25364830516016
2010-01-08 18:00:00,AAPL,6.418,1.0,6.392,1.0007828401440426,6.402,0.999063670411985,6.41,507976,6.379500000000001,1.0003037994531612,6.387383473987727,1.0015399259494089,62.569832402234596,19.80609480845831,90.76923076923048,54.58716348973913
2010-01-08 19:00:00,AAPL,6.416,0.999688376441259,6.394,1.0003128911138923,6.406,1.000624804748516,6.406,72940,6.382687500000001,1.0004996473077827,6.389156476465087,1.0015136729312777,59.2178770949721,19.327522833034937,96.92307692307591,58.82914688065864
2010-01-11 04:00:00,AAPL,6.489,1.0113778054862843,6.461,1.0104785736628088,6.48,1.0115516703090854,6.474,33600,6.3900000000000015,1.0011456772715255,6.397808240611269,1.0023690241158238,57.05882352941174,18.27596330065004,100.0,63.04506492636389
2010-01-11 05:00:00,AAPL,6.489,1.0,6.467,1.0009286488159728,6.477,0.999537037037037,6.483,14000,6.396750000000001,1.001056338028169,6.405350312934005,1.0024022398957753,70.95435684647309,16.80183829911252,97.81021897810211,67.76974612254683
2010-01-11 06:00:00,AAPL,6.486,0.9995376791493297,6.442,0.9961342198855729,6.452,0.996140188358808,6.479,71008,6.401125,1.0006839410638213,6.4097931402736235,1.0020390261107004,81.4285714285713,15.341838681409696,79.56204379562017,71.16543098274478
2010-01-11 07:00:00,AAPL,6.464,0.9966080789392538,6.43,0.998137224464452,6.444,0.9987600743955363,6.451,394716,6.405187500000001,1.0006346540647153,6.41305093643804,1.0018631000703844,73.39055793991393,13.975724730163794,73.72262773722602,74.00029722031329
2010-01-11 08:00:00,AAPL,6.463,0.9998452970297029,6.416,0.9978227060653189,6.439,0.9992240844196152,6.446,2384536,6.411062500000002,1.0009172252959029,6.415522275824894,1.0016135009045235,66.50717703349264,12.463859297267572,70.07299270072976,76.12019161385265
2010-01-11 09:00:00,AAPL,6.449,0.9978338233018722,6.362,0.9915835411471321,6.374,0.9899052647926696,6.442,83515012,6.413,1.0003022119968412,6.41156777336538,1.0000788127342977,60.317460317460146,11.168828130592594,0.0,73.05001617525619
2010-01-11 10:00:00,AAPL,6.4,0.9924019227787254,6.327,0.9944985853505187,6.357,0.9973329149670538,6.377,86676772,6.411875,0.999824575081865,6.406370842568677,0.9989662938669385,48.510638297872234,10.267838997269452,0.0,72.46522085361877
2010-01-11 11:00:00,AAPL,6.377,0.9964062499999999,6.321,0.9990516832622095,6.355,0.9996853861884537,6.359,54321708,6.4090625,0.999561360756409,6.4014783813716605,0.9983785369134084,46.34146341463421,9.833157342266173,0.0,72.02662436239069
2010-01-11 12:00:00,AAPL,6.373,0.9993727458052376,6.324,1.0004746084480305,6.337,0.9971675845790715,6.358,33982424,6.4063125,0.9995709200838656,6.395337583145788,0.9978585141189976,43.459915611814445,9.756428638403595,0.0,67.3352663376993
2010-01-11 13:00:00,AAPL,6.357,0.9974894084418641,6.315,0.9985768500948767,6.325,0.9981063594760928,6.339,37352336,6.4031875000000005,0.9995121998809768,6.388638765703332,0.9972412000980801,35.319148936170365,9.966502886210357,0.0,61.77971078214374
2010-01-11 14:00:00,AAPL,6.338,0.9970111687903098,6.292,0.9963578780680917,6.318,0.998893280632411,6.328,67657940,6.398937500000001,0.9993362680696138,6.381911264207776,0.9966772430461822,34.01639344262317,10.527092197439126,0.0,57.89964023540652
2010-01-11 15:00:00,AAPL,6.374,1.0056800252445566,6.307,1.0023839796567071,6.351,1.0052231718898386,6.319,82481168,6.395500000000001,0.9994628014416457,6.378967334283226,0.996879143495811,31.70731707317067,11.229860557315883,20.37037037037049,55.680357460568196
2010-01-11 16:00:00,AAPL,6.374,1.0,6.325,1.00285397177739,6.337,0.9977956227365768,6.367,11210892,6.391375000000001,0.9993550152450942,6.374970445303871,0.9967900000475132,40.65934065934068,11.966446367094687,11.728395061728415,52.010947309676574
2010-01-11 17:00:00,AAPL,6.346,0.9956071540633825,6.324,0.9998418972332015,6.337,1.0,6.336,117320,6.386937500000001,0.9993057049539419,6.371354212417788,0.9968675304481097,37.80918727915204,12.720544683311477,11.728395061728415,47.106969257550375
2010-01-11 18:00:00,AAPL,6.361,1.0023636936653009,6.319,0.9992093611638204,6.334,0.9995265898690232,6.338,529396,6.382687500000001,0.999334579366089,6.3677966683779985,0.9970031283972949,15.789473684210591,13.403600491536578,9.876543209876502,42.36466081153823
2010-01-11 19:00:00,AAPL,6.347,0.9977990881936804,6.319,1.0,6.329,0.9992106094095359,6.339,148624,6.377875,0.9992460072657481,6.364101747580094,0.9970880992654101,15.789473684210591,14.02129095879796,6.790123456790164,37.18633433691546
2010-01-12 04:00:00,AAPL,6.338,0.9985820072475184,6.301,0.9971514480139263,6.311,0.9971559488070786,6.332,14000,6.367312500000001,0.9983438841306862,6.359044438286751,0.9970475179094527,17.460317460317555,15.100250323372679,0.0,32.14359929418045
2010-01-12 06:00:00,AAPL,6.327,0.9982644367308299,6.308,1.0011109347722582,6.318,1.0011091744572966,6.32,2800,6.357375,0.9984392944432993,6.355135444164203,0.9980875674256922,16.582914572864453,16.530514018337556,4.964539007091966,27.03479163218133
2010-01-12 07:00:00,AAPL,6.324,0.9995258416311048,6.279,0.9954026632847178,6.314,0.9993668882557772,6.294,45108,6.348750000000001,0.9986433079690911,6.351217782815231,0.9990314843493158,19.90049751243778,18.23453368423957,2.2556390977444463,21.604549359833804
2010-01-12 08:00:00,AAPL,6.327,1.0004743833017078,6.286,1.0011148272017836,6.298,0.9974659486854609,6.316,1758064,6.339625,0.9985627091947232,6.346149422547114,0.9995903796097048,28.571428571428655,20.068964948099485,0.0,16.170648305494794
2010-01-12 09:00:00,AAPL,6.345,1.0028449502133712,6.261,0.9960229080496342,6.287,0.998253413782153,6.299,96375412,6.330125000000001,0.9985014886527201,6.340516144209294,1.0001405673378623,28.776978417266164,21.892510163113638,0.0,11.750534761293675
2010-01-12 10:00:00,AAPL,6.346,1.0001576044129237,6.271,1.0015971889474524,6.326,1.006203276602513,6.289,89533780,6.3271250000000006,0.9995260757094054,6.3391336542846,1.0014231400303468,27.027027027026946,23.49262387228108,55.71428571428506,10.750071315574736
2010-01-12 11:00:00,AAPL,6.351,1.0007878978884337,6.301,1.004783926008611,6.321,0.9992096111286753,6.328,54545904,6.3248750000000005,0.9996443882490073,6.337406639590829,1.0016250097146537,46.745562130177476,24.735490377789606,49.999999999999346,9.634905054423045
2010-01-12 12:00:00,AAPL,6.332,0.9970083451424973,6.263,0.9939692112363117,6.285,0.9943046986236356,6.322,68349792,6.320499999999999,0.9993082867250339,6.332415531058369,1.0011922023847695,48.76543209876529,25.793490108314764,0.0,9.634905054423045
2010-01-12 13:00:00,AAPL,6.306,0.9958938723941883,6.259,0.9993613284368514,6.291,1.0009546539379475,6.288,51460220,6.317624999999999,0.9995451309231864,6.328471194767095,1.0012611652190644,41.36125654450271,26.707005654496776,9.090909090909458,10.13995555947357
2010-01-12 14:00:00,AAPL,6.3,0.9990485252140818,6.243,0.9974436810992171,6.27,0.9966618979494515,6.293,61409656,6.314187499999999,0.9994558872994204,6.322902509551182,1.000835362901594,31.707317073170714,27.52129857310379,0.0,10.13995555947357
2010-01-12 15:00:00,AAPL,6.29,0.9984126984126984,6.231,0.9980778471888514,6.28,1.0015948963317385,6.273,98413728,6.3118124999999985,0.9996238629277321,6.318816556260593,1.0007331198607254,30.409356725146083,28.205713820121733,12.345679012346451,10.825826615715041
2010-01-12 16:00:00,AAPL,6.361,1.0112877583465818,6.257,1.0041726849622854,6.284,1.0006369426751591,6.283,9786280,6.307625,0.9993365614076782,6.315500693759584,1.0005843319584644,34.25414364640899,28.516646995307106,20.895522388059998,11.986688970607263
2010-01-12 17:00:00,AAPL,6.294,0.9894670649268983,6.27,1.002077673006233,6.28,0.9993634627625717,6.286,150724,6.3040625,0.9994352073878837,6.312119675306291,1.000712578079117,36.26373626373628,28.536503355789943,14.925373134329329,12.815876366958893
2010-01-12 18:00:00,AAPL,6.291,0.9995233555767399,6.251,0.9969696969696971,6.262,0.9971337579617834,6.284,854028,6.299375,0.9992564318643733,6.307346372896168,1.0005209137593685,36.464088397790135,28.405099814836444,0.0,11.684189124160532
2010-01-12 19:00:00,AAPL,6.289,0.9996820855189953,6.25,0.9998400255959046,6.279,1.002714787607793,6.266,335300,6.2959375,0.9994543109435459,6.304646718334628,1.0008368637102296,36.46408839778996,28.249153439426667,25.373134328358663,12.44223019452888
2010-01-13 04:00:00,AAPL,6.295,1.0009540467482907,6.276,1.00416,6.286,1.0011148272017836,6.289,5600,6.29325,0.9995731374398172,6.302870840397997,1.0011012403471282,39.79057591623049,28.03505798489985,37.5,13.873986024432854
2010-01-13 06:00:00,AAPL,6.32,1.0039714058776807,6.301,1.0039834289356278,6.311,1.0039770919503659,6.314,2800,6.2932500000000005,1.0000000000000002,6.303645046074378,1.0016517770745446,42.78350515463909,27.537311941293197,76.56250000000053,17.578761401661964
2010-01-13 07:00:00,AAPL,6.32,1.0,6.272,0.9953975559435011,6.301,0.9984154650610046,6.31,204148,6.2921875,0.9998311683152583,6.303393136924437,1.0016117486075455,53.201970443349715,26.950528831438273,60.93750000000087,20.586948987395896
2010-01-13 08:00:00,AAPL,6.312,0.9987341772151899,6.258,0.9977678571428571,6.27,0.99508014600857,6.296,1099448,6.2894375,0.9995629500869133,6.300212838169728,1.0012754448543895,53.465346534653506,26.24589283564797,12.5,21.28139343184034
2010-01-13 09:00:00,AAPL,6.312,1.0,6.235,0.9963247043783957,6.25,0.9968102073365231,6.273,67621820,6.2864375,0.9995230098081108,6.295430663105945,1.0009528933399758,35.56701030927846,25.576136533595292,0.0,21.00558570922412
2010-01-13 10:00:00,AAPL,6.264,0.9923954372623575,6.161,0.98813151563753,6.222,0.9955200000000001,6.252,154778904,6.282374999999999,0.9993537675352693,6.288437266619664,1.0003181080889876,33.01435406698583,25.247109535063597,0.0,20.880272426016095
2010-01-13 11:00:00,AAPL,6.267,1.0004789272030652,6.189,1.0045447167667587,6.239,1.0027322404371584,6.224,62253268,6.2769375,0.9991344833761119,6.283728955513029,1.0002155165065807,34.32835820895541,25.163489582650147,17.171717171716747,21.83425671333369
2010-01-13 12:00:00,AAPL,6.325,1.0092548268709112,6.229,1.0064630796574567,6.305,1.0105786183683283,6.241,73797500,6.2759374999999995,0.999840686640579,6.285754769273693,1.0014047087889106,37.7358490566037,24.952860840504187,93.25842696629185,27.015280433683238
2010-01-13 13:00:00,AAPL,6.356,1.004901185770751,6.284,1.0088296676834163,6.34,1.0055511498810468,6.307,59790136,6.279375,1.0005477269332272,6.290920981723817,1.0023874491617892,56.80933852140082,24.352638133141994,100.0,29.47559789400073
2010-01-13 14:00:00,AAPL,6.373,1.0026746381371932,6.324,1.0063653723742838,6.35,1.001577287066246,6.342,66445540,6.2830625,1.000587239972131,6.296547554892976,1.0027347554323442,60.63829787234039,23.379210083281748,100.0,32.25337567177855
2010-01-13 15:00:00,AAPL,6.386,1.0020398556409853,6.33,1.0009487666034156,6.361,1.001732283464567,6.353,96396720,6.288749999999999,1.000905211431527,6.302685882998407,1.0031232194488606,61.45833333333333,22.03193797461862,100.0,37.80893122733411
2010-01-13 16:00:00,AAPL,6.381,0.999217037269026,6.272,0.9908372827804107,6.371,1.001572079861657,6.372,9224292,6.294437499999999,1.0009043927648578,6.309191989379512,1.0032505647989685,63.72881355932196,20.60501335417094,100.0,42.85943627783914
2010-01-13 17:00:00,AAPL,6.385,1.0006268609935747,6.358,1.0137117346938775,6.375,1.000627844922304,6.374,213276,6.3001249999999995,1.000903575577643,6.315459418962416,1.0033397613309238,68.98954703832769,19.441635569607527,100.0,48.41499183339469
2010-01-13 18:00:00,AAPL,6.394,1.001409553641347,6.358,1.0,6.381,1.0009411764705882,6.378,1006544,6.3064374999999995,1.0010019642467411,6.321701379061233,1.003424754121741,67.51824817518255,18.4580559217288,100.0,53.28467633270878
2010-01-13 19:00:00,AAPL,6.4,1.0009383797309979,6.371,1.0020446681346336,6.39,1.001410437235543,6.383,340396,6.3144374999999995,1.001268545038304,6.32820600962683,1.003451791859799,67.39926739926753,17.534749899505073,100.0,57.67936953337211
2010-01-14 04:00:00,AAPL,6.393,0.9989062499999999,6.374,1.000470883691728,6.384,0.9990610328638498,6.386,2800,6.321,1.0010392849719394,6.333519722995703,1.003021998870953,65.3696498054475,16.668289871154656,96.4285714285718,62.207324994163365
2010-01-14 06:00:00,AAPL,6.395,1.0003128421711247,6.369,0.999215563225604,6.379,0.9992167919799497,6.388,11200,6.3268125,1.0009195538680589,6.337851177948493,1.0026659038045393,66.40316205533611,15.893161687350542,93.45238095238085,67.39912393596231
2010-01-14 07:00:00,AAPL,6.403,1.001250977326036,6.355,0.9978018527241326,6.376,0.9995297068506037,6.396,180684,6.330875000000002,1.0006421084866988,6.341484399096256,1.002319003304785,74.00881057268737,15.321077063411304,91.66666666666701,71.0820979547572
2010-01-14 08:00:00,AAPL,6.397,0.999062939247228,6.341,0.9977970102281668,6.356,0.9968632371392722,6.373,2177056,6.3343125,1.0005429739175074,6.3428668372775645,1.0018941832333703,80.00000000000034,14.863043708813155,79.76190476190479,73.4299815526408
2010-01-14 09:00:00,AAPL,6.373,0.9962482413631389,6.309,0.9949534773695001,6.33,0.9959093769666457,6.358,80365124,6.3380625,1.0005920137347186,6.3416414242035115,1.0011570196771176,83.16831683168319,14.561525158768708,64.28571428571436,72.74793790184714
2010-01-14 10:00:00,AAPL,6.368,0.9992154401380825,6.313,1.00063401489935,6.33,1.0,6.332,87259592,6.343062499999999,1.0007888846157638,6.340532717136511,1.0003897432593178,71.56398104265413,14.307850785041254,64.28571428571436,72.933949806609
2010-01-14 11:00:00,AAPL,6.352,0.9974874371859297,6.31,0.9995247901156343,6.329,0.9998420221169035,6.332,57921780,6.349749999999999,1.0010543014513889,6.33943436312351,0.9994280149570511,58.620689655172555,13.847944930244424,59.6026490066225,75.55076364031024
2010-01-14 12:00:00,AAPL,6.357,1.000787153652393,6.319,1.0014263074484946,6.34,1.0017380312845632,6.332,33711888,6.356062499999999,1.000994133627308,6.339488233302223,0.9983839101227959,45.04504504504498,13.214071785333102,41.17647058823548,77.83834533965666
2010-01-14 13:00:00,AAPL,6.35,0.9988988516595878,6.313,0.9990504826713087,6.331,0.9985804416403786,6.341,30532544,6.357687499999999,1.0002556614256075,6.338679830130583,0.9972651826709671,45.535714285714384,12.730180721287502,3.278688524591262,78.02049470213394
2010-01-14 14:00:00,AAPL,6.367,1.0026771653543307,6.321,1.0012672263583082,6.348,1.0026851998104565,6.334,36682548,6.3581875,1.0000786449475538,6.339567465356241,0.9971499016515427,36.36363636363659,12.442901742613625,31.147540983606795,78.79692935835007
2010-01-14 15:00:00,AAPL,6.368,1.000157059839799,6.316,0.9992089859199494,6.331,0.997321991178324,6.35,67996544,6.357,0.999813232937846,6.338751516274694,0.9969431565638313,40.17094017093977,12.42558267609948,3.278688524591262,73.7980550004778
2010-01-14 16:00:00,AAPL,6.38,1.0018844221105527,6.316,1.0,6.349,1.0028431527404833,6.342,9894696,6.35625,0.9998820198206702,6.339727562343771,0.9972829262771388,33.07692307692298,12.64194826789728,32.786885245902425,70.0639930696946
2010-01-14 17:00:00,AAPL,6.362,0.99717868338558,6.317,1.0001583280557316,6.348,0.9998424948810836,6.33,521780,6.3548125,0.9997738446411013,6.340515413549127,0.9975245488376208,38.732394366196985,12.80532649487324,31.147540983606795,66.23885645767275
2010-01-14 18:00:00,AAPL,6.357,0.9992140836215027,6.322,1.0007915149596327,6.345,0.9995274102079394,6.35,339780,6.3529375,0.9997049480216764,6.340942517020639,0.9978174048440671,34.32835820895512,12.946764293458587,26.22950819672136,62.14049580193505
2010-01-14 19:00:00,AAPL,6.361,1.0006292276230926,6.333,1.0017399557102182,6.349,1.0006304176516942,6.349,163996,6.350937500000001,0.9996851850030006,6.341709896352007,0.9982326909956231,35.11450381679359,13.101538182410467,32.786885245902425,58.40643387115185
2010-01-15 06:00:00,AAPL,6.377,1.0025153277786512,6.346,1.0020527396178747,6.369,1.0031501023783271,6.358,8400,6.3496250000000005,0.9997933375977955,6.344308953842292,0.9989562885546097,38.461538461538616,13.198762856819458,72.727272727272,56.891282356000296
2010-01-15 07:00:00,AAPL,6.351,0.9959228477340443,6.308,0.9940119760479041,6.32,0.9923064845344639,6.344,189224,6.345625,0.999370041537886,6.341993815381121,0.9987981676683458,47.619047619047414,13.44895786458817,0.0,51.335726800444746
2010-01-15 08:00:00,AAPL,6.358,1.0011021886317115,6.315,1.0011097019657578,6.337,1.0026898734177214,6.331,868448,6.343000000000001,0.9995863291637941,6.3415182139162525,0.9993528161396635,39.772727272727295,13.758724743486418,30.357142857141866,47.46667918139707
2010-01-15 09:00:00,AAPL,6.406,1.007549543881724,6.319,1.000633412509897,6.347,1.0015780337699227,6.339,86403128,6.3411875,0.9997142519312627,6.342040288781371,0.9998486975849551,52.09580838323346,13.743537621464592,55.10204081632738,45.17076081405016
2010-01-15 10:00:00,AAPL,6.364,0.99344364658133,6.266,0.991612596929894,6.301,0.9927524814873168,6.351,114995496,6.337750000000001,0.9994579091061415,6.338131689849813,0.9995181012783193,54.80225988700578,13.688478787492025,0.0,39.978961872251226
2010-01-15 11:00:00,AAPL,6.317,0.9926147077309868,6.251,0.9976061283115225,6.269,0.9949214410411046,6.303,53595780,6.3339375,0.9993984458206776,6.331547719387926,0.9990213749971086,43.693693693693746,13.512139108781806,0.0,34.88636927965862
2010-01-15 12:00:00,AAPL,6.29,0.9957258192179832,6.222,0.9953607422812351,6.247,0.9964906683681608,6.271,66011512,6.328749999999999,0.999180999180999,6.323495555636694,0.9983514292076128,35.39094650205759,13.401890908228133,0.0,30.455152348441686
2010-01-15 13:00:00,AAPL,6.281,0.9985691573926867,6.234,1.0019286403085823,6.272,1.0040019209220425,6.25,44800224,6.3251875,0.9994370926328265,6.318591217004628,0.9983948199888807,33.59374999999986,13.327508867392542,20.491803278688835,28.02215729249582
2010-01-15 14:00:00,AAPL,6.288,1.0011144722177998,6.247,1.002085338466474,6.261,0.9982461734693877,6.275,44982084,6.32025,0.9992193907295237,6.313106339194664,0.9980899916713399,35.606060606060694,13.268128104156432,11.475409836065777,25.088251489737566
2010-01-15 15:00:00,AAPL,6.281,0.9988867684478371,6.214,0.9947174643829039,6.225,0.994250119789171,6.263,115408076,6.313624999999999,0.9989517819706498,6.3047152592713624,0.9975420686319945,36.43410852713177,13.357043726990076,0.0,21.77699321159187
2010-01-15 16:00:00,AAPL,6.303,1.0035026269702276,6.212,0.9996781461216606,6.231,1.0009638554216869,6.227,16145276,6.306312499999999,0.9988417905719772,6.297694758388376,0.9974768470392804,27.536231884057997,13.531545494670615,4.166666666666821,19.72089299372694
2010-01-15 17:00:00,AAPL,6.24,0.9900047596382675,6.212,1.0,6.225,0.999037072701011,6.23,357420,6.299687499999999,0.9989494653174895,6.290771448065673,0.997535635613629,29.181494661921818,13.749386369960234,0.0,19.53874363124965
2010-01-15 18:00:00,AAPL,6.243,1.0004807692307693,6.214,1.0003219575016098,6.233,1.001285140562249,6.226,164024,6.292437499999999,0.9988491492633563,6.285269405392752,0.9977113000276209,28.873239436619812,14.052888802900576,5.555555555555555,18.116966663024577
2010-01-15 19:00:00,AAPL,6.242,0.999839820599071,6.218,1.0006437077566783,6.228,0.9991978180651372,6.235,137452,6.284937499999999,0.9988080930482026,6.279815176307729,0.9979940486191129,29.8611111111111,14.41662896178025,2.0833333333334103,18.05055804128803
2010-01-19 04:00:00,AAPL,6.311,1.0110541493111183,6.271,1.0085236410421357,6.289,1.0097944765574822,6.304,18620,6.281437499999999,0.9994431129983393,6.280689921421278,0.9993241653431365,24.175824175824303,14.398805365621602,44.44444444444444,18.698200218984812
2010-01-19 05:00:00,AAPL,6.29,0.9966724766281096,6.253,0.9971296443948334,6.269,0.9968198441723645,6.283,24220,6.2764375,0.9992040038605814,6.2795765955716325,0.9997037454518386,44.56140350877187,14.206951146980382,30.555555555555863,18.665312139648655
2010-01-19 06:00:00,AAPL,6.285,0.9992050874403816,6.256,1.000479769710539,6.266,0.9995214547774764,6.271,49028,6.2700000000000005,0.9989743385479423,6.278283586469572,1.0002941296666414,38.19444444444459,13.979893893509638,33.60655737704927,19.075148205222423
2010-01-19 07:00:00,AAPL,6.306,1.0033412887828161,6.255,0.9998401534526854,6.272,1.000957548675391,6.279,521976,6.267000000000001,0.9995215311004786,6.277685149662946,1.0012257017006292,35.58718861209964,13.463924201616843,38.52459016393467,19.39390958955755
2010-01-19 08:00:00,AAPL,6.297,0.9985727878211227,6.216,0.9937649880095923,6.277,1.000797193877551,6.276,3794952,6.263250000000001,0.9994016275730014,6.277619897314094,1.0016945743280825,43.98340248962661,12.941302702975083,42.62295081967226,17.721447261357564
2010-01-19 09:00:00,AAPL,6.389,1.0146101318087979,6.251,1.0056306306306306,6.372,1.0151346184483032,6.275,103834780,6.264812500000001,1.0002494711212229,6.286608478522275,1.0037294501292897,51.86915887850467,12.21127563504077,100.0,23.277002816913118
2010-01-19 10:00:00,AAPL,6.439,1.0078259508530285,6.362,1.0177571588545833,6.416,1.0069052102950409,6.374,122563028,6.272000000000001,1.0011472809441624,6.298931480567774,1.0054461295637775,71.77700348432049,10.904549567277614,100.0,27.14605043596079
2010-01-19 11:00:00,AAPL,6.466,1.0041931977015064,6.404,1.0066016975793775,6.446,1.0046758104738154,6.419,84061656,6.283062500000001,1.0017637914540816,6.312938006227986,1.006527105584819,73.52941176470583,10.21433175384552,100.0,29.640381501720388
2010-01-19 12:00:00,AAPL,6.486,1.0030931023816887,6.436,1.004996876951905,6.466,1.003102699348433,6.448,78444856,6.296749999999999,1.0021784758626862,6.327515338968178,1.0070750273402782,78.46153846153838,10.407845300807908,100.0,35.19593705727594
2010-01-19 13:00:00,AAPL,6.497,1.001695960530373,6.442,1.0009322560596645,6.482,1.002474481905351,6.468,89466048,6.309874999999999,1.0020844086234961,6.342228163828352,1.0072224820468263,88.99676375404538,11.290379248893231,100.0,40.7514926128315
2010-01-19 14:00:00,AAPL,6.5,1.0004617515776513,6.464,1.003415088481838,6.486,1.0006170934896637,6.484,52603768,6.3239374999999995,1.0022286495374315,6.355920719654224,1.0072974059952415,89.3416927899687,12.656330423764844,100.0,46.307048168387055
2010-01-19 15:00:00,AAPL,6.515,1.0023076923076923,6.464,1.0,6.501,1.0023126734505088,6.488,116897872,6.3411875,1.002727730942945,6.369737793972869,1.0072423698009143,91.1671924290222,14.56305926561883,100.0,50.724170208459896
2010-01-19 16:00:00,AAPL,6.523,1.0012279355333844,6.365,0.984684405940594,6.481,0.9969235502230426,6.506,17639048,6.356812499999999,1.002464049517539,6.380334194546882,1.0061734012039356,91.35802469135815,16.336396474135107,92.75362318840565,55.239626505812105
2010-01-19 17:00:00,AAPL,6.51,0.9980070519699525,6.219,0.9770620581304006,6.478,0.9995371084709149,6.483,4469668,6.372624999999999,1.0024874888161324,6.389635699828132,1.0051634682992667,87.31563421828906,17.323960856253798,91.57509157509138,60.327131593317176
2010-01-19 18:00:00,AAPL,6.51,1.0,6.467,1.0398777938575332,6.482,1.0006174745291758,6.48,444164,6.3881875,1.002442086267433,6.398432299844501,1.0040497126136407,83.62989323843411,17.743424155286228,93.04029304029301,65.26455528074085
2010-01-19 19:00:00,AAPL,6.496,0.9978494623655915,6.467,1.0,6.483,1.0001542733724158,6.488,472052,6.404125,1.0024948391073367,6.406486366525977,1.0028644848833848,90.18867924528281,17.756907735254693,92.34042553191462,70.39457892140278
2010-01-20 04:00:00,AAPL,6.509,1.0020012315270936,6.484,1.0026287304778105,6.494,1.0016967453339503,6.502,14000,6.4169374999999995,1.0020006636347667,6.414820998285408,1.0016701732532405,91.25475285171083,17.341104049971346,97.02127659574444,75.47600786807993
2010-01-20 05:00:00,AAPL,6.514,1.0007681671531725,6.478,0.9990746452806909,6.505,1.001693871265784,6.491,16800,6.431687499999999,1.0022986042796893,6.423409474639179,1.0010085768544854,91.417910447761,16.668214789357343,100.0,80.91582268289476
2010-01-20 06:00:00,AAPL,6.513,0.999846484494934,6.483,1.0007718431614696,6.5,0.9992313604919293,6.507,105364,6.4463124999999994,1.0022738977912096,6.430703810387829,0.9998470557513608,91.60583941605822,15.815770095094516,97.85407725321893,83.88302450560444
2010-01-20 07:00:00,AAPL,6.509,0.999385843697221,6.467,0.9975320067869813,6.5,1.0,6.496,440748,6.4605625,1.0022105661182266,6.4373034474937505,0.9986024486857799,84.782608695652,14.743697854439091,97.8070175438597,87.619216838288
2010-01-20 08:00:00,AAPL,6.514,1.0007681671531725,6.457,0.9984536879542292,6.477,0.9964615384615385,6.498,2739548,6.4730625,1.0019348160473642,6.441084071541964,0.9969850259233565,79.99999999999974,13.621369294537569,78.94736842105294,90.13815078517709
2010-01-20 09:00:00,AAPL,6.526,1.001842186060792,6.404,0.9917918538020752,6.428,0.9924347691832638,6.477,104272672,6.4765625,1.0005407023337098,6.439837969490349,0.9948672625191475,61.654135338346,12.110084165788612,13.483146067415316,88.74695944648158
2010-01-20 10:00:00,AAPL,6.445,0.9875881091020534,6.34,0.9900062460961899,6.36,0.9894212818917237,6.43,153279364,6.4730625,0.99945958986731,6.432234353348411,0.9931556058246039,38.27160493827159,11.368537472297536,0.0,86.37901773427757
2010-01-20 11:00:00,AAPL,6.392,0.99177657098526,6.324,0.9974763406940063,6.363,1.0004716981132076,6.363,95021948,6.467875,0.9991986018982514,6.425640605410467,0.9926739631218556,21.495327102803813,11.515390945985295,2.068965517241464,80.93840470745765
2010-01-20 12:00:00,AAPL,6.406,1.0021902377972465,6.349,1.0039531941808981,6.369,1.0009429514380008,6.365,56119980,6.4618125,0.9990626751444639,6.420246262038042,0.9926361072281146,21.12676056338057,12.370566553188969,6.206896551723779,75.72767673810897
2010-01-20 13:00:00,AAPL,6.398,0.9987511707773962,6.343,0.9990549692865017,6.382,1.0020411367561626,6.371,48947304,6.4555625,0.9990327791157667,6.416603760891562,0.993003706141514,17.647058823529235,13.816865571275658,15.172413793103047,71.01503305994802
2010-01-20 14:00:00,AAPL,6.402,1.0006251953735543,6.358,1.0023648116033421,6.381,0.9998433093074273,6.384,52003588,6.449,0.998983434828491,6.413212926520937,0.9934398321634926,24.873096446700345,15.701831340291546,14.482758620689633,66.26407520554189
2010-01-20 15:00:00,AAPL,6.417,1.0023430178069352,6.358,1.0,6.404,1.0036044507130544,6.384,84555800,6.4429375,0.9990599317723678,6.412335504947515,0.9943147007206566,25.128205128205067,17.903610279465745,30.344827586206705,62.39434340477559
2010-01-20 16:00:00,AAPL,6.505,1.0137135733208664,6.359,1.0001572821642026,6.405,1.000156152404747,6.41,6918520,6.4381875,0.9992627586407596,6.411636885428704,0.9951418720775584,31.77570093457919,19.84133224854222,31.034482758620733,58.56292578025453
2010-01-20 17:00:00,AAPL,6.435,0.9892390468870099,6.397,1.0059757823557163,6.417,1.0018735362997657,6.409,1255912,6.434375,0.9994078302317229,6.4121476582450185,0.9959554079847812,31.77570093457946,21.266731496897183,39.31034482758597,55.191278270675966
2010-01-20 18:00:00,AAPL,6.433,0.9996891996891997,6.391,0.9990620603407847,6.414,0.9995324918186068,6.421,630280,6.430125,0.999339485186984,6.412324071745493,0.9965729494699164,32.093023255813804,22.266024959971592,37.24137931034451,52.107264721894786
2010-01-20 19:00:00,AAPL,6.432,0.9998445515311675,6.406,1.0023470505398215,6.423,1.0014031805425632,6.42,223804,6.426375,0.9994168076048288,6.41334082681735,0.9973897594241714,28.019323671497332,22.90365542369664,43.448275862068904,49.433552737837985
2010-01-21 04:00:00,AAPL,6.418,0.9978233830845771,6.399,0.9989072744302218,6.409,0.9978203331776428,6.412,2800,6.4210625,0.9991733286650716,6.4129274147395074,0.9979074384453922,31.753554502369553,23.30654760885768,33.79310344827561,46.142042204948126
2010-01-21 05:00:00,AAPL,6.41,0.9987535057650359,6.391,0.9987498046569776,6.401,0.9987517553440475,6.403,5600,6.414562500000001,0.998987706473812,6.411791470478602,0.9985561533591368,29.77777777777763,23.53817998349064,29.285714285713983,42.63900269127031
2010-01-21 06:00:00,AAPL,6.415,1.000780031201248,6.396,1.0007823501799404,6.406,1.000781127948758,6.409,5600,6.408687500000001,0.9990841152455838,6.411239901861592,0.9994820226416986,31.9047619047617,23.605839155974305,32.857142857142485,39.07432859468131
2010-01-21 07:00:00,AAPL,6.446,1.0048324240062354,6.408,1.00187617260788,6.427,1.003278176709335,6.429,241220,6.4041250000000005,0.9992880757565413,6.412740863589059,1.0006324795192554,43.37349397590348,23.364040314343672,57.26495726495666,36.70015955384558
2010-01-21 08:00:00,AAPL,6.445,0.9998448650325784,6.373,0.994538077403246,6.394,0.9948654115450444,6.439,6738004,6.398937500000001,0.9991899752112896,6.41095601943772,1.001066659291897,78.15126050420164,22.966934635813608,50.0,34.04159970644453
2010-01-21 09:00:00,AAPL,6.458,1.0020170674941815,6.346,0.9957633767456456,6.389,0.9992180168908352,6.396,79151352,6.3965000000000005,0.9996190773858942,6.408864969967461,1.001551424743164,60.402684563758406,22.371532084948402,43.283582089552574,31.012519958983017
2010-01-21 10:00:00,AAPL,6.419,0.9939609786311551,6.285,0.9903876457611094,6.311,0.9877915166692752,6.391,120687140,6.393437499999999,0.9995212225435783,6.399544496637227,1.000475962891773,56.75675675675697,21.61385369734649,0.0,26.626555046702297
2010-01-21 11:00:00,AAPL,6.329,0.9859791244742172,6.255,0.9952267303102625,6.299,0.9980985580732056,6.314,83138132,6.3894375,0.9993743584730437,6.389968830290824,0.9994574640466611,33.33333333333333,20.777968370577543,0.0,25.877491376290337
2010-01-21 12:00:00,AAPL,6.321,0.9987359772475904,6.262,1.001119104716227,6.276,0.9963486267661532,6.302,55812372,6.383625000000001,0.9990902955072338,6.379114655977412,0.9983843892326065,31.69642857142854,19.948700340708044,0.0,25.877491376290337
2010-01-21 13:00:00,AAPL,6.32,0.9998417971839899,6.255,0.9988821462791441,6.31,1.0054174633524537,6.279,50908032,6.379125000000001,0.9992950713740234,6.372532307789087,0.9982623208269731,21.42857142857143,19.137260430509517,22.516556291390632,27.013468641520845
2010-01-21 14:00:00,AAPL,6.352,1.0050632911392405,6.285,1.0047961630695443,6.307,0.9995245641838353,6.312,65403800,6.374500000000001,0.9992749789351988,6.366291135618699,0.9979881465904333,31.51750972762632,18.231186093836058,20.529801324503723,27.809185573341956
2010-01-21 15:00:00,AAPL,6.328,0.9962216624685138,6.263,0.9964996022275259,6.296,0.9982559061360393,6.31,128878792,6.36775,0.9989410934190915,6.359596741750252,0.9976620506314614,27.822580645161338,17.399680804888987,13.245033112583105,27.702108868868624
2010-01-21 16:00:00,AAPL,6.331,1.0004740834386852,6.233,0.9952099632763851,6.255,0.9934879288437103,6.299,11603200,6.358375,0.9985277374268776,6.349635147297848,0.9971552192372263,26.953125000000057,17.099249145894543,0.0,26.897511167719202
2010-01-21 17:00:00,AAPL,6.278,0.9916284947085767,6.242,1.0014439274827531,6.264,1.0014388489208634,6.26,507500,6.3488125,0.9984960780073526,6.341479418983766,0.9973427831771116,20.833333333333243,17.228772045186627,5.232558139535091,25.50238508734856
2010-01-21 18:00:00,AAPL,6.299,1.0033450143357758,6.245,1.00048061518744,6.27,1.0009578544061302,6.27,398272,6.3398125,0.9985824120652483,6.334671855271027,0.997772710293622,24.381625441696144,17.583439986925477,8.720930232557969,24.26274328034507
2010-01-21 19:00:00,AAPL,6.282,0.9973011589141133,6.25,1.00080064051241,6.266,0.9993620414673047,6.275,334460,6.33,0.998452241292625,6.328131678578548,0.9981575446558629,26.69039145907459,18.11189481556282,6.395348837209383,22.434132391990815
2010-01-21 20:00:00,AAPL,6.44,1.0251512257242916,6.421,1.02736,6.431,1.0263325885732524,6.433,262472,6.331375,1.0002172195892576,6.337928661571067,1.0012525531707848,24.999999999999915,18.014377131008352,100.0,25.92072243030501
2010-01-22 04:00:00,AAPL,6.32,0.9813664596273292,6.301,0.9813113222239527,6.311,0.9813403825221583,6.313,2800,6.325749999999999,0.9991115673925488,6.335364027135727,1.0006300412052243,50.4716981132076,17.80950737621907,31.818181818181817,25.2746060945335
2010-01-22 05:00:00,AAPL,6.306,0.9977848101265823,6.281,0.9968259006506903,6.291,0.9968309301220093,6.299,5600,6.3185625000000005,0.9988637710943369,6.33113888169423,1.0008518960904604,41.878669275929525,17.61136811868325,20.454545454545705,24.53357509488184
2010-01-22 06:00:00,AAPL,6.295,0.99825562955915,6.256,0.9960197420792868,6.266,0.9960260689874423,6.289,42448,6.308500000000001,0.998407470053513,6.324935178675731,1.001008564634081,40.684410646387825,17.60155756263178,6.250000000000063,23.253813190119956
2010-01-22 07:00:00,AAPL,6.281,0.9977760127084988,6.246,0.9984015345268542,6.259,0.9988828598787105,6.262,94500,6.300062500000001,0.9986625188238091,6.318655637849471,1.0016098340095854,45.243128964059196,17.664048440033856,2.272727272727525,21.554678990985792
2010-01-22 08:00:00,AAPL,6.303,1.0035026269702276,6.259,1.0020813320525135,6.279,1.0031953986259785,6.286,1942752,6.2931875,0.9989087409847123,6.314878910435235,1.0023517878489672,45.72649572649571,17.681683599798667,13.636363636363637,19.130868233841735
2010-01-22 09:00:00,AAPL,6.302,0.9998413453910836,6.189,0.9888161048090749,6.237,0.9933110367892977,6.277,108908744,6.288562499999999,0.9992650783088854,6.307461871346165,1.0022682259739066,50.3225806451613,17.687067853455556,0.0,16.353090456063956
2010-01-22 10:00:00,AAPL,6.245,0.9909552523008569,6.136,0.9914364194538697,6.178,0.9905403238736572,6.236,138220012,6.280999999999999,0.9987974199190991,6.295132169313197,1.0010447012831942,42.2832980972516,17.736251699535146,0.0,13.948447006644368
2010-01-22 11:00:00,AAPL,6.219,0.9958366693354684,6.161,1.0040743155149934,6.176,0.9996762706377469,6.182,66231228,6.274749999999999,0.9990049355198217,6.283786248426226,1.0004435994947027,37.807183364839254,17.81694066142634,0.0,13.948447006644368
2010-01-22 12:00:00,AAPL,6.202,0.9972664415500884,6.149,0.9980522642428178,6.162,0.9977331606217616,6.18,49627704,6.2655,0.9985258376827764,6.27218755809992,0.9995916264552246,38.46153846153842,17.930536887574853,0.0,13.948447006644368
2010-01-22 13:00:00,AAPL,6.176,0.9958078039342148,6.128,0.996584810538299,6.143,0.9969165855241804,6.164,60658080,6.25525,0.998364057138297,6.259883981138023,0.9991036599055179,40.56795131845839,18.21194787571328,0.0,13.948447006644368
2010-01-22 14:00:00,AAPL,6.166,0.998380829015544,6.043,0.9861292428198434,6.069,0.9879537685170112,6.145,132208048,6.2410625,0.9977319051996323,6.241704554362974,0.9978345476780263,37.97216699801184,18.742019174918845,0.0,12.69752721267822
2010-01-22 15:00:00,AAPL,6.094,0.9883230619526435,5.951,0.9847757736223729,5.979,0.9851705388037568,6.072,268098404,6.223812500000001,0.9972360475479938,6.216685072995071,0.9960940261365867,32.399299474605954,19.57056673375373,0.0,11.556982694650237
2010-01-22 16:00:00,AAPL,6.189,1.0155891040367575,5.963,1.0020164678205346,6.027,1.0080280983442047,5.975,30524424,6.2090000000000005,0.997620027916972,6.198619827947922,0.9959522122409569,28.158295281582923,20.312671418384667,10.619469026548684,11.41111802320388
2010-01-22 17:00:00,AAPL,6.05,0.9775407981903377,5.964,1.000167700821734,6.023,0.9993363198938111,6.03,3926608,6.1935625,0.9975136898051215,6.18189413004812,0.9956344226200868,12.592592592592553,21.03622737132636,9.734513274336194,11.951924316222557
2010-01-22 18:00:00,AAPL,6.037,0.9978512396694215,5.969,1.0008383635144198,6.005,0.9970114560850075,6.029,2717736,6.17725,0.9973662169389589,6.165047070043537,0.9953959566959302,16.03773584905653,21.731189980713573,5.752212389380487,11.980793996769524
2010-01-22 19:00:00,AAPL,6.016,0.996521451051847,5.98,1.0018428547495393,5.998,0.9988343047460451,6.009,1138172,6.1501874999999995,0.9956190052207697,6.149137825277485,0.9954490793277729,16.113744075829302,22.83282602083817,5.722891566265101,11.814236293086587
2010-01-22 20:00:00,AAPL,6.2,1.0305851063829787,6.181,1.0336120401337792,6.191,1.0321773924641546,6.193,14000,6.1426875,0.9987805249839945,6.153124699060581,1.0004775787828553,16.831683168316786,23.52865652373911,67.9487179487178,15.233867910392611
2010-01-25 04:00:00,AAPL,6.125,0.9879032258064516,6.064,0.9810710241061317,6.116,0.9878856404458084,6.076,22400,6.13175,0.998219427571401,6.149589013435763,1.0011235332150241,44.23728813559317,24.053983653155257,45.66666666666655,12.215349391874087
2010-01-25 05:00:00,AAPL,6.152,1.0044081632653061,6.112,1.007915567282322,6.133,1.0027795945062132,6.127,141092,6.1234375,0.9986443511232518,6.148009107394262,1.00265162594598,37.364341085271285,24.33469410616447,51.333333333333336,13.299524476049172
2010-01-25 06:00:00,AAPL,6.146,0.9990247074122236,6.1,0.9980366492146596,6.112,0.9965759008641775,6.139,198016,6.114249999999999,0.9984996172492983,6.144579668594809,1.003452663409206,41.61290322580645,24.43103595616992,44.333333333333364,14.626123802648486
2010-01-25 07:00:00,AAPL,6.127,0.9969085584119752,6.071,0.9952459016393442,6.09,0.9964005235602094,6.111,1432900,6.1024375,0.9980680377805946,6.139381604919113,1.0041103332246988,44.32989690721651,24.48535789227543,43.0232558139534,16.669082458979226
2010-01-25 08:00:00,AAPL,6.132,1.0008160600620206,6.077,1.0009883050568276,6.113,1.003776683087028,6.089,8323840,6.0946875,0.998730015669968,6.136869071117293,1.0056422652615933,42.85714285714283,24.390902040246452,63.207547169811555,20.054350231039454
2010-01-25 09:00:00,AAPL,6.162,1.0048923679060666,6.09,1.002139213427678,6.15,1.0060526746278422,6.114,156797032,6.0929375,0.9997128646874839,6.138119635772789,1.007126228501919,45.990180032733264,24.03005468402434,80.66037735849079,23.777906548935405
2010-01-25 10:00:00,AAPL,6.172,1.0016228497241155,6.09,1.0,6.155,1.0008130081300812,6.154,138782084,6.0916250000000005,0.9997845866628372,6.1397272895087145,1.0076793483453121,50.55643879173295,23.443924360442825,83.01886792452848,28.390065878075877
2010-01-25 11:00:00,AAPL,6.166,0.9990278677900195,6.043,0.9922824302134647,6.075,0.9870024370430545,6.157,132580280,6.086187500000001,0.9991073810354381,6.13356278574598,1.0068844989220411,57.67857142857145,22.748269176948536,45.283018867924625,30.905789148516135
2010-01-25 12:00:00,AAPL,6.138,0.9954589685371391,6.065,1.0036405758729108,6.125,1.008230452674897,6.077,75363708,6.085062500000001,0.9998151552182709,6.132747282341601,1.0076500736038119,58.72727272727272,21.945225544335727,68.86792452830193,34.731784955644024
2010-01-25 13:00:00,AAPL,6.163,1.0040729879439558,6.104,1.0064303380049464,6.147,1.0035918367346939,6.128,71478540,6.089937500000001,1.0008011421411038,6.134104684023353,1.0080594380128967,58.87681159420287,20.872953720762666,79.2452830188681,39.13430067891447
2010-01-25 14:00:00,AAPL,6.191,1.0045432419276326,6.128,1.0039318479685453,6.182,1.0056938343907598,6.15,102761232,6.1026250000000015,1.0020833547142316,6.138666142687796,1.008001501277771,60.87719298245618,19.376280837166927,95.3367875647671,44.43078887695709
2010-01-25 15:00:00,AAPL,6.197,1.0009691487643353,6.112,0.9973890339425587,6.122,0.990294403105791,6.184,193526984,6.108562500000001,1.0009729419716924,6.137078891003244,1.0056457493297135,65.07666098807499,17.774528264316643,64.2487046632124,48.000161358246665
2010-01-25 16:00:00,AAPL,6.307,1.0177505244473133,5.892,0.9640052356020943,6.264,1.0231950343025156,6.142,60517772,6.123625,1.0024658010784042,6.149166615669602,1.0066470819721662,59.68749999999996,16.29419679345597,100.0,53.55571691380222
2010-01-25 17:00:00,AAPL,6.274,0.994767718408118,6.006,1.0193482688391038,6.213,0.9918582375478927,6.113,90976396,6.136625,1.0021229255547166,6.15524598560583,1.0051637691083026,56.19694397283532,14.93231146621521,80.82706766917288,57.456139060614674
2010-01-25 18:00:00,AAPL,6.233,0.9934650940388906,6.13,1.0206460206460206,6.201,0.9980685659101882,6.216,9531984,6.1493125,1.0020675045322143,6.159603510786227,1.0037444867148029,58.58407079646018,13.68394501645311,66.66666666666636,60.61903647129967
2010-01-25 19:00:00,AAPL,6.209,0.9961495267126584,6.171,1.0066884176182709,6.198,0.999516207063377,6.201,3961916,6.149749999999999,1.0000711461647134,6.163260319282777,1.0022681916527705,56.07142857142852,12.905640992714655,65.07936507936518,63.91498939852105
2010-01-26 04:00:00,AAPL,6.267,1.009341278788855,6.202,1.0050234970021066,6.259,1.0098418844788641,6.229,92344,6.158687499999998,1.0014533111102075,6.172378384112989,1.0036795616265686,57.93357933579336,12.182189856451261,97.35449735449741,69.00563416453394
2010-01-26 05:00:00,AAPL,6.268,1.000159565980533,6.227,1.0040309577555628,6.24,0.9969643713053203,6.259,64400,6.165374999999999,1.0010858644800538,6.17881853800699,1.0032687221111627,64.54388984509467,11.564833739814555,87.30158730158729,70.08079357302671
2010-01-26 06:00:00,AAPL,6.251,0.9972878111040205,6.214,0.9979123173277662,6.224,0.9974358974358974,6.242,264684,6.172375,1.0011353729497396,6.1831215343872765,1.0028784192992766,61.00519930675906,11.041198990979813,78.83597883597882,71.9235331379885
2010-01-26 07:00:00,AAPL,6.338,1.013917773156295,6.214,1.0,6.306,1.0131748071979434,6.234,4855508,6.185874999999999,1.002187164584135,6.194824245398012,1.003637051442599,56.65467625899278,10.356189227998625,100.0,74.6272368416922
2010-01-26 08:00:00,AAPL,6.312,0.995897759545598,6.235,1.0033794657225619,6.268,0.9939739930225182,6.296,21239092,6.1955625,1.0015660678562048,6.201793364883915,1.0025733408586361,61.92733017377564,9.563280999825338,83.54978354978343,76.80592852038386
2010-01-26 09:00:00,AAPL,6.279,0.9947718631178707,6.115,0.9807538091419407,6.183,0.9864390555201021,6.27,267494892,6.197625,1.000332899555125,6.200003520609257,1.000716806683696,66.32825719120129,8.992520609287494,46.75324675324663,77.0131502392335
2010-01-26 10:00:00,AAPL,6.294,1.0023889154323937,6.141,1.0042518397383482,6.252,1.0111596312469675,6.188,242015648,6.2036875,1.000978197293318,6.204955566265518,1.0011828024873266,54.6325878594249,8.589999691284422,76.62337662337649,77.75847409776489
2010-01-26 11:00:00,AAPL,6.381,1.0138226882745474,6.233,1.0149812734082397,6.368,1.018554062699936,6.254,184111368,6.221999999999999,1.0029518733817586,6.220483607573564,1.0027074393372593,57.800891530460575,8.055082433834128,100.0,78.83289757784874
2010-01-26 12:00:00,AAPL,6.47,1.0139476571070365,6.347,1.0182897481148725,6.431,1.009893216080402,6.37,282306052,6.2411249999999985,1.0030737704918034,6.240532787804653,1.0029785901325383,62.334217506631276,7.254720913904079,100.0,79.77629380426383
2010-01-26 13:00:00,AAPL,6.461,0.9986089644513139,6.373,1.0040964235071688,6.425,0.9990670191261078,6.433,164633532,6.258499999999999,1.0027839532135634,6.258101093728019,1.0027200374496619,70.40951122853369,6.48298097127989,98.0582524271844,82.70825122422269
2010-01-26 14:00:00,AAPL,6.436,0.9961306299334468,6.284,0.9860348344578691,6.335,0.9859922178988327,6.427,250805100,6.268062499999999,1.0015279220260447,6.265424799087255,1.0011064630641937,62.96296296296292,5.781427834400906,68.93203883495144,82.71181313014768
2010-01-26 15:00:00,AAPL,6.355,0.9874145431945308,6.167,0.9813812858052197,6.225,0.9826361483820046,6.337,327176640,6.274499999999999,1.001027031877873,6.261574818221802,0.9989649621748032,59.242424242424235,5.245523722708145,16.93548387096765,79.25015762193098
2010-01-26 16:00:00,AAPL,6.415,1.0094413847364279,6.135,0.9948110912923626,6.237,1.0019277108433735,6.227,13621832,6.272812499999999,0.9997310542672723,6.259234359343536,0.9975670347188679,51.58311345646438,4.710403797935491,21.774193548387185,75.1633468432432
2010-01-26 17:00:00,AAPL,6.427,1.001870615744349,6.217,1.0133659331703342,6.226,0.9982363315696648,6.24,4147808,6.273624999999999,1.0001295272256265,6.256069182263199,0.9973308116994093,52.5423728813559,4.161794851230945,17.3387096774194,72.55723601069914
2010-01-26 18:00:00,AAPL,6.259,0.9738602769565895,6.215,0.9996783014315587,6.239,1.002088017989078,6.228,2428048,6.276,1.0003785690091456,6.25444354585718,0.996942524594183,47.69874476987446,3.7306649081277117,22.580645161290324,68.25616074188194
2010-01-26 19:00:00,AAPL,6.252,0.9988816104809074,6.225,1.001609010458568,6.243,1.0006411283859593,6.242,1197392,6.278812499999999,1.000448135755258,6.253353684346973,0.9963916004376948,49.929676511954966,3.4068410858603095,24.193548387096953,65.10985411509995
2010-01-27 04:00:00,AAPL,6.278,1.0041586692258477,6.25,1.0040160642570282,6.269,1.004164664424155,6.263,39200,6.279437499999999,1.0000995411154578,6.254843809647261,0.9961826077219638,51.35908440629472,3.115203990833241,34.6774193548388,63.332673708887306
2010-01-27 05:00:00,AAPL,6.295,1.0027078687480089,6.266,1.00256,6.287,1.002871271335141,6.278,63952,6.282375,1.0004677966776483,6.25790630396657,0.996571158478219,47.12286158631417,2.8807685169878128,41.935483870967744,62.046902530642996
2010-01-27 06:00:00,AAPL,6.312,1.002700555996823,6.27,1.000638365783594,6.291,1.0006362334976937,6.287,144144,6.2865625000000005,1.0006665472850635,6.261058084541183,0.9966068699402986,51.52487961476726,2.7474526732438616,43.54838709677437,59.05767418299172
2010-01-27 07:00:00,AAPL,6.306,0.9990494296577946,6.236,0.9945773524720893,6.267,0.9961850262279447,6.283,2141020,6.284125,0.9996122682308495,6.261623981251547,0.9960330436946339,59.96309963099633,2.479900014143953,33.870967741935665,56.08930642967775
2010-01-27 08:00:00,AAPL,6.281,0.9960355217253409,6.216,0.9967928159076331,6.245,0.9964895484282751,6.268,7567168,6.282687500000001,0.9997712489805661,6.260040744941875,0.9961674449413204,51.509054325955795,2.3029464357833334,25.00000000000009,53.09841871656781
2010-01-27 09:00:00,AAPL,6.274,0.9988855277822003,6.15,0.9893822393822395,6.222,0.9963170536429143,6.247,146049736,6.285125,1.0003879709121295,6.256417816852173,0.9958187187970391,34.739454094292824,2.2022578105161372,0.0,47.542863161012264
2010-01-27 10:00:00,AAPL,6.242,0.9948995855913293,6.091,0.9904065040650406,6.165,0.9908389585342333,6.224,186770528,6.2796875,0.9991348620751377,6.247711358104348,0.9940472716301343,21.212121212121374,2.2979384465441353,0.0,42.901208519357624
2010-01-27 11:00:00,AAPL,6.181,0.9902274911887216,6.106,1.0024626498111968,6.146,0.9969180859691809,6.169,82301296,6.2658125,0.9977904951480469,6.2380245620944095,0.9933654440757458,18.599033816425248,2.7164617854919317,0.0,40.30380592195503
2010-01-27 12:00:00,AAPL,6.215,1.0055007280375343,6.116,1.0016377333770061,6.186,1.0065082980800522,6.148,117338256,6.250500000000001,0.9975561828573709,6.233069841894942,0.9947743954826197,22.448979591836874,3.5050646730365997,14.33691756272403,36.84344708525211
2010-01-27 13:00:00,AAPL,6.212,0.9995172968624296,6.023,0.9847939829954219,6.128,0.9906239896540576,6.19,365034544,6.2319375,0.9970302375809934,6.2230631902859,0.9956104616088152,42.857142857142954,4.745628728850225,0.0,31.287891529696555
2010-01-27 14:00:00,AAPL,6.375,1.0262395363811978,6.115,1.015274780009962,6.339,1.0344321148825066,6.129,491045380,6.232187499999999,1.0000401159350523,6.2341047912110525,1.000347771653848,32.91536050156745,5.817870117412033,100.0,31.287891529696555
2010-01-27 15:00:00,AAPL,6.35,0.9960784313725489,6.201,1.014063777596075,6.288,0.9919545669663985,6.341,288462216,6.2361249999999995,1.0006318006318007,6.239237668238571,1.0011312509834744,60.886319845857436,6.547829173934627,75.82938388625588,30.052954388533863
2010-01-27 16:00:00,AAPL,6.308,0.9933858267716535,6.131,0.9887114981454606,6.279,0.9985687022900763,6.286,22564024,6.23875,1.0004209344745334,6.243024556977755,1.0011063852917885,54.398563734290875,7.19448732772886,71.56398104265384,30.199173400072887
2010-01-27 17:00:00,AAPL,6.291,0.9973050095117312,6.26,1.02104061327679,6.273,0.9990444338270424,6.279,1079428,6.241687499999999,1.000470847525546,6.2458793610751115,1.001142754730533,53.202846975088924,7.794474842400417,68.72037914691913,33.07611202651463
2010-01-27 18:00:00,AAPL,6.297,1.0009537434430138,6.262,1.0003194888178912,6.275,1.000318826717679,6.278,482048,6.2439374999999995,1.0003604794376522,6.248652755258434,1.0011159250216284,50.369003690036855,8.333304232829823,69.66824644549764,35.736892743020775
2010-01-27 19:00:00,AAPL,6.289,0.9987295537557567,6.248,0.9977642925582882,6.261,0.9977689243027889,6.276,777112,6.2450624999999995,1.0001801747695265,6.249828683329059,1.0009435045320456,48.859315589353656,8.842568882895861,63.033175355450155,38.275474169578025
2010-01-28 04:00:00,AAPL,6.312,1.003657179201781,6.291,1.0068822023047375,6.301,1.00638875578981,6.306,12600,6.2470625,1.00032025299987,6.254702142059625,1.0015435621436337,47.20149253731343,9.32940908807623,81.99052132701412,41.576022845451575
2010-01-28 05:00:00,AAPL,6.314,1.000316856780735,6.263,0.9955491972659354,6.275,0.9958736708458975,6.307,61320,6.2463125,0.9998799435734795,6.25663527138728,1.0015323636328721,53.0797101449275,9.879167217703749,69.66824644549764,44.10239495980717
2010-01-28 06:00:00,AAPL,6.28,0.9946151409566044,6.248,0.9976049816381926,6.258,0.9972908366533864,6.271,116200,6.24425,0.9996698051850592,6.256765245540873,1.0016734266082385,52.69784172661872,10.539668740259433,61.6113744075828,45.59872579607073
2010-01-28 07:00:00,AAPL,6.282,1.0003184713375797,6.237,0.9982394366197183,6.264,1.0009587727708533,6.26,595756,6.244062499999999,0.9999699723745845,6.257454269775076,1.0021146286223448,53.272727272727224,11.233330047410837,64.45497630331751,46.84980870897905
2010-01-28 08:00:00,AAPL,6.281,0.9998408150270613,6.204,0.9947089947089947,6.213,0.9918582375478927,6.266,8509452,6.242062499999999,0.9996796957109254,6.253220529796497,1.0014666781116457,59.91983967935869,11.96791165692671,40.284360189573384,46.66847388080121
2010-01-28 09:00:00,AAPL,6.231,0.9920394841585735,6.048,0.9748549323017408,6.114,0.9840656687590535,6.217,199952816,6.235312499999999,0.9989186266558528,6.239961431720641,0.9996634015953286,56.308851224105446,12.880733268961828,0.0,44.78675345069368
2010-01-28 10:00:00,AAPL,6.138,0.9850746268656716,6.024,0.996031746031746,6.05,0.9895322211318286,6.116,231104552,6.2281249999999995,0.9988472911341654,6.221869866794865,0.9978441123512038,43.898305084745786,13.857022951093418,0.0,43.39786456180478
2010-01-28 11:00:00,AAPL,6.091,0.9923427826653634,6.007,0.9971779548472774,6.064,1.0023140495867768,6.052,189468972,6.222999999999999,0.9991771199197189,6.20683464138583,0.9965815781452413,43.456375838926185,14.895830078473475,4.844290657439518,43.666991820551424
2010-01-28 12:00:00,AAPL,6.082,0.9985224101132818,6.011,1.000665889795239,6.046,0.9970316622691293,6.066,95843552,6.214250000000001,0.9985939257592804,6.191517056491941,0.9949408736127177,15.538847117794674,16.05552820639049,0.0,43.666991820551424
2010-01-28 13:00:00,AAPL,6.06,0.996382768826044,5.998,0.9978372982864748,6.039,0.9988422097254382,6.049,119567812,6.208687500000002,0.9991048799131031,6.176991622540327,0.994004364571803,16.939890710382727,17.168545516885136,0.0,43.666991820551424
2010-01-28 14:00:00,AAPL,6.098,1.0062706270627064,6.0,1.0003334444814937,6.067,1.0046365292266932,6.041,118813408,6.1916875000000005,0.9972619011667118,6.1665162299174385,0.9932076996816859,17.03296703296725,18.580329470203488,10.68702290076352,43.46421989488695
2010-01-28 15:00:00,AAPL,6.106,1.001311905542801,6.006,1.0010000000000001,6.025,0.9930773034448657,6.069,181820716,6.175250000000002,0.9973452310052795,6.153038493734825,0.9937579203948559,23.316062176166056,20.20846228897715,0.0,43.46421989488695
2010-01-28 16:00:00,AAPL,6.083,0.9962332132328857,5.997,0.9985014985014985,6.044,1.0031535269709542,6.028,15228248,6.1605625,0.9976215537832474,6.14265387528389,0.9947214890545141,20.65727699530531,21.910172958671854,6.884057971014222,38.29111200438774
2010-01-28 17:00:00,AAPL,6.058,0.9958901857636034,6.016,1.0031682507920627,6.028,0.9973527465254798,6.044,1382612,6.145250000000001,0.9975144315149794,6.131734458590186,0.9953205504513891,24.825986078886302,23.664848150137043,1.0869565217388506,34.13875492858124
2010-01-28 18:00:00,AAPL,6.038,0.9966985803895676,5.994,0.9963430851063829,6.01,0.9970139349701393,6.032,990192,6.128687500000001,0.9973048289329156,6.120140700629216,0.9959140312646704,16.461916461916474,25.508664275923653,0.0,30.162978203989365
2010-01-28 19:00:00,AAPL,6.02,0.9970188804239813,5.992,0.9996663329996663,6.002,0.9986688851913478,6.009,635684,6.112500000000001,0.9973587330076791,6.108889205331195,0.9967695702107824,16.791979949874687,27.39396786904012,0.0,26.345179362493848
2010-01-29 04:00:00,AAPL,6.042,1.003654485049834,6.024,1.0053404539385848,6.034,1.0053315561479508,6.036,3500,6.095812500000001,0.9972699386503068,6.101756900061558,0.9982424376378826,17.179487179487197,29.303239597080882,11.721611721611707,23.125921877833516
2010-01-29 05:00:00,AAPL,6.04,0.9996689837802053,6.022,0.999667994687915,6.031,0.9995028173682465,6.034,5600,6.080562500000001,0.9974982826325449,6.095018147674743,0.9998696888519361,22.355769230769198,31.185456523361427,11.068702290076285,20.23900670753497
2010-01-29 06:00:00,AAPL,6.055,1.0024834437086092,6.037,1.002490866821654,6.046,1.0024871497264136,6.048,33600,6.067312500000002,0.9978209252844619,6.090349752658101,1.001609596588819,25.271739130434753,32.94551336588526,16.79389312977115,16.61697180768814
2010-01-29 07:00:00,AAPL,6.071,1.0026424442609414,6.034,0.9995030644359781,6.063,1.0028117763810782,6.055,406196,6.05475,0.9979294786612687,6.087745014309711,1.0033676383587806,38.0281690140846,34.5180758620565,28.909952606635002,14.35262214997355
2010-01-29 08:00:00,AAPL,6.138,1.0110360731345742,6.034,1.0,6.089,1.004288306119083,6.059,8703072,6.047000000000001,0.9987200132127669,6.087864536756404,1.005469183163038,52.74261603375525,35.57786930333917,77.67857142857193,15.24524420669517
2010-01-29 09:00:00,AAPL,6.122,0.9973932877158683,6.034,1.0,6.069,0.996715388405321,6.09,134432620,6.0441875000000005,0.9995348933355382,6.086067914208176,1.00646071013861,55.0200803212852,35.925914970383275,77.0114942528732,15.942828537226042
2010-01-29 10:00:00,AAPL,6.089,0.9946096047043451,5.98,0.9910507126284389,5.993,0.987477343878728,6.073,173658660,6.040625,0.9994105907535131,6.077204303331206,1.0054625709958875,54.58167330677283,35.72400623091806,0.0,13.704808526694187
2010-01-29 11:00:00,AAPL,6.006,0.9863688618820824,5.859,0.9797658862876254,5.896,0.9838144501918905,5.995,242544764,6.030125,0.9982617692705639,6.059946750632996,1.0031986343520738,42.81250000000011,35.30046584195609,0.0,13.704808526694187
2010-01-29 12:00:00,AAPL,5.933,0.9878454878454878,5.875,1.002730841440519,5.902,1.0010176390773406,5.898,92434272,6.021125,0.998507493625754,6.044904202953663,1.0024508949571795,28.020565552699196,34.70683597961601,3.10880829015555,13.877520098369494
2010-01-29 13:00:00,AAPL,5.921,0.9979774144614867,5.799,0.9870638297872341,5.827,0.9872924432395798,5.904,136892672,6.007875,0.9977994145612324,6.0241514217199805,1.0005026339297027,32.57790368271955,34.13469611700939,0.0,13.608392839622857
2010-01-29 14:00:00,AAPL,5.844,0.9869954399594664,5.743,0.9903431626142438,5.769,0.9900463360219668,5.829,188732684,5.98925,0.9968999022116805,5.999851286318078,0.9986644672730505,23.471882640586955,33.87632440905639,0.0,13.608392839622857
2010-01-29 15:00:00,AAPL,5.85,1.0010266940451744,5.749,1.0010447501305937,5.808,1.0067602704108163,5.771,236252744,5.975687500000001,0.9977355261510208,5.9815797352401665,0.9987193280026992,21.28603104212874,33.868439913866716,12.187499999999895,14.285476172956184
2010-01-29 16:00:00,AAPL,6.063,1.0364102564102564,5.778,1.0050443555400939,5.788,0.9965564738292012,5.806,19911052,5.9596875,0.9973224838146237,5.963143569979199,0.9979008390213172,28.6016949152543,33.16563146825354,5.937500000000035,14.021613789580435
2010-01-29 17:00:00,AAPL,6.042,0.9965363681345869,5.779,1.0001730702665284,5.789,1.0001727712508637,6.027,825216,5.944750000000001,0.9974935766346811,5.946558468076417,0.9977970267864577,27.892561983471168,31.999837029356982,6.2499999999998614,14.36883601180265
2010-01-29 18:00:00,AAPL,5.815,0.9624296590532937,5.765,0.9975774355424813,5.784,0.9991362929694247,5.792,1037708,5.930625000000002,0.9976239539089113,5.931076709211997,0.9976999384687322,22.9580573951435,30.51732762738631,4.687499999999896,14.246805013412963
2010-01-29 19:00:00,AAPL,5.796,0.9967325881341358,5.767,1.0003469210754554,5.787,1.0005186721991701,5.782,462868,5.917187500000002,0.9977342185688692,5.917355117858474,0.9977624816707298,22.857142857142875,28.835029886903218,5.624999999999931,14.498918539983022
2010-02-01 04:00:00,AAPL,5.85,1.0093167701863353,5.808,1.0071094156407143,5.835,1.0082944530844997,5.819,19600,5.90475,0.9978980723527856,5.909511773300524,0.9987028082683745,20.767494356659085,26.949615142307227,20.62499999999993,15.644751873316352
2010-02-01 05:00:00,AAPL,5.856,1.001025641025641,5.827,1.003271349862259,5.848,1.0022279348757497,5.843,36400,5.8933125,0.9980630001270164,5.903653509176665,0.9998143035990795,25.94936708860763,24.935433445819278,24.687499999999897,17.016279651094123
2010-02-01 06:00:00,AAPL,5.858,1.0003415300546448,5.832,1.0008580744808648,5.849,1.000170998632011,5.852,41440,5.881,0.9979107675012991,5.898448413064601,1.0008714815419344,23.861171366594263,22.90065532917779,25.0,17.753967888782363
2010-02-01 07:00:00,AAPL,5.856,0.9996585865483101,5.803,0.9950274348422496,5.834,0.9974354590528295,5.848,685076,5.866687500000001,0.9975663152525083,5.892310468963211,1.0019232220648207,25.11312217194569,20.985351255857374,20.312499999999826,18.267512206000337
2010-02-01 08:00:00,AAPL,5.839,0.9970969945355193,5.778,0.99569188350853,5.79,0.9924580047994516,5.823,4800012,5.848000000000001,0.9968146419934587,5.8825666147762385,1.0027066576796937,29.133858267716462,19.412047581554372,6.999999999999973,17.723407032124165
2010-02-01 09:00:00,AAPL,5.934,1.0162699092310328,5.774,0.9993077189338873,5.871,1.0139896373056996,5.793,144996460,5.835625,0.9978838919288645,5.881465032416596,1.0057224747634397,33.841463414634134,17.90187135052325,45.535714285714384,18.647060458739684
2010-02-01 10:00:00,AAPL,5.914,0.9966295921806538,5.788,1.0024246622791826,5.81,0.9896099471980921,5.873,193255664,5.824187500000001,0.9980400556924066,5.87465883885311,1.0066888874547473,46.15384615384619,16.35533749848013,30.82706766917254,16.04419913877305
2010-02-01 11:00:00,AAPL,5.888,0.9956036523503551,5.786,0.9996544574982722,5.833,1.0039586919104992,5.813,96699792,5.82025,0.999323940034554,5.870691330390909,1.0079846039281717,47.814910025706894,14.551218971750586,48.12030075187974,14.439132833162306
2010-02-01 12:00:00,AAPL,5.891,1.0005095108695652,5.819,1.005703422053232,5.869,1.0061717812446425,5.836,54933424,5.8181875000000005,0.9996456337786179,5.870530251306061,1.0086388473529593,59.03954802259886,13.120035565759732,98.03921568627386,19.885755926844187
2010-02-01 13:00:00,AAPL,5.898,1.0011882532676963,5.847,1.0048118233373433,5.88,1.0018742545578463,5.871,54201336,5.8215,1.0005693353815084,5.871432132134054,1.0091514122111145,58.68945868945866,12.413727523109124,100.0,25.44131148239974
2010-02-01 14:00:00,AAPL,5.891,0.9988131570023737,5.834,0.9977766375919274,5.846,0.9942176870748299,5.882,53527264,5.8263125,1.0008266769732888,5.869010024311763,1.0081611310335417,63.45029239766071,12.412529217793537,64.58333333333357,28.856562873687405
2010-02-01 15:00:00,AAPL,5.895,1.0006790018672551,5.812,0.9962290023997259,5.887,1.0070133424563803,5.848,122338944,5.831250000000001,1.0008474485362742,5.870723355329691,1.0076224636645719,57.60000000000001,12.922709642600948,100.0,34.41211842924296
2010-02-01 16:00:00,AAPL,5.898,1.0005089058524173,5.849,1.0063661390227117,5.887,1.0,5.889,13125420,5.8374375,1.0010610932475883,5.872273511964959,1.0070351145920615,62.53041362530407,13.417636668901748,100.0,39.967673984798516
2010-02-01 17:00:00,AAPL,5.895,0.9994913530010173,5.828,0.9964096426739614,5.883,0.9993205367759471,5.839,511672,5.8433125,1.001006434758402,5.873295082254011,1.0061426922779064,62.25490196078423,13.832675367586882,96.11650485436935,44.630396476707936
2010-02-01 18:00:00,AAPL,5.896,1.0001696352841392,5.873,1.0077213452299245,5.886,1.0005099439061704,5.884,400568,5.8496875,1.0010909907693624,5.874505074420296,1.0053381663945402,56.59340659340659,14.226284970879108,99.00000000000055,49.80053536559686
2010-02-01 19:00:00,AAPL,5.902,1.0010176390773406,5.877,1.0006810829218458,5.892,1.001019367991845,5.888,274568,5.856249999999999,1.0011218547999359,5.876171257808839,1.0045273799341998,55.367231638418104,14.615040297954362,100.0,55.00886869893019
2010-02-02 05:00:00,AAPL,5.907,1.0008471704506947,5.885,1.0013612387272417,5.899,1.0011880515953835,5.896,11200,5.86025,1.00068303094984,5.878345423731807,1.0037729645646631,55.98885793871867,14.871835908886814,100.0,60.304007587819086
2010-02-02 06:00:00,AAPL,5.927,1.0033858134416793,5.908,1.0039082412914189,5.918,1.0032208848957451,5.92,11424,5.864625,1.000746555181093,5.882122050043064,1.0037322725213198,59.25925925925931,15.052249095888808,100.0,65.54706314337464
2010-02-02 07:00:00,AAPL,5.934,1.0011810359372364,5.897,0.9981381178063642,5.91,0.9986481919567421,5.92,186536,5.8684375,1.0006500841912311,5.884777092896106,1.0034362116752742,69.63190184049078,15.137281688863151,93.75,69.60956314337464
2010-02-02 08:00:00,AAPL,5.933,0.9998314796090326,5.882,0.9974563337290147,5.905,0.9991539763113367,5.91,3389568,5.8728750000000005,1.0007561637999896,5.8867030840488574,1.0031125123252753,57.707509881422865,15.199267030174967,89.84375000000009,73.22935481004133
2010-02-02 09:00:00,AAPL,5.938,1.0008427439743806,5.866,0.9972798367902074,5.887,0.9969517358171041,5.906,95856628,5.878937500000001,1.0010322882744824,5.886731361758491,1.0023593830548905,74.11167512690382,15.295907206139496,71.2962962962959,75.80137127094665
2010-02-02 10:00:00,AAPL,5.916,0.9962950488379927,5.837,0.995056256392772,5.862,0.9957533548496689,5.891,137402300,5.878375,0.9999043194454779,5.884375993971968,1.0009250811004484,64.06249999999989,14.99251930735737,48.14814814814836,77.34779616806601
2010-02-02 11:00:00,AAPL,5.912,0.9993238674780256,5.844,1.0011992461881105,5.893,1.0052882975093824,5.865,77020720,5.8835625,1.0008824717715354,5.8851973278794,1.0011605805821167,48.066298342541515,14.340224076052625,70.58823529411721,80.88047590662808
2010-02-02 12:00:00,AAPL,5.915,1.0005074424898512,5.876,1.0054757015742641,5.907,1.0023756999830307,5.895,47729752,5.8881875,1.0007860883605808,5.887273772843266,1.0006307866778446,53.23383084577114,13.408698581784396,84.72222222222207,83.05750412532296
2010-02-02 13:00:00,AAPL,5.934,1.0032121724429417,5.879,1.000510551395507,5.909,1.0003385813441679,5.908,62736912,5.8906875,1.0004245788708326,5.8893429373343835,1.0001962297115001,66.85082872928183,12.310799683568696,87.49999999999953,86.20600036592445
2010-02-02 14:00:00,AAPL,5.927,0.9988203572632287,5.884,1.0008504847763227,5.906,0.9994922998815366,5.912,53537848,5.8923125,1.000275859142078,5.890929324254919,1.0000410519578433,57.746478873239546,11.045788726402021,83.33333333333272,88.16227995378296
2010-02-02 15:00:00,AAPL,5.944,1.0028682301332883,5.888,1.000679809653297,5.92,1.0023704707077548,5.908,97080116,5.8969375,1.0007849210305801,5.893697960040164,1.0002351301021737,56.551724137931096,9.79534720317772,100.0,88.27121241565663
2010-02-02 16:00:00,AAPL,5.931,0.9978129205921938,5.886,0.9996603260869565,5.918,0.9996621621621622,5.923,28322196,5.898875000000001,1.000328560375619,5.896012440036339,0.999843128748836,61.935483870967694,8.64689226717876,96.5517241379314,88.0796415344306
2010-02-02 17:00:00,AAPL,5.929,0.9996627887371439,5.878,0.9986408426775399,5.916,0.9996620479891856,5.889,185472,5.900687500000002,1.0003072619779196,5.897916017175735,0.9998374295396553,60.389610389610404,7.727697784145267,93.1034482758628,89.66409236457112
2010-02-02 18:00:00,AAPL,5.93,1.0001686625063249,5.906,1.0047635250085063,5.921,1.000845165652468,5.917,210308,5.903062500000002,1.000402495471926,5.900114491730427,0.9999028912699454,58.00000000000003,6.892182203488728,100.0,89.66409236457112
2010-02-02 19:00:00,AAPL,5.928,0.9996627318718382,5.906,1.0,5.915,0.9989866576591792,5.922,179004,5.904875000000001,1.0003070440131712,5.901532159184672,0.9997407547666437,57.43243243243252,6.137344477554387,89.83050847457591,89.09912061315866
2010-02-03 04:00:00,AAPL,5.935,1.0011808367071524,5.917,1.0018625126989502,5.927,1.0020287404902788,5.929,5600,5.9070625,1.000370456614238,5.903957667833751,0.999844648334427,48.88888888888885,5.448450585307715,100.0,89.31487034347147
2010-02-03 05:00:00,AAPL,5.922,0.9978096040438079,5.904,0.9978029406793983,5.914,0.9978066475451325,5.916,2800,5.908,1.0001587083258388,5.904914080421013,0.9996362964537809,56.11510791366889,4.930847327264418,80.0,88.2593147879159
2010-02-03 06:00:00,AAPL,5.929,1.0011820330969268,5.912,1.0013550135501355,5.921,1.0011836320595198,5.923,2800,5.908187500000002,1.000031736628301,5.906446072761868,0.9997369791404651,53.061224489795734,4.6434165455643965,90.76923076923171,87.74649427509543
2010-02-03 07:00:00,AAPL,5.929,1.0,5.898,0.9976319350473613,5.914,0.9988177672690423,5.923,34188,5.908437500000001,1.0000423141614918,5.9071654944035945,0.9998270187605915,62.50000000000033,4.61656488406279,80.0,86.63538316398432
2010-02-03 08:00:00,AAPL,5.919,0.9983133749367514,5.875,0.9961003730077993,5.889,0.9957727426445723,5.913,1670648,5.9074375,0.9998307505156819,5.9054354473175374,0.9994919041315977,72.03389830508452,4.857078590938096,41.538461538462066,83.3875199161211
2010-02-03 09:00:00,AAPL,6.004,1.0143605338739652,5.869,0.9989787234042553,5.976,1.0147733061640345,5.892,99969184,5.913,1.000941609623462,5.912155880906344,1.0007987187179455,48.214285714285914,4.670273866524604,100.0,83.73474213834331
2010-02-03 10:00:00,AAPL,6.01,1.0009993337774816,5.935,1.0112455273470777,5.977,1.0001673360107095,5.978,114624552,5.9201875,1.0012155420260442,5.918331511296215,1.000901659275531,68.64864864864867,4.310023150759893,100.0,84.29897824945442
2010-02-03 11:00:00,AAPL,6.04,1.004991680532446,5.965,1.0050547598989048,5.996,1.0031788522670235,5.981,100382352,5.926625,1.001087381100683,5.9257285102203845,1.000935951812402,68.47826086956533,4.6811724721287495,100.0,85.89362845521576
2010-02-03 12:00:00,AAPL,6.052,1.0019867549668873,5.984,1.0031852472757754,6.021,1.0041694462975317,5.999,64734768,5.93375,1.0012022019277413,5.93480198543749,1.0013797035306757,72.50000000000017,5.645963000071941,100.0,88.77428689142975
2010-02-03 13:00:00,AAPL,6.061,1.0014871116986122,6.01,1.0043449197860963,6.04,1.0031556219897027,6.024,61701528,5.941937500000001,1.0013798188329472,5.944820843967253,1.0018657415575738,73.93364928909959,6.985322765986869,100.0,90.40827381953436
2010-02-03 14:00:00,AAPL,6.05,0.9981851179673321,6.007,0.9995008319467554,6.037,0.9995033112582782,6.041,59847172,5.950125000000001,1.0013779175563526,5.953599811208468,1.0019627118609826,76.75438596491227,8.564688655746203,98.01324503311251,91.14666397569493
2010-02-03 15:00:00,AAPL,6.057,1.0011570247933885,6.01,1.0004994173464292,6.023,0.9976809673678979,6.038,94186512,5.9565625,1.0010819100439066,5.960209352998137,1.0016948136380557,76.41921397379902,10.252955545846723,88.74172185430439,91.21564852315632
2010-02-03 16:00:00,AAPL,6.044,0.9978537229651642,5.97,0.9933444259567388,6.033,1.001660302174996,6.025,8387204,5.96375,1.0012066523267404,5.967141795569743,1.0017760739637573,71.42857142857127,11.711712276792197,95.36423841059624,91.88403213855983
2010-02-03 17:00:00,AAPL,6.053,1.0014890800794176,6.023,1.0088777219430485,6.042,1.0014917951268025,6.037,761796,5.971625,1.0013204778872353,5.974271148372625,1.0017641833364284,74.38016528925618,13.072232054202596,100.0,91.88403213855983
2010-02-03 18:00:00,AAPL,6.055,1.0003304146704113,6.013,0.9983396978250042,6.047,1.0008275405494869,6.047,571088,5.979500000000001,1.0013187365248153,5.98119770567047,1.0016030319503435,74.0585774058577,14.267652841096538,100.0,92.07560301978589
2010-02-03 19:00:00,AAPL,6.058,1.0004954582989265,6.034,1.0034924330616997,6.047,1.0,6.049,374752,5.98775,1.0013797140229115,5.987464590844711,1.0013319827485092,78.7878787878787,15.331211388266993,100.0,92.45874478223794
2010-02-04 04:00:00,AAPL,6.046,0.9980191482337406,6.028,0.9990056347364932,6.038,0.9985116586737226,6.04,3640,5.9946874999999995,1.0011586155066594,5.992277486954738,1.000756124914156,78.12499999999986,16.206281888856005,94.30379746835476,92.14228908603542
2010-02-04 05:00:00,AAPL,6.037,0.9985114125041349,5.995,0.9945255474452556,6.004,0.9943689963564093,6.02,40992,6.0003125,1.0009383308137414,5.993393916768573,0.9997842117322335,77.43362831858431,16.792262580326387,72.78481012658209,91.1953058444802
2010-02-04 06:00:00,AAPL,6.013,0.9960245154878251,5.99,0.9991659716430359,6.0,0.999333777481679,6.006,15400,6.00525,1.000822873808656,5.994023067552519,0.9989518158516776,74.4680851063828,17.0913768405864,70.2531645569621,89.54270387542255
2010-02-04 07:00:00,AAPL,6.031,1.0029935140528854,5.971,0.9968280467445743,5.985,0.9975,6.025,488124,6.0096875,1.0007389367636652,5.993163727785612,0.9979873823380562,57.89473684210526,17.216330122931325,60.75949367088633,88.47378685713845
2010-02-04 08:00:00,AAPL,6.004,0.9955231304924557,5.941,0.9949757159604756,5.963,0.9963241436925647,5.989,4358452,6.014312499999999,1.0007695907649106,5.99029099180603,0.9967724597670062,52.40963855421688,17.16927353159289,0.0,83.43105181440336
2010-02-04 09:00:00,AAPL,6.006,1.0003331112591607,5.892,0.9917522302642654,5.912,0.9914472580915646,5.965,110272820,6.0103124999999995,0.9993349198266636,5.982834706872122,0.9947661859725652,40.23668639053241,16.40117061077774,0.0,78.9866073699589
2010-02-04 10:00:00,AAPL,5.938,0.9886779886779886,5.868,0.9959266802443992,5.885,0.9954330175913396,5.914,120863960,6.0045625000000005,0.9990433109759269,5.973517115741444,0.9938779582162233,22.0512820512821,14.938923004748112,0.0,76.67891506226657
2010-02-04 11:00:00,AAPL,5.911,0.9954530144829908,5.808,0.9897750511247443,5.836,0.9916737468139338,5.886,103676440,5.9945625,0.9983345997314541,5.960420247575592,0.9926485480958174,11.82266009852215,13.816958265577092,0.0,71.12335950671101
2010-02-04 12:00:00,AAPL,5.87,0.9930637793943496,5.812,1.0006887052341598,5.851,1.002570253598355,5.837,80181164,5.983937500000001,0.9982275603932732,5.949999271616012,0.9925660582596332,9.63855421686749,13.821396059315079,7.109004739336362,65.96274865889637
2010-02-04 13:00:00,AAPL,5.882,1.0020442930153322,5.831,1.0032690984170682,5.846,0.9991454452230388,5.853,55482672,5.9718125,0.9979737422056965,5.940094579081155,0.992673232145415,15.599999999999937,14.660029086943071,4.739336492890907,60.6704895751681
2010-02-04 14:00:00,AAPL,5.876,0.9989799387963278,5.822,0.9984565254673298,5.855,1.0015395141977421,5.848,73748780,5.960437500000001,0.9980952181603158,5.931990333454378,0.9933316448656714,11.836734693877233,16.13600942468693,9.004739336492976,55.61519731608437
2010-02-04 15:00:00,AAPL,5.867,0.9984683458134785,5.783,0.9933012710408795,5.805,0.991460290350128,5.858,183272096,5.9468125,0.9977140939738063,5.919896015982532,0.9931982368714597,11.83673469387756,18.22760424629913,0.0,50.05964176052882
2010-02-04 16:00:00,AAPL,5.878,1.001874893471962,5.793,1.0017292062943108,5.806,1.0001722652885445,5.807,12851468,5.932625000000001,0.9976142681478525,5.9090487763651485,0.9936497537740006,8.275862068965523,20.563144442134764,0.4132231404960058,44.637418322050124
2010-02-04 17:00:00,AAPL,5.816,0.9894521946240217,5.789,0.9993095114793715,5.801,0.9991388219083707,5.808,893648,5.917562500000001,0.9974610733022903,5.898758416711325,0.9942914673877624,8.591065292096317,23.11308454811351,0.0,39.707322663477655
2010-02-04 18:00:00,AAPL,5.815,0.9998280605226961,5.792,1.0005182242183452,5.802,1.0001723840717116,5.806,550900,5.902249999999999,0.9974123636210007,5.889543329405485,0.9952650824398532,8.710801393728318,25.77734487230141,0.40650406504042585,34.431892977613444
2010-02-04 19:00:00,AAPL,5.812,0.9994840928632845,5.788,0.9993093922651934,5.801,0.9998276456394348,5.803,549220,5.886874999999999,0.9973950612054725,5.881110631366868,0.9964184220198855,10.236220472440877,28.52024472102852,0.0,28.87633742205789
2010-02-05 04:00:00,AAPL,5.816,1.0006882312456984,5.791,1.0005183137525915,5.8,0.9998276159282882,5.807,30800,5.872,0.9974731924832786,5.8733858093319276,0.9977085991008691,10.358565737051748,31.245845153399877,0.0,23.320781866502333
2010-02-05 05:00:00,AAPL,5.796,0.9965612104539203,5.764,0.9953375928164393,5.773,0.9953448275862069,5.79,20020,5.8575625,0.9975412976839237,5.86382525606222,0.9986078433348468,10.970464135021004,33.907466219421735,0.0,17.765226310946776
2010-02-05 06:00:00,AAPL,5.78,0.9972394755003451,5.741,0.9960097154753642,5.771,0.9996535596743461,5.753,174832,5.8432499999999985,0.9975565775013068,5.854984755484865,0.9995599288073946,10.743801652892486,36.517108726332175,0.0,12.526126451593733
2010-02-05 07:00:00,AAPL,5.803,1.0039792387543252,5.762,1.0036578993206757,5.784,1.0022526425229596,5.788,328888,5.8306875,0.9978500834295985,5.848224302581544,1.000851290391742,13.471502590673495,38.97913859762722,6.770833333333275,8.858683296413243
2010-02-05 08:00:00,AAPL,5.866,1.010856453558504,5.744,0.9968760846928151,5.858,1.0127939142461964,5.778,12866868,5.824125,0.998874489500595,5.849155321383302,1.0031673488560828,21.78770949720662,40.8479478550649,61.70212765957428,8.383625691002809
2010-02-05 09:00:00,AAPL,5.873,1.0011933174224346,5.761,1.0029596100278553,5.821,0.993683851143735,5.861,149169048,5.818437500000001,0.9990234584594253,5.84647386220394,1.0038372909585456,55.39215686274494,42.107693910637934,43.85964912280691,7.44474543833173
2010-02-05 10:00:00,AAPL,5.904,1.0052783926443043,5.783,1.0038187814615518,5.859,1.0065280879573957,5.823,163302272,5.8168125,0.999720715398249,5.847666827708326,1.0050235699375176,43.36283185840702,42.62958743001581,100.0,13.000300993887286
2010-02-05 11:00:00,AAPL,5.875,0.9950880758807589,5.805,1.0038042538474838,5.844,0.9974398361495136,5.862,86545088,5.8173125,1.000085957730286,5.84731760602182,1.005244299351547,52.50965250965248,42.42326571102086,82.95454545454584,17.608886852473162
2010-02-05 12:00:00,AAPL,5.876,1.0001702127659575,5.832,1.0046511627906978,5.861,1.0029089664613278,5.847,55351632,5.817937499999999,1.000107437927737,5.848620691162599,1.005381899487538,47.92452830188676,41.625097076076095,100.0,23.16444240802872
2010-02-05 13:00:00,AAPL,5.87,0.9989788972089857,5.777,0.9905692729766804,5.795,0.9887391230165501,5.863,80858848,5.814749999999999,0.9994521254310483,5.843513958670923,1.0043961384375346,62.06896551724147,40.594370823630925,26.666666666666732,24.645923889510204
2010-02-05 14:00:00,AAPL,5.858,0.9979557069846677,5.78,1.000519300675091,5.85,1.009490940465919,5.797,96273408,5.814437499999999,0.9999462573627412,5.844131676892739,1.005052956170556,48.14814814814812,39.369949462463254,87.77777777777763,29.12752239164583
2010-02-05 15:00:00,AAPL,5.934,1.0129737111642199,5.839,1.0102076124567474,5.905,1.0094017094017096,5.852,178460296,5.8206875,1.0010749105137,5.849928660045812,1.0061039713722633,57.06051873198845,37.46766559907533,100.0,34.419781475374116
2010-02-05 16:00:00,AAPL,5.923,0.9981462756993597,5.786,0.9909231032711079,5.907,1.0003386960203218,5.906,11617648,5.826999999999999,1.0010844938849577,5.855364025755734,1.0059574621993939,62.84289276807992,35.3193075502944,100.0,39.47507373445784
2010-02-05 17:00:00,AAPL,5.93,1.0011818335303055,5.796,1.0017283097131007,5.921,1.0023700694091755,5.909,2335536,5.834499999999999,1.0012871117212974,5.8616150709218555,1.005940461802275,63.18407960199006,32.980774732529795,100.0,45.030629290013394
2010-02-05 18:00:00,AAPL,5.933,1.000505902192243,5.9,1.017943409247757,5.918,0.9994933288295895,5.924,282632,5.84175,1.001242608621133,5.866985064167393,1.0055677545920634,64.57831325301213,30.52920502443243,97.99999999999993,50.452116893319165
2010-02-05 19:00:00,AAPL,5.932,0.999831451205124,5.907,1.001186440677966,5.923,1.0008448800270362,5.921,296492,5.849375000000001,1.0013052595540721,5.872319819960974,1.0052329901075832,68.54219948849115,28.022140604235855,100.0,56.00767244887472
2010-02-05 20:00:00,AAPL,5.862,0.9881995954146999,5.841,0.9888268156424581,5.85,0.9876751646125274,5.856,126000,5.8525,1.000534245111657,5.870194122821833,1.0035592046708977,69.2893401015229,25.76868868688562,51.973684210526095,58.872515790290585
2010-02-08 05:00:00,AAPL,5.916,1.00921187308086,5.898,1.0097586029789418,5.908,1.00991452991453,5.91,5040,5.860937500000001,1.001441691584793,5.873794682553087,1.0036385617348291,57.268722466960334,23.43819758493344,90.13157894736864,63.87982573181106
2010-02-08 07:00:00,AAPL,5.924,1.0013522650439486,5.858,0.993218040013564,5.916,1.001354096140826,5.909,163016,5.870000000000001,1.001546254332178,5.87781423659565,1.0028795285047227,55.70776255707769,21.12944455201604,94.96402877697867,69.15560510830989
2010-02-08 08:00:00,AAPL,5.933,1.00151924375422,5.88,1.00375554796859,5.901,0.9974645030425963,5.907,1598688,5.8773124999999995,1.0012457410562179,5.880022404538922,1.0017073942996457,61.6136919315404,18.934763684998682,82.81249999999983,73.75629955275431
2010-02-08 09:00:00,AAPL,5.97,1.0062363054104162,5.885,1.0008503401360545,5.935,1.0057617352991017,5.903,87850840,5.882124999999999,1.0008188266320703,5.8852583660114055,1.0013519556789614,55.440414507771976,16.896060107754714,100.0,79.31185510830987
2010-02-08 10:00:00,AAPL,5.976,1.0010050251256282,5.916,1.0052676295666951,5.954,1.0032013479359732,5.94,80251640,5.890437499999999,1.0014131797607158,5.891805188296034,1.0016456957810373,61.234567901234456,15.012597719057586,100.0,84.49125325645802
2010-02-08 11:00:00,AAPL,5.991,1.0025100401606426,5.938,1.0037187288708587,5.955,1.000167954316426,5.955,56471660,5.896437499999999,1.0010186000615404,5.897823741791649,1.0012539377239211,61.42506142506137,13.331276748223804,100.0,86.61891283092612
2010-02-08 12:00:00,AAPL,5.973,0.9969954932398598,5.933,0.9991579656449984,5.952,0.9994962216624685,5.959,32405296,5.9031875,1.0011447590176272,5.90298338543054,1.0011101424259208,73.39181286549695,11.84729955496286,98.12499999999993,89.63365454632574
2010-02-08 13:00:00,AAPL,5.965,0.9986606395446175,5.895,0.9935951457947075,5.923,0.995127688172043,5.955,53487476,5.907062499999999,1.000656425024616,5.90488972967525,1.0002883577178008,67.58620689655162,10.664302581664083,80.0,88.52254343521463
2010-02-08 14:00:00,AAPL,5.949,0.9973176865046103,5.905,1.0016963528413911,5.924,1.0001688333614722,5.924,35556248,5.915125,1.0013648916022135,5.906709755420464,0.9999402842648888,53.40909090909084,9.55336149365027,70.4761904761909,87.82930149197269
2010-02-08 15:00:00,AAPL,5.938,0.998150949739452,5.856,0.9917019475021168,5.866,0.9902093180283591,5.927,86762116,5.916125,1.0001690581348661,5.90283263585661,0.9979218758448233,53.231939163498126,8.67129137081181,15.23809523809519,83.12030678297798
2010-02-08 16:00:00,AAPL,5.945,1.0011788480970025,5.853,0.9994877049180327,5.871,1.0008523695874532,5.868,29139796,5.914000000000001,0.9996408121870313,5.8998009562512195,0.9972407540833264,41.04234527687296,8.218626804142398,20.000000000000675,82.74993641260764
2010-02-08 17:00:00,AAPL,5.961,1.0026913372582003,5.845,0.9986331795660345,5.857,0.9976153977175949,5.954,855960,5.910875000000001,0.9994715928305715,5.895724674703484,0.9969098198686985,42.39482200647263,7.9156217827496596,6.666666666667174,78.2437635731015
2010-02-08 18:00:00,AAPL,5.877,0.9859084046300955,5.849,1.0006843455945253,5.861,1.0006829434864264,5.863,311948,5.907125000000001,0.9993655761625817,5.892417562826961,0.9968773765012727,39.62264150943412,7.760800633825619,10.476190476190549,73.27021859955654
2010-02-08 19:00:00,AAPL,5.873,0.9993193806363792,5.826,0.9960677038810052,5.838,0.996075754990616,5.864,1176084,5.902125,0.9991535645512832,5.887234937795822,0.996632869254641,52.20883534136546,7.809485269778142,0.0,67.71466304400097
2010-02-09 04:00:00,AAPL,5.931,1.009875702366763,5.862,1.0061791967044285,5.922,1.014388489208633,5.874,11900,5.9020624999999995,0.9999894105936421,5.890545896100981,0.998038146616851,33.644859813084224,7.804995699888096,71.79487179487148,66.1477114770494
2010-02-09 05:00:00,AAPL,5.905,0.9956162535828696,5.887,1.0042647560559534,5.897,0.9957784532252618,5.899,14000,5.905,1.000497707369246,5.891160572662793,0.9981528614213748,51.03448275862057,7.55263331796862,50.42735042735057,63.50478650079109
2010-02-09 06:00:00,AAPL,5.916,1.0018628281117696,5.899,1.002038389672159,5.908,1.0018653552653891,5.91,3640,5.905,1.0,5.892764327647289,0.9979279132340879,49.33333333333341,7.261139469536964,59.82905982906008,61.27306760240554
2010-02-09 07:00:00,AAPL,5.928,1.0020283975659228,5.883,0.9972876758772673,5.914,1.0010155721056193,5.895,714616,5.904875,0.9999788314987298,5.894786772633261,0.9982704102681221,45.12635379061388,6.844246812989021,64.95726495726464,61.99437764389102
2010-02-09 08:00:00,AAPL,5.961,1.0055668016194332,5.896,1.002209756926738,5.95,1.0060872505918161,5.913,4748044,5.9079375,1.0005186392599337,5.900045175239617,0.9991820614728707,42.42424242424243,6.239534928728351,95.72649572649581,62.30520635384252
2010-02-09 09:00:00,AAPL,5.964,1.000503271263211,5.906,1.0016960651289009,5.934,0.9973109243697479,5.953,72690968,5.907875000000001,0.9999894210119861,5.9032789680739395,0.9992114791454614,49.16387959866223,5.616422445336881,82.05128205128213,61.587831535748286
2010-02-09 10:00:00,AAPL,5.971,1.0011737089201878,5.911,1.000846596681341,5.927,0.9988203572632287,5.936,88010496,5.9061875,0.999714364301885,5.90553811397166,0.9996044455868919,47.11538461538465,4.979982894687984,76.06837606837567,61.21315798399139
2010-02-09 11:00:00,AAPL,5.961,0.9983252386534919,5.879,0.994586364405346,5.943,1.0026995107136831,5.929,110902400,5.905437499999999,0.9998730145292541,5.909105912641025,1.0004941280040678,50.689655172413715,4.519642852366706,92.10526315789443,60.77456149276328
2010-02-09 12:00:00,AAPL,5.979,1.003019627579265,5.91,1.0052730056131995,5.946,1.000504795557799,5.944,91268436,5.905062499999999,0.9999364992009483,5.912619635246642,1.0012161902054917,53.11475409836053,4.115150297065217,96.42857142857103,60.576148794350566
2010-02-09 13:00:00,AAPL,5.966,0.9978257233651112,5.922,1.0020304568527918,5.949,1.0005045408678104,5.948,35092792,5.9066874999999985,1.000275187603857,5.91608443188982,1.0018665224779282,66.00000000000001,3.650957227891984,99.10714285714256,60.52654561974738
2010-02-09 14:00:00,AAPL,5.964,0.9996647670130742,5.916,0.998986828774063,5.929,0.9966380904353673,5.952,43354108,5.907,1.0000529061339374,5.917314485995551,1.001799144782173,65.72580645161283,3.351900214395072,81.2500000000001,59.58904561974738
2010-02-09 15:00:00,AAPL,5.96,0.9993293091884641,5.918,1.000338066260987,5.931,1.0003373250126497,5.931,81420052,5.9110625,1.0006877433553412,5.918617868281689,1.00196679672959,64.17322834645678,3.3959503318149475,83.03571428571419,59.75769641339817
2010-02-09 16:00:00,AAPL,5.956,0.9993288590604028,5.907,0.9981412639405204,5.929,0.9996627887371439,5.934,9494380,5.9146875,1.0006132569229307,5.919606642731051,1.0014454495669858,63.88888888888901,3.6591421653067773,81.2500000000001,60.356241386943125
2010-02-09 17:00:00,AAPL,5.941,0.9974815312290126,5.919,1.0020314880650076,5.93,1.0001686625063249,5.931,223048,5.91925,1.0007713847942092,5.920596486280474,1.000999036091167,69.69696969696983,4.072827226664522,82.14285714285674,64.07317260387431
2010-02-09 18:00:00,AAPL,5.941,1.0,5.921,1.0003378949146817,5.933,1.000505902192243,5.934,212380,5.92375,1.0007602314482409,5.921777773301382,1.0004270428350521,52.70270270270273,4.608958305171887,84.82142857142827,67.67436308006474
2010-02-09 19:00:00,AAPL,5.944,1.0005049654940246,5.924,1.0005066711704105,5.935,1.000337097589752,5.936,126476,5.929812499999999,1.0010234226630088,5.923037032986965,0.9998796426228259,64.28571428571418,5.374993702300612,71.69811320754606,71.28722122122468
2010-02-10 05:00:00,AAPL,5.963,1.0031965006729475,5.93,1.00101282916948,5.954,1.0032013479359732,5.941,21588,5.931812499999999,1.000337278792542,5.925985886988206,0.9993546822919287,61.538461538461306,6.160343125796427,100.0,76.26076619476966
2010-02-10 06:00:00,AAPL,5.967,1.000670803286936,5.949,1.0032040472175379,5.959,1.0008397715821296,5.961,28000,5.935687499999999,1.0006532573307063,5.929130088227424,0.9995477922182175,65.38461538461542,6.9777547942038955,100.0,81.81632175032522
2010-02-10 07:00:00,AAPL,5.978,1.0018434724317078,5.931,0.9969742813918306,5.954,0.9991609330424568,5.945,196616,5.9385625,1.0004843583830854,5.931498651253384,0.9992942942588174,54.5454545454543,7.708148409313608,88.88888888888911,82.76598936665954
2010-02-10 08:00:00,AAPL,5.957,0.9964871194379391,5.914,0.9971337042657225,5.936,0.9969768223043333,5.951,1442168,5.939937499999999,1.0002315375143394,5.931927351134014,0.9988827011813068,61.363636363636225,8.296918523395002,28.12500000000104,81.52696989847345
2010-02-10 09:00:00,AAPL,5.952,0.9991606513345644,5.892,0.9962800135272236,5.92,0.9973045822102425,5.934,50765736,5.9380625,0.9996843401130063,5.930791412930775,0.9984602385009566,54.54545454545479,8.453645906866608,0.0,78.20313324130346
2010-02-10 10:00:00,AAPL,5.931,0.9964717741935484,5.864,0.9952477936184656,5.891,0.9951013513513514,5.922,80598784,5.9353750000000005,0.9995474112978772,5.927001754556415,0.9981373140744839,38.38383838383836,8.055034003378115,0.0,74.59439629923321
2010-02-10 11:00:00,AAPL,5.918,0.9978081267914348,5.875,1.0018758526603002,5.898,1.0011882532676963,5.894,43659896,5.933562500000001,0.999694627550913,5.9242396826939,0.9981239066939999,27.9999999999998,7.167829800701181,10.294117647058401,69.84815307259777
2010-02-10 12:00:00,AAPL,5.935,1.0028725920919228,5.879,1.0006808510638296,5.923,1.0042387249915226,5.901,41267016,5.9323125,0.9997893339793756,5.924121617675433,0.9984089015116016,30.23255813953449,6.456310146073142,47.058823529412074,67.90412759916055
2010-02-10 13:00:00,AAPL,5.95,1.0025273799494525,5.906,1.0045926177921416,5.92,0.9994934999155833,5.924,39592084,5.9306875,0.9997260764668079,5.923729082658725,0.9985531076892401,47.761194029850635,6.027299288314003,42.64705882352953,66.04738775222465
2010-02-10 14:00:00,AAPL,5.94,0.9983193277310924,5.892,0.9976295292922452,5.911,0.9984797297297296,5.923,35051912,5.9283125000000005,0.999599540525445,5.92251678907218,0.9986222995347807,45.92592592592585,5.920746202845518,29.411764705881893,62.56441561600174
2010-02-10 15:00:00,AAPL,5.935,0.999158249158249,5.881,0.9981330617786829,5.903,0.9986465911013365,5.912,60128768,5.926687500000001,0.999725891642858,5.920658047255781,0.998708831097514,43.66197183098565,6.105252973049438,17.647058823528873,58.18766491572161
2010-02-10 16:00:00,AAPL,5.933,0.9996630160067397,5.889,1.0013603128719606,5.9,0.9994917838387262,5.906,9964080,5.924750000000001,0.999673088888186,5.918690614183801,0.9986506989247873,40.9395973154362,6.519763910900384,13.235294117647635,53.41700665241633
2010-02-10 17:00:00,AAPL,5.91,0.9961233777178494,5.891,1.000339616233656,5.901,1.0001694915254236,5.904,81760,5.923000000000001,0.9997046288872947,5.917005793785345,0.9986929058247763,38.92617449664441,7.046497861807113,14.705882352940947,49.720111227579714
2010-02-10 18:00:00,AAPL,5.911,1.0001692047377326,5.888,0.9994907485995587,5.901,1.0,5.905,174020,5.9211875,0.9996939895323315,5.915481432472455,0.9987306149708685,38.51351351351349,7.668153164344397,14.705882352940947,45.924009453536755
2010-02-10 19:00:00,AAPL,5.92,1.0015225850109966,5.889,1.0001698369565217,5.912,1.0018640908320624,5.901,647500,5.919875000000001,0.9997783383822926,5.915149867475078,0.998980334177068,29.457364341085082,8.287895230719224,30.88235294117651,43.12580683915766
2010-02-10 20:00:00,AAPL,5.94,1.0033783783783785,5.922,1.0056036678553233,5.931,1.003213802435724,5.934,238000,5.919625000000001,0.9999577693785764,5.916659403906023,0.9994568135148162,32.59259259259255,8.765835445315808,58.82352941176509,41.830288631874794
2010-02-11 06:00:00,AAPL,5.919,0.9964646464646464,5.886,0.993920972644377,5.911,0.9966278873714381,5.901,44324,5.9169374999999995,0.9995460016470635,5.916120413057831,0.9994079714606635,42.28187919463093,9.485938859783909,29.411764705881893,38.751973972677774
2010-02-11 07:00:00,AAPL,5.935,1.0027031593174522,5.905,1.0032279986408428,5.924,1.0021992894603284,5.929,139132,5.914750000000001,0.9996302986130918,5.916870849909467,0.9999887357115851,41.72185430463564,10.284469137690067,52.38095238095319,37.67879837120039
2010-02-11 08:00:00,AAPL,5.931,0.9993260320134795,5.895,0.998306519898391,5.907,0.9971303173531397,5.919,1801576,5.9118125,0.999503360243459,5.9159307689657075,1.000199631255033,51.3513513513515,11.169659528236496,35.55555555555564,34.098551457620154
2010-02-11 09:00:00,AAPL,5.923,0.9986511549485753,5.868,0.9954198473282444,5.89,0.9971220585745725,5.909,57837976,5.9089375,0.9995136855236868,5.913461171921354,1.0002788775728855,55.882352941176435,12.161095930992666,0.0,28.542995902064597
2010-02-11 10:00:00,AAPL,5.919,0.999324666554111,5.858,0.9982958418541239,5.892,1.0003395585738541,5.893,70141092,5.9071875,0.999703838465037,5.911417250785988,1.0004196610280591,47.26027397260277,13.156196626534701,4.87804878048939,23.875727007153507
2010-02-11 11:00:00,AAPL,6.008,1.0150363237033284,5.882,1.00409696142028,5.987,1.0161235573659197,5.893,112963648,5.9131874999999985,1.0010157117917788,5.918615607853988,1.0019346106508364,37.398373983740164,13.32209571241631,100.0,27.868782562709004
2010-02-11 12:00:00,AAPL,6.019,1.0018308921438084,5.975,1.0158109486569193,6.009,1.00367462836145,5.99,65945012,5.920124999999999,1.0011732251006755,5.927223645201227,1.0023737020348549,65.58139534883713,12.807183484807416,100.0,33.42433811826456
2010-02-11 13:00:00,AAPL,6.047,1.0046519355374646,5.986,1.0018410041841004,6.03,1.0034947578632052,6.012,78318632,5.9268125,1.0011296214184668,5.937011869467778,1.0028524515052941,71.49122807017545,11.740009104883601,100.0,38.979893673820115
2010-02-11 14:00:00,AAPL,6.047,1.0,6.007,1.0035081857667891,6.022,0.9986733001658374,6.033,54990936,5.9331875,1.0010756203271152,5.945105977137513,1.0030865624882706,76.34854771784231,10.377935531383105,94.2857142857143,43.64609348707878
2010-02-11 15:00:00,AAPL,6.036,0.998180916156772,5.987,0.9966705510238056,6.008,0.9976751909664563,6.025,73277148,5.9392499999999995,1.0010217947772593,5.951095884076798,1.0030183411659919,74.79674796747943,9.458449288133464,84.28571428571418,45.71425408465112
2010-02-11 16:00:00,AAPL,6.018,0.9970178926441352,5.96,0.9954902288291297,6.007,0.9998335552596538,6.009,16778636,5.94575,1.0010944142778972,5.956420085593293,1.002890951819387,70.65637065637046,8.826924756463338,83.57142857142823,47.98783018175661
2010-02-11 17:00:00,AAPL,6.027,1.0014955134596213,5.997,1.0062080536912752,6.012,1.0008323622440487,6.012,3666628,5.952750000000001,1.001177311525039,5.961713410774884,1.0026848439263143,70.3846153846151,8.465366730066474,87.14285714285671,51.19511309492187
2010-02-11 18:00:00,AAPL,6.036,1.0014932802389247,5.997,1.0,6.025,1.0021623419827015,6.014,366268,5.9605000000000015,1.0013019192810046,5.9677407049868,1.0025182823042793,69.68503937007843,8.353219225733014,96.42857142857152,55.57186379520202
2010-02-11 19:00:00,AAPL,6.036,1.0,6.01,1.0021677505419375,6.022,0.9995020746887967,6.029,247268,5.968062500000001,1.0012687693985403,5.9729082568928185,1.002081747654193,68.95161290322558,8.439461520870966,94.2857142857143,60.07466491565016
2010-02-12 04:00:00,AAPL,6.016,0.9966865473823725,5.998,0.9980033277870217,6.007,0.997509133178346,6.009,2800,5.974000000000001,1.0009948789912975,5.976155089569692,1.0013559827112553,74.02597402597381,8.567507641013757,83.57142857142823,63.900528594455004
2010-02-12 05:00:00,AAPL,5.985,0.9948470744680852,5.959,0.9934978326108702,5.969,0.9936740469452306,5.979,10892,5.976375000000001,1.0003975560763307,5.975473652467818,1.0002466776812549,67.81115879828286,8.43264597240351,56.428571428571644,66.21845576532337
2010-02-12 06:00:00,AAPL,5.971,0.9976608187134502,5.936,0.9961402919953013,5.946,0.9961467582509632,5.965,19600,5.978562500000001,1.0003660245550188,5.972666637947073,0.9993794964250189,62.204724409448765,8.16985649765995,39.99999999999987,66.72499171303579
2010-02-12 07:00:00,AAPL,6.0,1.0048568079048736,5.959,1.0038746630727762,5.983,1.0062226707029935,5.971,423136,5.9822500000000005,1.0006167870621072,5.9736507676664,0.9991784425882307,60.769230769230674,7.872029825154847,66.42857142857113,67.1474940473028
2010-02-12 08:00:00,AAPL,6.003,1.0005,5.958,0.9998321866084915,5.987,1.0006685609226142,5.988,2549820,5.9872499999999995,1.0008358059258637,5.974922123126742,0.9987750634170657,65.42372881355911,7.609236247040977,69.2857142857143,69.36271346840459
2010-02-12 09:00:00,AAPL,6.007,1.0006663334999166,5.94,0.9969788519637462,5.97,0.9971605144479705,5.991,75812268,5.992249999999999,1.000835107937701,5.974453349495624,0.9978626831175622,50.0,7.437222697447757,56.52173913043439,69.59275717670909
2010-02-12 10:00:00,AAPL,6.001,0.9990011653071418,5.939,0.9998316498316497,5.972,1.0003350083752094,5.973,83936748,5.997249999999999,1.0008344111143561,5.974219697162708,0.9969910629834717,40.2010050251256,7.380177057049316,30.95238095238158,69.33702525431053
2010-02-12 11:00:00,AAPL,6.045,1.0073321113147808,5.958,1.0031991917831284,6.032,1.0100468854655056,5.973,70790188,6.000062499999999,1.0004689649422651,5.979722583147211,0.9970774243440264,33.88888888888924,7.224086928097745,100.0,74.89258080986609
2010-02-12 12:00:00,AAPL,6.105,1.0099255583126552,6.022,1.010741859684458,6.074,1.0069628647214854,6.034,112564172,6.004124999999998,1.0006770762804553,5.988701384752239,0.9981065005159928,52.15517241379304,7.199681766143724,100.0,80.17713365539447
2010-02-12 13:00:00,AAPL,6.082,0.9962325962325962,6.011,0.9981733643307871,6.049,0.995884096147514,6.075,77723856,6.005312499999999,1.0001977806924407,5.99444411001393,0.9983876268422013,62.692307692307544,7.10738783788831,80.46875000000044,79.09206421095004
2010-02-12 14:00:00,AAPL,6.091,1.0014797763893457,6.036,1.0041590417567792,6.068,1.0031410150438087,6.05,71298108,6.008187499999999,1.0004787427798305,6.001449432869746,0.999356725044658,57.39436619718318,7.001506153793897,95.31249999999983,78.83164754428338
2010-02-12 15:00:00,AAPL,6.082,0.9985224101132818,5.901,0.977634194831014,6.065,0.9995056031641398,6.071,107920652,6.011749999999999,1.0005929408827539,6.007501867834533,0.999885883693632,59.39597315436239,6.365889873852957,92.96875000000044,78.44102254428338
2010-02-12 16:00:00,AAPL,6.075,0.9988490628082868,6.002,1.0171157430943907,6.064,0.9998351195383347,6.061,28670180,6.0153125,1.0005925895122054,6.012882642326481,1.0001884047617553,56.94444444444447,5.75853622200444,92.18750000000017,78.32445508396594
2010-02-12 17:00:00,AAPL,6.074,0.999835390946502,6.053,1.0084971676107963,6.065,1.0001649076517152,6.064,160132,6.018625,1.0005506779572964,6.017846200200149,1.0004212084077342,57.34265734265732,5.535696099454196,92.96875000000044,78.80684595698185
2010-02-12 18:00:00,AAPL,6.075,1.0001646361540995,6.048,0.9991739633239716,6.067,1.0003297609233306,6.067,137676,6.02125,1.0004361461297224,6.022527514466802,1.000648406316526,60.66176470588251,5.656502615117335,94.53125000000026,79.41572492523585
2010-02-12 19:00:00,AAPL,6.076,1.000164609053498,6.054,1.0009920634920635,6.063,0.9993406955661777,6.067,275072,6.023812500000001,1.0004255760847,6.026382036898535,1.0008523208467568,70.76271186440677,6.0294988733813355,91.40624999999991,79.65258008396603
2010-02-16 04:00:00,AAPL,6.116,1.0065832784726794,6.094,1.0066072018500165,6.104,1.0067623288800924,6.106,31332,6.0298750000000005,1.001006422427657,6.033774223860579,1.0016537240926038,76.95852534562216,6.376116369482634,100.0,79.85099278237873
2010-02-16 06:00:00,AAPL,6.099,0.9972204054937869,6.079,0.9975385625205119,6.089,0.9975425950196593,6.093,5600,6.037374999999999,1.0012438068782519,6.039033821588143,1.0015189073717354,77.37556561085982,6.61428513172683,90.50632911392428,79.6410269395015
2010-02-16 07:00:00,AAPL,6.108,1.0014756517461878,6.065,0.9976969896364535,6.086,0.9995073082607981,6.077,36344,6.046124999999999,1.001449305368641,6.043506790960701,1.0010156385781408,71.9827586206898,6.69878891926242,86.56716417910467,79.80745669548352
2010-02-16 08:00:00,AAPL,6.109,1.0001637197118534,6.072,1.001154163231657,6.1,1.0023003614853763,6.085,1578220,6.053437499999999,1.0012094523351733,6.048887096583491,1.0004568374923595,76.6055045871562,6.7760523750802255,97.014925373134,82.0622541368481
2010-02-16 09:00:00,AAPL,6.138,1.0047470944508103,6.083,1.0018115942028987,6.119,1.0031147540983607,6.103,79400664,6.061687499999999,1.0013628620102213,6.055564515956492,1.0003513732414835,77.82608695652185,6.7397210534290295,100.0,85.39558747018144
2010-02-16 10:00:00,AAPL,6.16,1.0035842293906811,6.097,1.0023014959723822,6.132,1.0021245301519857,6.121,91894544,6.0718125,1.001670326951035,6.062844085865398,1.000190802621448,73.01587301587315,6.484475079379678,100.0,87.2606668352608
2010-02-16 11:00:00,AAPL,6.163,1.000487012987013,6.117,1.0032803017877645,6.146,1.0022831050228311,6.135,50748040,6.0826875000000005,1.0017910632121794,6.07076369673536,0.9998272668557141,68.12500000000013,6.050209080639668,100.0,88.96701604161002
2010-02-16 12:00:00,AAPL,6.167,1.0006490345610903,6.129,1.001961745953899,6.14,0.9990237552879921,6.149,90031648,6.089437500000001,1.00110970685244,6.077357630379612,0.9991237640236509,82.55033557046983,5.6338545098546335,93.81443298969046,91.03883236712426
2010-02-16 13:00:00,AAPL,6.158,0.998540619425977,6.119,0.9983684124653288,6.141,1.0001628664495115,6.143,57559852,6.093625,1.0006876661432191,6.083418808438696,0.9990116178117758,76.47058823529412,5.503920128556073,94.84536082474236,94.58844236003318
2010-02-16 14:00:00,AAPL,6.156,0.9996752192270216,6.122,1.0004902761889198,6.145,1.0006513597134017,6.142,37176692,6.0996250000000005,1.0009846355822685,6.089283683825487,0.9992875642701161,78.35820895522347,5.567893127095653,98.79518072289116,94.52150795574936
2010-02-16 15:00:00,AAPL,6.166,1.001624431448993,6.134,1.0019601437438745,6.15,1.0008136696501222,6.147,72217068,6.104750000000001,1.000840215587024,6.095066190127821,0.999252608173096,79.56204379562016,5.784720062322488,100.0,94.52150795574936
2010-02-16 16:00:00,AAPL,6.16,0.9990269218293869,6.123,0.9982067166612325,6.147,0.9995121951219512,6.152,24881612,6.109875000000001,1.0008395102174537,6.100012267258505,0.9992239268206731,80.141843971631,5.651149813419346,96.55172413793093,95.41500651896772
2010-02-16 17:00:00,AAPL,6.16,1.0,6.137,1.002286460885187,6.149,1.0003253619651862,6.15,325276,6.1151875,1.0008694940567524,6.104677765614838,0.9991493714052804,78.16901408450683,5.210579111583703,98.85057471264331,95.61156622522569
2010-02-16 18:00:00,AAPL,6.159,0.9998376623376622,6.137,1.0,6.147,0.9996747438607904,6.152,1192408,6.120312500000001,1.0008380773279644,6.108708454603901,0.9989404993066691,80.7142857142857,4.691375757671678,96.55172413793093,95.8106203439996
2010-02-16 19:00:00,AAPL,6.161,1.0003247280402663,6.138,1.0001629460648527,6.152,1.0008134049129656,6.15,118972,6.125625000000001,1.0008680112330866,6.112831458927339,0.9987776700825878,71.28712871287136,4.574441672713439,100.0,96.24464812177737
2010-02-17 06:00:00,AAPL,6.162,1.0001623113130986,6.144,1.0009775171065494,6.154,1.0003250975292588,6.156,3752,6.131312500000001,1.0009284766860524,6.11675227236283,0.9985515392082978,84.61538461538439,4.803583923347964,100.0,96.63527312177735
2010-02-17 07:00:00,AAPL,6.184,1.0035702693930542,6.147,1.00048828125,6.173,1.0030874228144298,6.159,122024,6.135625,1.0007033567445796,6.1221091988044645,0.9984989671957617,87.77777777777763,5.238651902403825,100.0,96.93909256622177
2010-02-17 08:00:00,AAPL,6.191,1.0011319534282017,6.153,1.0009760858955588,6.176,1.0004859873643286,6.17,1817424,6.1410625,1.0008862177854743,6.127241656061182,0.9986336609654569,88.4210526315789,5.98000266069874,100.0,97.41652312177733
2010-02-17 09:00:00,AAPL,6.188,0.9995154256178324,6.124,0.9952868519421421,6.147,0.9953044041450777,6.178,72391452,6.144875000000001,1.0006208209084342,6.129123403102974,0.9980558581032148,86.07594936708857,6.834540784969029,61.84210526315827,95.29664008084168
2010-02-17 10:00:00,AAPL,6.175,0.9978991596638656,6.126,1.0003265839320707,6.145,0.9996746380348136,6.15,78049776,6.147687499999999,1.0004576984885776,6.13063545995031,0.9976826965479866,57.89473684210551,7.77621447144904,45.61403508771864,92.80262374605248
2010-02-17 11:00:00,AAPL,6.154,0.9965991902834008,6.077,0.9920013059092393,6.101,0.992839707078926,6.147,72963408,6.1465625,0.9998170043613962,6.127813035193138,0.9967671641073393,49.39759036144559,8.266199775449195,0.0,87.99333684721334
2010-02-17 12:00:00,AAPL,6.124,0.9951251218719531,6.063,0.9976962316932697,6.114,1.0021307982297984,6.104,54988248,6.145437500000001,0.9998169708678633,6.126497508031887,0.9967355750522161,33.884297520661335,8.14853232316495,17.333333333333158,83.56658173389106
2010-02-17 13:00:00,AAPL,6.141,1.0027759634225997,6.101,1.0062675243278905,6.124,1.0016355904481518,6.116,49034216,6.1440625,0.9997762567758601,6.126259650124089,0.9968793352994133,39.84962406015033,7.622364161020995,30.666666666666178,79.7147298820392
2010-02-17 14:00:00,AAPL,6.133,0.9986972805731965,6.082,0.9968857564333715,6.122,0.9996734160679295,6.126,35165844,6.1429375,0.9998168963938762,6.12585396915989,0.9970364020808529,42.44604316546767,6.8359782169903145,27.99999999999981,75.7147298820392
2010-02-17 15:00:00,AAPL,6.137,1.0006522093592043,6.093,1.001808615586978,6.123,1.0001633453119896,6.123,58516752,6.1418125,0.9998168628608056,6.1255821625732345,0.997174749470141,39.70588235294095,6.534886807748858,29.333333333333584,71.78880395611327
2010-02-17 16:00:00,AAPL,6.16,1.0037477594916084,6.106,1.0021335959297555,6.126,1.0004899559039686,6.124,4996068,6.140625000000001,0.9998066531663089,6.125621956613879,0.9973638818530978,41.04477611940295,6.454457267049719,33.33333333333373,68.42874286409345
2010-02-17 17:00:00,AAPL,6.137,0.9962662337662337,6.116,1.0016377333770061,6.127,1.0001632386549133,6.128,47432,6.1391875,0.999765903307888,6.125753198841129,0.9975781290733644,41.48148148148158,6.619307861277279,34.666666666666316,65.08548207753365
2010-02-17 18:00:00,AAPL,6.134,0.9995111618054425,6.113,0.9995094833224331,6.124,0.9995103639627877,6.126,1159312,6.13775,0.9997658484937949,6.125586227522926,0.997784515870044,42.53731343283562,6.9239867250149,30.666666666666178,61.30056462996562
2010-02-17 19:00:00,AAPL,6.132,0.9996739484838604,6.107,0.999018485195485,6.116,0.9986936642717178,6.126,449988,6.1356874999999995,0.9996639648079508,6.124673253473123,0.9978694559851938,39.39393939393919,7.372371448053372,19.999999999999527,56.856120185521135
2010-02-18 04:00:00,AAPL,6.116,0.9973907371167645,6.094,0.9978712952349763,6.107,0.998528449967299,6.106,8400,6.1331875,0.9995925476973853,6.122990086475682,0.9979305638489058,36.231884057970916,8.005896259582562,8.000000000000284,51.9365799556361
2010-02-18 07:00:00,AAPL,6.127,1.0017985611510791,6.109,1.002461437479488,6.119,1.0019649582446373,6.121,5600,6.131124999999999,0.9996637148301758,6.122610078239903,0.9982753793585967,24.218749999999915,8.702484127725796,23.99999999999967,47.77821469382256
2010-02-18 08:00:00,AAPL,6.126,0.999836787987596,6.055,0.991160582746767,6.071,0.9921555809772838,6.107,2794400,6.125937499999999,0.9991539073171727,6.117694832693246,0.997809510113274,29.197080291970465,9.745041550537634,0.0,42.41423001949307
2010-02-18 09:00:00,AAPL,6.12,0.9990205680705191,6.064,1.0014863748967795,6.101,1.0049415252841378,6.075,59361316,6.1214375,0.999265418558384,6.116104848627223,0.9983949148399284,25.64102564102528,11.186797989630573,28.571428571428694,38.44597605123911
2010-02-18 10:00:00,AAPL,6.158,1.0062091503267974,6.075,1.0018139841688654,6.14,1.0063923946893951,6.104,87261776,6.1191875,0.9996324392759054,6.1183805773293924,0.9995006201287512,38.04347826086957,12.659924517020068,90.78947368420985,37.93428014480633
2010-02-18 11:00:00,AAPL,6.173,1.0024358557973367,6.122,1.0077366255144034,6.141,1.0001628664495115,6.142,66158792,6.118812500000001,0.999938717354224,6.120534808059926,1.0002201776069006,60.89385474860336,13.880491871097522,94.59459459459518,37.63397984450606
2010-02-18 12:00:00,AAPL,6.158,0.9975700631783574,6.113,0.9985298921920942,6.13,0.9982087607881452,6.143,30978640,6.117875,0.9998467839960775,6.121436254911361,1.0004288013256428,58.08383233532943,14.931723770894914,84.28571428571418,36.76096397149018
2010-02-18 13:00:00,AAPL,6.147,0.9982137057486197,6.113,1.0,6.13,1.0,6.132,36514912,6.1196875,1.0002962629998162,6.122251849681707,1.0007154199263155,51.785714285714356,15.612136901885023,84.28571428571418,38.00783113940995
2010-02-18 14:00:00,AAPL,6.17,1.003741662599642,6.114,1.0001635858007525,6.158,1.004567699836868,6.133,56285348,6.1224375,1.0004493693509677,6.125656435426306,1.0009753660503589,52.40963855421688,15.763001634289985,100.0,41.02927363453669
2010-02-18 15:00:00,AAPL,6.17,1.0,6.121,1.0011449133137063,6.139,0.9969145826567067,6.16,66125808,6.123374999999999,1.0001531252871099,6.126927251099991,1.0007333273879873,59.06735751295342,15.615847659589594,78.1609195402299,45.37154694232724
2010-02-18 16:00:00,AAPL,6.156,0.9977309562398703,6.08,0.993301748080379,6.096,0.9929956018895585,6.141,6838104,6.12175,0.9997346234715333,6.1239817986142775,1.000099095452145,53.110047846889934,15.349980897653767,28.735632183908244,46.005007989581415
2010-02-18 17:00:00,AAPL,6.146,0.9983755685510072,6.07,0.9983552631578948,6.081,0.9975393700787402,6.1,853552,6.1191249999999995,0.9995712010454527,6.119888293984347,0.999695886631167,43.82470119521919,15.074825396128833,11.49425287356391,44.93987388996462
2010-02-18 18:00:00,AAPL,6.144,0.9996745850959974,6.072,1.000329489291598,6.084,1.0004933399111986,6.084,371168,6.1165,0.999571017098033,6.116470361223932,0.9995661734682545,41.82509505703436,14.950950923705225,14.942528735631962,44.21445881972196
2010-02-18 19:00:00,AAPL,6.096,0.9921875,6.068,0.9993412384716732,6.086,1.000328731097962,6.087,735616,6.1139375000000005,0.9995810512548026,6.113568422059748,0.9995207098928713,43.798449612403076,14.967970670062165,17.241379310345355,43.542683596222616
2010-02-19 04:00:00,AAPL,6.088,0.9986876640419947,6.07,1.0003295978905735,6.08,0.9990141307919815,6.082,5600,6.111187500000001,0.9995502080287867,6.11037142948263,0.9994167309500023,45.81673306772911,15.07995849512998,10.344827586207213,42.26554438804892
2010-02-19 06:00:00,AAPL,6.1,1.0019710906701706,6.079,1.001482701812191,6.092,1.0019736842105262,6.09,15960,6.109687500000001,0.9997545485226889,6.108621769531903,0.9995801584441489,42.04081632653071,15.151103886107315,24.137931034482477,41.68061463070538
2010-02-19 07:00:00,AAPL,6.123,1.0037704918032788,6.081,1.0003290014805069,6.115,1.0037754432042023,6.093,98672,6.1101875,1.0000818372461766,6.109229220052675,0.9999249912622657,55.02392344497605,14.96541271402424,50.574712643678346,42.78661718498383
2010-02-19 08:00:00,AAPL,6.138,1.0024497795198433,6.075,0.9990133201776024,6.122,1.0011447260834014,6.114,3078348,6.110375,1.0000306864560211,6.110445484809563,1.0000422220774015,53.465346534653506,14.58912084888375,58.620689655172164,44.93221105471565
2010-02-19 09:00:00,AAPL,6.134,0.9993483219289672,6.085,1.0016460905349793,6.094,0.9954263312642928,6.128,52863188,6.111812499999999,1.0002352556103347,6.108879248161033,0.999755211122236,44.70588235294126,13.780513767641803,17.948717948718183,45.484917607422204
2010-02-19 10:00:00,AAPL,6.124,0.9983697424193021,6.071,0.9976992604765818,6.102,1.0013127666557269,6.097,69035008,6.1118749999999995,1.00001022609905,6.108224081669506,0.9994128716595129,38.071065989847796,12.712630592099597,28.20512820512841,45.718535841040456
2010-02-19 11:00:00,AAPL,6.147,1.0037557152188112,6.093,1.0036237852083676,6.137,1.005735824319895,6.105,58242156,6.1116874999999995,0.9999693220165661,6.1109646453200295,0.9998510514891142,42.78350515463928,11.54638186916101,73.07692307692216,49.77836490086947
2010-02-19 12:00:00,AAPL,6.152,1.0008134049129656,6.11,1.0027900869850648,6.129,0.9986964314811797,6.139,39745048,6.1109374999999995,0.9998772843015943,6.1126822981466935,1.0001627697991258,51.528384279475915,10.377150525323149,62.82051282051193,51.68109180359632
2010-02-19 13:00:00,AAPL,6.143,0.9985370611183354,6.093,0.9972176759410801,6.112,0.997226301191059,6.132,34469344,6.109812499999999,0.9998159038609051,6.112617317370819,1.0002748870154243,43.062200956937566,9.267891432391592,41.02564102564091,48.916434433675825
2010-02-19 14:00:00,AAPL,6.123,0.9967442617613544,6.091,0.9996717544723454,6.102,0.9983638743455497,6.114,33605236,6.1080625,0.9997135754984299,6.111606144287883,1.0002935678120866,43.47826086956512,8.231752514345201,28.20512820512841,45.22813074537211
2010-02-19 15:00:00,AAPL,6.111,0.9980401763841253,6.072,0.996880643572484,6.096,0.999016715830875,6.104,86858688,6.1041875,0.9993655926081306,6.110119844831894,1.0003368244565105,51.72413793103457,7.5415228653453905,27.11864406779656,42.05218239993224
2010-02-19 16:00:00,AAPL,6.124,1.002127311405662,6.075,1.0004940711462451,6.092,0.9993438320209973,6.096,10382064,6.10125,0.9995187729734711,6.108394145324095,1.0006891409092684,54.5454545454545,7.045692719455877,21.052631578946794,38.53923336066739
2010-02-19 17:00:00,AAPL,6.1,0.9960809928151535,6.078,1.000493827160494,6.09,0.999671700590939,6.092,206640,6.100875,0.999938537185003,6.106642321959895,1.000883806098733,52.40963855421688,6.442883919281122,17.543859649122588,33.958336674507535
2010-02-19 18:00:00,AAPL,6.103,1.0004918032786885,6.081,1.0004935834155972,6.092,1.000328407224959,6.094,164164,6.101562500000001,1.0001126887536624,6.105247815106572,1.000716752122699,51.204819277108314,5.702489969016059,21.052631578946794,30.785654009991802
2010-02-19 19:00:00,AAPL,6.103,1.0,6.082,1.0001644466370663,6.092,1.0,6.096,131152,6.102062500000001,1.0000819462227912,6.103986118429756,1.0003972127516116,53.70370370370361,5.276136137656483,21.052631578946794,30.358820643049494
2010-02-19 20:00:00,AAPL,6.135,1.0052433229559232,6.116,1.00559026635975,6.126,1.0055810899540383,6.128,36400,6.104562500000001,1.0004096975407906,6.106082678579303,1.0006588229109916,50.0,5.36112816777996,80.70175438596608,34.203681838182945
2010-02-22 04:00:00,AAPL,6.112,0.9962510187449063,6.094,0.9964028776978419,6.103,0.9962455109369898,6.106,3752,6.106,1.000235479610537,6.105789090143179,1.0002009300655335,53.41614906832306,5.675927334892093,27.659574468085065,34.91018437887479
2010-02-22 07:00:00,AAPL,6.125,1.0021269633507852,6.087,0.9988513291762389,6.11,1.0011469768966084,6.099,92904,6.107125,1.0001842450049132,6.106190129177162,1.000031138089938,44.63276836158187,6.114287355069213,42.55319148936295,36.31639616659798
2010-02-22 08:00:00,AAPL,6.134,1.0014693877551022,6.102,1.0024642681123708,6.113,1.0004909983633388,6.115,1363768,6.107,0.9999795321038951,6.106838688303147,0.9999531184154814,55.12820512820511,6.551654222659295,48.936170212767486,38.460359645851334
2010-02-22 09:00:00,AAPL,6.131,0.9995109227257907,6.025,0.9873811864962307,6.054,0.9903484377556028,6.115,87971716,6.10275,0.9993040772883577,6.101806432274276,0.9991495713565213,53.64238410596029,6.359344661507279,0.0,37.119363477268976
2010-02-22 10:00:00,AAPL,6.075,0.9908660903604632,6.026,1.0001659751037344,6.048,0.9990089197224975,6.056,77540176,6.099875,0.9995289009053295,6.096682010152916,0.9990056958179372,26.285714285714704,5.7112506593493935,0.0,34.309657219286834
2010-02-22 11:00:00,AAPL,6.06,0.9975308641975308,6.015,0.9981745768337206,6.031,0.9971891534391534,6.05,45329872,6.0954375,0.9992725260763541,6.090426580614543,0.9984510470484301,26.589595375722922,5.319962017875045,0.0,31.05295223844395
2010-02-22 12:00:00,AAPL,6.058,0.9996699669966997,6.013,0.999667497921862,6.047,1.0026529597081744,6.034,28702296,6.0898125,0.9990771786274569,6.08629071579411,0.9984994048079584,26.589595375722794,5.462306809317651,16.326530612244934,30.962830719750986
2010-02-22 13:00:00,AAPL,6.077,1.003136348629911,6.033,1.0033261267254283,6.063,1.0026459401356045,6.049,38016020,6.085687500000001,0.9993226392438193,6.084072552385147,0.9990574508468278,34.63687150837998,5.913971347199186,33.684210526315596,31.267224182039172
2010-02-22 14:00:00,AAPL,6.089,1.001974658548626,6.045,1.00198906016907,6.077,1.0023090879102754,6.066,35535612,6.0835,0.9996405500611064,6.083398975967514,0.9996239497949103,41.2698412698413,6.415484086756305,48.421052631578895,29.897453601742328
2010-02-22 15:00:00,AAPL,6.1,1.0018065363770732,6.039,0.9990074441687344,6.06,0.9972025670561132,6.08,66247832,6.080875,0.9995685049724665,6.081170502065846,0.9996170793237192,46.2311557788946,6.894294100121067,30.52631578947339,28.103331544462407
2010-02-22 16:00:00,AAPL,6.088,0.998032786885246,6.046,1.0011591323066733,6.06,1.0,6.06,4926320,6.078625000000001,0.9996299874606863,6.079154263773861,0.9997170248975454,42.99065420560752,7.244828121817379,30.52631578947339,27.52003569800866
2010-02-22 17:00:00,AAPL,6.068,0.9967148488830485,6.047,1.0001653986106516,6.059,0.9998349834983499,6.061,116816,6.0765625000000005,0.9996606962923358,6.077234810081112,0.9997712986211703,42.452830188679364,7.577743340524665,29.47368421052661,27.59051103164189
2010-02-22 18:00:00,AAPL,6.069,1.0001647989452869,6.045,0.9996692574830495,6.055,0.9993398250536392,6.062,148736,6.074375,0.9996400102854203,6.0751172091210055,0.9997621532109651,42.25352112676079,7.896628079156916,25.263157894736693,27.487428466471897
2010-02-22 19:00:00,AAPL,6.068,0.9998352282089306,6.044,0.9998345740281224,6.058,1.0004954582989265,6.055,186564,6.07225,0.9996501697705527,6.073486998728529,0.9998538119112714,30.601092896174947,8.225835389819162,28.4210526315789,27.89678519161812
2010-02-23 04:00:00,AAPL,6.083,1.0024719841793013,6.065,1.003474520185308,6.075,1.0028062066688677,6.077,2800,6.0711875,0.9998250236732676,6.073631094087717,1.0002274435485556,36.1963190184051,8.457796264804875,46.315789473684404,29.495225737427113
2010-02-23 05:00:00,AAPL,6.071,0.9980272891665296,6.052,0.997856553998351,6.062,0.9978600823045267,6.065,5740,6.067187499999999,0.9993411503103798,6.072523370841268,1.0002200345222856,39.88439306358388,8.89619922308823,37.80487804878086,30.425906096862338
2010-02-23 06:00:00,AAPL,6.053,0.9970350848295174,6.022,0.9950429610046266,6.032,0.9950511382382051,6.047,9632,6.06275,0.9992686067473605,6.068664002189719,1.000243358589086,36.06557377049189,9.532607990430483,1.2195121951223475,29.324066131094312
2010-02-23 07:00:00,AAPL,6.047,0.9990087559887658,6.022,1.0,6.036,1.0006631299734747,6.034,39620,6.0581249999999995,0.9992371448600057,6.065553144838317,1.0004623553401206,42.857142857142854,10.37073778252171,6.097560975609571,25.179388719407836
2010-02-23 08:00:00,AAPL,6.061,1.002315197618654,6.023,1.0001660577881102,6.039,1.0004970178926442,6.038,862260,6.0535,0.9992365624677603,6.063024273901334,1.0008087112598922,46.05263157894725,11.322242987123861,17.391304347826004,24.60892926828233
2010-02-23 09:00:00,AAPL,6.095,1.0056096353737007,5.997,0.9956832143450108,6.079,1.0066236131809903,6.041,65143848,6.055062499999999,1.0002581151400016,6.064545771625016,1.001824691769227,52.89855072463767,11.840272625714537,100.0,27.80041862998439
2010-02-23 10:00:00,AAPL,6.09,0.9991796554552912,5.967,0.9949974987493746,6.0,0.9870044415199869,6.072,116456704,6.052062499999999,0.999504546815165,6.058398555279776,1.0005509530710504,59.8765432098765,12.168200867229615,0.0,25.081742507052862
2010-02-23 11:00:00,AAPL,6.012,0.9871921182266009,5.956,0.9981565275682924,5.976,0.996,6.001,48825056,6.0486249999999995,0.9994320118141543,6.05055107382456,0.999750262629403,36.00000000000009,12.344256996918434,0.0,25.081742507052862
2010-02-23 12:00:00,AAPL,5.987,0.9958416500332669,5.908,0.9919408999328408,5.949,0.9954819277108433,5.978,85007888,6.0424999999999995,0.9989873731633222,6.040879542984126,0.9987194681409621,28.510638297872376,12.64321875645139,0.0,25.081742507052862
2010-02-23 13:00:00,AAPL,5.97,0.9971605144479705,5.928,1.0033852403520649,5.949,1.0,5.951,43799056,6.035374999999999,0.998820852296235,6.032129110318972,0.9982836756837357,27.346938775510253,13.159394398258534,0.0,25.081742507052862
2010-02-23 14:00:00,AAPL,5.981,1.0018425460636515,5.932,1.0006747638326587,5.964,1.0025214321734746,5.952,46972212,6.028312499999999,0.9988298158772239,6.025640623621927,0.9983871132484605,27.346938775510253,13.83916766501533,11.538461538461986,24.815738669620476
2010-02-23 15:00:00,AAPL,5.983,1.0003343922421,5.942,1.0016857720836143,5.955,0.9984909456740442,5.966,63190148,6.02175,0.9989113868930983,6.018912945181743,0.9984407651696463,31.660231660231787,14.668834743559545,4.615384615384794,23.200803896790987
2010-02-23 16:00:00,AAPL,6.007,1.0040113655356844,5.945,1.0005048805116123,5.971,1.002686817800168,5.957,13985384,6.0161875,0.9990762652052975,6.014349807545386,0.9987710893918522,31.060606060606204,15.431556164591086,16.923076923077122,21.450916357429787
2010-02-23 17:00:00,AAPL,5.978,0.9951722989845181,5.955,1.001682085786375,5.968,0.9994975715960476,5.971,165256,6.0105,0.9990546338524191,6.009935540160111,0.9989608103404541,34.296028880866544,16.130913007446935,14.615384615384725,20.56697573664708
2010-02-23 18:00:00,AAPL,5.976,0.9996654399464704,5.948,0.9988245172124266,5.965,0.9994973190348525,5.97,156464,6.004875,0.9990641377589219,6.005655964906767,0.9991940711932064,29.657794676806105,16.79994096539361,12.307692307692328,19.554829987659243
2010-02-23 19:00:00,AAPL,5.976,1.0,5.955,1.0011768661735037,5.967,1.0003352891869237,5.966,104076,5.999187500000001,0.9990528528903599,6.001974444439456,0.9995169665379305,30.83003952569169,17.430668796216406,13.8461538461537,18.686633856305193
2010-02-24 04:00:00,AAPL,5.971,0.9991633199464525,5.929,0.9956339210747271,5.939,0.9953075247192895,5.964,29008,5.9906875,0.9985831414670736,5.995976878302364,0.9994648239119653,35.555555555555515,18.235850666086424,0.0,17.28312508437537
2010-02-24 05:00:00,AAPL,5.961,0.9983252386534919,5.938,1.0015179625569235,5.952,1.0021889206937196,5.95,8400,5.983812499999999,0.9988523854732865,5.991788604178329,1.0001838026400691,30.522088353413793,19.10699543884656,9.285714285714237,16.22005073182733
2010-02-24 06:00:00,AAPL,5.979,1.003019627579265,5.943,1.0008420343550017,5.97,1.003024193548387,5.958,25200,5.9799375,0.9993524195485739,5.989713499018488,1.0009861604150345,33.20463320463328,19.768962102980275,22.142857142856975,14.87711004678137
2010-02-24 07:00:00,AAPL,6.002,1.0038467971232647,5.965,1.0037018340905266,5.983,1.002177554438861,5.976,690312,5.976625,0.9994460644446536,5.989074118159585,1.0015278785371227,27.00421940928271,20.103462190919313,31.42857142857121,14.522870790103054
2010-02-24 08:00:00,AAPL,5.998,0.9993335554815063,5.968,1.0005029337803857,5.989,1.0010028413839211,5.982,1802892,5.9735,0.9994771296509316,5.989067059287243,1.0020817868424474,45.02923976608177,20.274679847209544,35.714285714285666,16.43924709672324
2010-02-24 09:00:00,AAPL,6.05,1.0086695565188395,5.971,1.0005026809651474,6.035,1.0076807480380698,5.989,75766964,5.970750000000001,0.9995396333807652,5.99344162506941,1.0033383485510021,54.24836601307185,20.086447305037158,100.0,21.65604926474493
2010-02-24 10:00:00,AAPL,6.082,1.005289256198347,6.003,1.005359236308826,6.067,1.0053024026512014,6.036,109786852,5.974937500000001,1.0007013356780974,6.000447184586609,1.0049737779318526,75.0,19.280992411808064,100.0,26.245421245421266
2010-02-24 11:00:00,AAPL,6.079,0.9995067412035514,6.035,1.0053306679993337,6.053,0.9976924344816218,6.069,48644596,5.979750000000001,1.0008054477557295,6.00545221462598,1.0051071186311118,78.92156862745097,17.95090975595437,89.06249999999983,25.637782356532366
2010-02-24 12:00:00,AAPL,6.077,0.9996709985194934,6.039,1.0006628003314,6.062,1.0014868660168512,6.055,28445844,5.9868125,1.0011810694427024,6.010837717994935,1.0051988323918113,71.92118226600971,15.964291669109073,96.09375000000009,30.97632402319904
2010-02-24 13:00:00,AAPL,6.099,1.0036202073391476,6.049,1.0016559032952477,6.086,1.003959089409436,6.064,56599648,5.995374999999999,1.00143022685277,6.017996030566846,1.005208703390468,76.35467980295569,14.83532215475202,100.0,36.5318795787546
2010-02-24 14:00:00,AAPL,6.096,0.999508116084604,6.029,0.9966936683749379,6.039,0.9922773578705224,6.088,53742752,6.000062499999999,1.000781852678106,6.019996408608098,1.0041067337085836,77.25118483412324,14.446436247329059,68.0272108843534,40.31116907232978
2010-02-24 15:00:00,AAPL,6.079,0.9972112860892388,6.017,0.9980096201691824,6.063,1.003974167908594,6.042,72131920,6.006812499999999,1.001124988281372,6.02409198874066,1.0040048730726823,63.92156862745088,14.557398580684726,84.35374149659827,44.99748804436302
2010-02-24 16:00:00,AAPL,6.084,1.0008225037012666,6.032,1.0024929366794082,6.069,1.0009896091044037,6.065,7625828,6.0129375,1.0010196755766891,6.028368942193931,1.003588665734769,67.75362318840573,14.96779514163962,88.43537414965965,49.26953874498511
2010-02-24 17:00:00,AAPL,6.078,0.9990138067061145,6.047,1.0024867374005304,6.069,1.0,6.059,67200,6.01925,1.0010498196596922,6.032238566746891,1.0032099230612144,68.2142857142857,15.611649542866362,88.43537414965965,53.926204830222595
2010-02-24 18:00:00,AAPL,6.078,1.0,6.057,1.0016537125847529,6.068,0.9998352282089306,6.069,85372,6.0256875,1.0010694854010052,6.035644417532901,1.0027236644985507,75.79365079365061,16.48435795329947,87.75510204081588,57.86131733676364
2010-02-24 19:00:00,AAPL,6.078,1.0,6.054,0.9995047052996533,6.066,0.9996704021094265,6.068,294028,6.031875,1.0010268537822449,6.03853542538691,1.0021321924488964,74.1666666666664,17.507001556997807,86.39455782312896,61.84904918163833
2010-02-25 04:00:00,AAPL,6.049,0.9952286936492267,6.022,0.9947142385199867,6.041,0.995878667985493,6.034,5600,6.03825,1.0010568852968604,6.038770146778632,1.0011431183137303,71.42857142857126,18.590172790494517,66.41791044776133,64.85517241164217
2010-02-25 06:00:00,AAPL,6.047,0.9996693668374937,6.029,1.0011624045167717,6.039,0.9996689289852673,6.041,5600,6.0436875,1.0009005092535088,6.0387920375616195,1.0000897673268943,62.2881355932204,19.707159004945478,59.48275862068933,67.3905393435608
2010-02-25 07:00:00,AAPL,6.05,1.0004961137754258,6.022,0.9988389450986898,6.031,0.9986752773638019,6.042,60368,6.0475,1.0006308234831798,6.038049938746227,0.9990671984192147,60.77586206896539,20.71570015142765,46.60194174757257,69.97953610731483
2010-02-25 08:00:00,AAPL,6.05,1.0,6.0,0.9963467286615741,6.013,0.9970154203283038,6.034,2449580,6.049375000000001,1.0003100454733362,6.035664230294206,0.9980428656956106,48.969072164948344,21.349490496821527,24.74226804123703,70.83823353817722
2010-02-25 09:00:00,AAPL,6.023,0.9955371900826446,5.943,0.9904999999999999,5.977,0.9940129718942292,6.017,84165844,6.048625000000001,0.9998760202500259,6.030077160742376,0.9968099449517306,35.00000000000006,21.251116023971022,0.0,69.6080748080185
2010-02-25 10:00:00,AAPL,6.01,0.9978416071725054,5.956,1.0021874474171295,5.979,1.0003346160281077,5.98,83639388,6.045125000000001,0.999421356093327,6.0252126692431025,0.9961293135618593,31.188118811881353,20.341109626724368,1.8348623853208992,67.96397986117125
2010-02-25 11:00:00,AAPL,6.002,0.9986688851913478,5.956,1.0,5.97,0.9984947315604615,5.98,45972584,6.039062500000001,0.9989971257831723,6.0199543197913785,0.9958362018637128,28.7179487179487,18.616929281197898,0.0,65.97985287704428
2010-02-25 12:00:00,AAPL,6.002,1.0,5.957,1.0001678979180657,5.985,1.0025125628140705,5.971,35271040,6.034812500000001,0.9992962483829237,6.016625336954105,0.9962846612291402,17.77777777777773,16.607228148474295,12.931034482759049,61.142688126086455
2010-02-25 13:00:00,AAPL,6.04,1.0063312229256915,5.965,1.001342957864697,6.031,1.0076858813700917,5.988,51077096,6.032875000000001,0.9996789461147301,6.017994352482286,0.9972131449787851,31.756756756757028,15.352567097512267,52.586206896551424,58.50858850922819
2010-02-25 14:00:00,AAPL,6.082,1.006953642384106,6.022,1.0095557418273262,6.062,1.005140109434588,6.034,184288552,6.031375000000001,0.9997513623272486,6.022185366531592,0.9982281029412331,40.58823529411764,14.563576437496742,92.92929292929327,58.723410338633386
2010-02-25 15:00:00,AAPL,6.142,1.0098651759289707,6.053,1.0051477914314182,6.107,1.0074232926426923,6.064,168922936,6.035625,1.0007046486083189,6.03026295067144,0.99981562258547,48.20512820512829,13.628490841914587,100.0,58.94042422752226
2010-02-25 16:00:00,AAPL,6.124,0.9970693585151416,5.971,0.9864529985131341,6.104,0.9995087604388406,6.111,5205928,6.038187499999999,1.000424562493528,6.0372855267979695,1.000275120935772,57.916666666666714,12.98505855668456,97.81021897810211,58.8187697263057
2010-02-25 17:00:00,AAPL,6.114,0.9983670803396473,6.086,1.0192597554848435,6.096,0.9986893840104849,6.107,369796,6.039875,1.0002794712817382,6.042877381388639,1.0007767035039306,57.438016528925715,12.590181921499658,91.97080291970796,60.14896928382541
2010-02-25 18:00:00,AAPL,6.116,1.0003271180896303,6.087,1.0001643115346697,6.1,1.0006561679790025,6.098,196840,6.0418125,1.0003207847844533,6.048317630780197,1.0013978154813132,56.04838709677424,12.369496650349179,94.89051094890472,60.734345364509096
2010-02-25 19:00:00,AAPL,6.116,1.0,6.089,1.0003285690816495,6.105,1.0008196721311478,6.102,217700,6.044125,1.0003827493819115,6.053715951658273,1.0019701789253264,62.99559471365621,12.278987697665935,98.54014598540162,61.29572157760588
2010-02-26 06:00:00,AAPL,6.134,1.0029431000654023,6.114,1.0041057644933487,6.126,1.0034398034398033,6.127,33600,6.047875,1.0006204372014147,6.060600146738437,1.0027258117160776,64.34782608695666,12.174356172044105,100.0,61.93820079151367
2010-02-26 07:00:00,AAPL,6.143,1.0014672318226279,6.105,0.9985279685966635,6.12,0.9990205680705191,6.127,531020,6.052812500000001,1.000816402455408,6.066257275620491,1.003039460243555,69.54732510288076,11.917840134123942,96.15384615384602,62.40479768668201
2010-02-26 08:00:00,AAPL,6.152,1.0014650822073905,6.097,0.9986895986895987,6.138,1.0029411764705882,6.121,3367028,6.059,1.0010222520522483,6.0730899160375875,1.003350081641813,73.16017316017313,11.541959334677733,100.0,63.160655585397066
2010-02-26 09:00:00,AAPL,6.152,1.0,6.097,1.0,6.129,0.9985337243401758,6.14,71911756,6.065125000000001,1.001010892886615,6.078414685938769,1.0032042723120596,87.79342723004667,11.07072183136341,94.64285714285694,64.72870817956905
2010-02-26 10:00:00,AAPL,6.212,1.0097529258777633,6.116,1.003116286698376,6.179,1.0081579376733563,6.133,156691052,6.075500000000001,1.0017105995342224,6.087994239658887,1.003770613080338,84.09090909090872,10.168869103415762,100.0,66.9796660339752
2010-02-26 11:00:00,AAPL,6.206,0.9990341274951707,6.162,1.0075212557226947,6.184,1.0008091924259588,6.182,55532148,6.088437500000001,1.0021294543658958,6.097137645405659,1.003561459205935,90.03831417624502,9.222208443183193,100.0,69.94622482577672
2010-02-26 12:00:00,AAPL,6.2,0.999033193683532,6.164,1.000324569944823,6.181,0.9995148771021992,6.185,39296824,6.1010625,1.0020736026279318,6.105124536319406,1.0027407748407378,89.64143426294798,8.953211176208107,98.59813084112145,74.04932831465919
2010-02-26 13:00:00,AAPL,6.206,1.0009677419354839,6.171,1.0011356262167426,6.195,1.0022650056625142,6.184,34070400,6.115125000000001,1.002304926396017,6.1136841042889865,1.0020687551207657,86.05769230769205,9.232549772030938,100.0,79.60488387021475
2010-02-26 14:00:00,AAPL,6.206,1.0,6.177,1.0009722897423432,6.197,1.0003228410008072,6.197,29960392,6.128375,1.0021667586517036,6.121618951499559,1.0010619491015404,84.81675392670128,9.928518240115688,100.0,85.05850262658582
2010-02-26 15:00:00,AAPL,6.211,1.00080567193039,6.165,0.9980573093734824,6.187,0.9983863159593352,6.2,92359120,6.138125,1.0015909600832194,6.127845718023411,0.9999136342053825,80.40540540540505,10.759896884360696,92.59259259259274,90.20253554839653
2010-02-26 16:00:00,AAPL,6.209,0.9996779906617291,6.165,1.0,6.187,1.0,6.189,14887712,6.1459375000000005,1.0012727828123411,6.133479459164039,0.9992431661401551,76.77419354838696,11.538389829929105,90.09900990099031,94.48964529385381
2010-02-26 17:00:00,AAPL,6.199,0.9983894346915768,6.176,1.0017842660178427,6.187,1.0,6.188,555100,6.150937499999999,1.0008135455331262,6.138576653529369,0.9988023232467574,80.95238095238078,12.045079925069427,90.09900990099031,96.57368990521152
2010-02-26 18:00:00,AAPL,6.196,0.9995160509759639,6.176,1.0,6.187,1.0,6.189,114324,6.156124999999999,1.00084336737286,6.143188400812287,0.9987401759182707,80.41958041958031,12.770712701888392,90.09900990099031,96.41645195919469
2010-02-26 19:00:00,AAPL,6.201,1.000806972240155,6.176,1.0,6.189,1.000323258445127,6.19,280252,6.161937499999999,1.0009441816077482,6.147551410258735,0.9986073073985235,79.710144927536,13.711309815837023,91.75257731958766,95.95826181028289
2010-03-01 04:00:00,AAPL,6.238,1.0059667795516853,6.217,1.0066386010362693,6.227,1.006139925674584,6.231,5600,6.169874999999999,1.0012881500339788,6.155117942615046,0.998893277092643,76.47058823529386,14.982145522937488,100.0,96.07991631149945
2010-03-01 05:00:00,AAPL,6.246,1.001282462327669,6.227,1.0016084928422069,6.237,1.0016059097478722,6.239,30800,6.178125,1.0013371421625237,6.162916233794566,0.9988721382190995,85.43046357615884,16.556273436264185,100.0,96.5259828159601
2010-03-01 07:00:00,AAPL,6.236,0.9983989753442202,6.197,0.9951822707563834,6.207,0.9951899951899952,6.216,371980,6.183187499999999,1.0008194233687404,6.167114687718892,0.9982178553717985,84.61538461538453,18.079604580946487,74.35897435897415,95.3853418942973
2010-03-01 08:00:00,AAPL,6.225,0.9982360487491981,6.176,0.9966112635146038,6.215,1.0012888674077653,6.206,3565884,6.189124999999999,1.000960265235366,6.171675193650427,0.9981381275677679,73.78048780487805,19.421968086427885,79.6296296296295,94.33475765230997
2010-03-01 09:00:00,AAPL,6.277,1.0083534136546186,6.202,1.0042098445595855,6.261,1.0074014481094127,6.218,90758556,6.196812499999999,1.0012420980348595,6.180182318064672,0.9985550975403911,64.75409836065558,20.839612573752408,100.0,94.33475765230997
2010-03-01 10:00:00,AAPL,6.324,1.0074876533375816,6.243,1.006610770719123,6.307,1.0073470691582815,6.26,143415776,6.207937499999999,1.0017952778141987,6.192260192534704,0.9992653791823949,73.61963190184044,22.47444208517776,100.0,94.54843286598518
2010-03-01 11:00:00,AAPL,6.331,1.0011068943706516,6.291,1.007688611244594,6.306,0.9998414460123671,6.31,64464232,6.215874999999999,1.0012786050117288,6.203092555150446,0.9992195564389054,80.58252427184468,24.054178799206184,99.20634920634895,94.50434115522678
2010-03-01 12:00:00,AAPL,6.33,0.9998420470699731,6.292,1.0001589572405023,6.304,0.9996828417380274,6.308,39326840,6.223375,1.001206587970318,6.212702787993261,0.9994896596204497,78.75647668393769,25.570810351932593,97.61904761904754,94.66968507057071
2010-03-01 13:00:00,AAPL,6.337,1.0011058451816746,6.293,1.0001589319771138,6.321,1.0026967005076142,6.306,43777860,6.232125,1.0014059895153353,6.223016808184379,0.9999424441214582,77.72020725388599,27.043600682799944,100.0,94.66968507057071
2010-03-01 14:00:00,AAPL,6.334,0.9995265898690232,6.3,1.0011123470522802,6.314,0.9988925802879292,6.324,40051200,6.2395625,1.0011934131616422,6.231681874071581,0.9999288964954299,83.49999999999983,28.441291957656397,94.7761194029853,94.37946948184769
2010-03-01 15:00:00,AAPL,6.343,1.0014209030628356,6.294,0.999047619047619,6.319,1.0007918910357934,6.316,105467796,6.2471875,1.0012220408081496,6.2399978860647645,1.0000697783001236,80.67632850241543,29.74500534756063,98.50746268656732,94.37443236215023
2010-03-01 16:00:00,AAPL,6.33,0.9979504966104367,6.247,0.9925325707022562,6.313,0.9990504826713087,6.321,11785228,6.255062500000001,1.001260567255265,6.246950468344311,0.9999620578611272,81.13207547169807,30.66301527467565,94.02985074626862,94.04275740360961
2010-03-01 17:00:00,AAPL,6.327,0.9995260663507108,6.302,1.0088042260284937,6.314,1.0001584032947886,6.317,371672,6.263,1.0012689721325725,6.253336138025805,0.9997240056395605,78.89908256880722,31.27450216310527,94.7761194029853,93.75254181488657
2010-03-01 18:00:00,AAPL,6.327,1.0,6.306,1.0006347191367821,6.317,1.0004751346214762,6.318,350560,6.271125000000001,1.0012973016126459,6.259399362975729,0.9994250938808444,78.80184331797227,31.643699226412327,97.01492537313464,93.99822696936113
2010-03-01 19:00:00,AAPL,6.326,0.9998419472103682,6.302,0.9993656834760545,6.312,0.9992084850403673,6.317,185192,6.2789375000000005,1.0012457892323943,6.264408947454231,0.9989290513989483,74.72527472527463,31.793846742472184,93.18181818181858,94.1694940960738
2010-03-01 20:00:00,AAPL,6.314,0.9981030667088208,6.295,0.9988892415106316,6.305,0.998891001267427,6.308,137200,6.2861875000000005,1.0011546539522014,6.268274761982399,0.9983018244698881,71.18644067796609,31.70742163231044,85.96491228070172,93.9398220060578
2010-03-02 04:00:00,AAPL,6.311,0.9995248653785239,6.292,0.9995234312946782,6.302,0.9995241871530531,6.305,7224,6.290875,1.0007456824983345,6.271486689412646,0.9976614107378512,81.81818181818161,31.28093697849897,83.3333333333332,93.56395108563238
2010-03-02 06:00:00,AAPL,6.327,1.0025352559023926,6.309,1.0027018436109345,6.319,1.0026975563313234,6.321,2800,6.296,1.000814672044827,6.276011766611442,0.9976373344902645,79.19463087248296,30.625023942183812,98.24561403508791,93.9246753476046
2010-03-02 07:00:00,AAPL,6.365,1.006006006006006,6.312,1.0004755111745127,6.337,1.0028485519860737,6.339,431452,6.304124999999999,1.001290501905972,6.281820169791305,0.99774780333407,74.1666666666664,30.154428303690448,100.0,93.9246753476046
2010-03-02 08:00:00,AAPL,6.377,1.001885310290652,6.321,1.001425855513308,6.363,1.004102887801799,6.342,3653776,6.313375000000001,1.0014672932405373,6.289551582192133,0.9976882727090808,66.30434782608651,30.024771434240552,100.0,93.9246753476046
2010-03-02 09:00:00,AAPL,6.383,1.0009408812921436,6.327,1.0009492168960608,6.353,0.9984284142699983,6.364,95504108,6.3191250000000005,1.000910764844477,6.295594288650025,0.9971836440335042,74.35897435897434,29.988897807334588,83.6065573770483,94.43842995971984
2010-03-02 10:00:00,AAPL,6.367,0.9974933416888611,6.306,0.9966808914177335,6.325,0.9955926334015427,6.356,98284200,6.32025,1.00017803097739,6.298394832588118,0.9967194560304025,69.59999999999951,29.688015317577772,37.70491803278731,92.10927931545083
2010-03-02 11:00:00,AAPL,6.371,1.0006282393591959,6.314,1.0012686330478908,6.352,1.0042687747035572,6.328,54656728,6.323125,1.0004548870693406,6.303500086627344,0.9973498020849404,51.470588235294265,29.156554823229747,81.96721311475414,91.10745782182607
2010-03-02 12:00:00,AAPL,6.363,0.9987443101553917,6.33,1.002534051314539,6.343,0.9985831234256927,6.354,28632744,6.3255625,1.0003854897696947,6.307261983139026,0.9974912694496828,62.179487179487076,28.43853034253593,67.21311475409804,89.28596419705374
2010-03-02 13:00:00,AAPL,6.361,0.9996856828539996,6.324,0.9990521327014218,6.35,1.0011035787482263,6.346,26261424,6.327375,1.000286535782391,6.311332270459118,0.9977503614040836,57.49999999999988,27.49381121138125,78.68852459016293,88.14608505171007
2010-03-02 14:00:00,AAPL,6.364,1.0004716239584972,6.277,0.9925679949399115,6.289,0.9903937007874016,6.352,70391692,6.3258125,0.9997530571524526,6.309205387558251,0.9971284122654736,61.49068322981348,26.044580225750696,0.0,82.72280462842964
2010-03-02 15:00:00,AAPL,6.322,0.9934003771213074,6.271,0.9990441293611597,6.313,1.0038161869931628,6.292,98010528,6.3254375000000005,0.999940719077589,6.309566779219369,0.9974318364983739,44.343891402714895,24.17573431801626,32.432432432432144,78.96905087467587
2010-03-02 16:00:00,AAPL,6.353,1.0049035115469787,6.298,1.00430553340775,6.309,0.999366386820846,6.315,11051824,6.3251875,0.9999604770421018,6.309512800246096,0.9974824350483418,49.17355371900818,22.497213665367696,27.027027027027383,75.20521240934487
2010-03-02 17:00:00,AAPL,6.323,0.9952778215016529,6.299,1.000158780565259,6.31,1.0001585037248375,6.313,254996,6.3249375,0.9999604754799758,6.309559200222658,0.9975291958100306,49.37759336099583,20.989583259606515,28.378378378377974,71.309152170001
2010-03-02 18:00:00,AAPL,6.323,1.0,6.296,0.99952373392602,6.307,0.9995245641838353,6.312,277340,6.3243125000000004,0.9999011847943162,6.309315466868119,0.9975300889325972,51.06382978723401,19.614588269254522,24.324324324325005,67.43662292433746
2010-03-02 19:00:00,AAPL,6.322,0.9998418472244187,6.294,0.999682337992376,6.304,0.9995243380371016,6.31,150752,6.323812500000001,0.999920940023125,6.308809231928298,0.9975486239695299,51.06382978723422,18.375328059643557,20.27027027027084,63.29740908363111
2010-03-03 04:00:00,AAPL,6.311,0.9982600442897817,6.292,0.9996822370511599,6.302,0.9996827411167512,6.305,2800,6.323625,0.9999703501645565,6.308160733649412,0.9975249477509669,46.60633484162902,17.29372705663534,17.56756756756726,58.883666983321824
2010-03-03 05:00:00,AAPL,6.31,0.9998415465061004,6.291,0.9998410680228863,6.301,0.9998413202158046,6.303,5600,6.3235625,0.9999901164284727,6.307478759016135,0.9974466795573955,41.46341463414631,16.364253049010063,16.21621621621667,54.60780020745506
2010-03-03 07:00:00,AAPL,6.323,1.0020602218700476,6.283,0.9987283420759816,6.293,0.9987303602602762,6.316,106400,6.3219375,0.9997430246004526,6.306099829586026,0.997238475872742,32.7777777777776,15.49130474461313,5.405405405405957,50.1322720477164
2010-03-03 08:00:00,AAPL,6.339,1.0025304444092993,6.282,0.9998408403628839,6.324,1.0049261083743841,6.302,1660596,6.321125,0.9998714792735613,6.307804607720691,0.9977644682062565,33.14606741573027,14.532831636610434,47.29729729729702,48.130270045714404
2010-03-03 09:00:00,AAPL,6.343,1.0006310143555766,6.277,0.9992040751353073,6.329,1.0007906388361796,6.322,57976856,6.319,0.9996638256639443,6.309823216509196,0.9982120613829335,49.72375690607725,13.428987248021869,62.5,46.14440259932062
2010-03-03 10:00:00,AAPL,6.354,1.0017341951757843,6.295,1.0028676119165205,6.338,1.0014220255964608,6.331,76586300,6.3180625,0.999851637917392,6.3125067196987965,0.998972419638993,42.76729559748401,12.253158875526134,77.77777777777762,44.909834698086044
2010-03-03 11:00:00,AAPL,6.353,0.9998426188227887,6.315,1.0031771247021446,6.34,1.0003155569580309,6.341,47042660,6.319,1.0001483840971817,6.31512512734653,0.9995350833181106,48.427672955974856,11.183442318006222,80.95238095238041,43.85163363988495
2010-03-03 12:00:00,AAPL,6.348,0.9992129702502754,6.316,1.0001583531274743,6.334,0.9990536277602523,6.341,29727376,6.317875,0.9998219655008704,6.316922734265908,0.9996712666981972,46.753246753246785,10.182017977291531,73.77049180327865,43.305185552453295
2010-03-03 13:00:00,AAPL,6.354,1.000945179584121,6.318,1.000316656111463,6.334,1.0,6.337,28475664,6.3173125,0.9999109668994718,6.318549140526297,1.0001067036822187,72.72727272727306,9.288137100135586,73.77049180327865,45.308828539702816
2010-03-03 14:00:00,AAPL,6.35,0.9993704752911551,6.291,0.9957264957264959,6.309,0.9960530470476793,6.337,56239848,6.31475,0.9995943686496434,6.317639698571411,1.000051793950578,64.00000000000023,8.332632751173023,39.21568627451059,42.933743715244844
2010-03-03 15:00:00,AAPL,6.344,0.9990551181102363,6.291,1.0,6.329,1.0031700744967507,6.311,61914132,6.31725,1.0003958984916266,6.3187216320408,1.0006289452536996,50.0,7.674195632626912,76.59574468085066,43.45500093339777
2010-03-03 16:00:00,AAPL,6.349,1.0007881462799495,6.315,1.0038149737720554,6.325,0.9993679886237953,6.328,8489936,6.3180000000000005,1.0001187225454116,6.319319571846438,1.000327606450028,58.260869565217554,7.35315787212896,68.0851063829792,42.86592214410978
2010-03-03 17:00:00,AAPL,6.337,0.9981099385730036,6.315,1.0,6.326,1.0001581027667983,6.327,260624,6.319062499999999,1.000168170307059,6.319955803099158,1.000309560477866,57.75862068965517,7.076918119965048,70.21276595744612,46.766631363967896
2010-03-03 18:00:00,AAPL,6.337,1.0,6.315,1.0,6.327,1.000158077774265,6.328,68684,6.320124999999999,1.0001681420305621,6.3206266789944765,1.0002475333951004,59.64912280701742,6.8400043945467,72.34042553191493,48.98374209171694
2010-03-03 19:00:00,AAPL,6.336,0.9998421966230078,6.314,0.9998416468725256,6.325,0.9996838944207366,6.329,137480,6.32125,1.000178002808489,6.321043185756907,1.0001452796830614,61.06194690265524,6.656422905151377,68.0851063829792,51.26474650038094
2010-03-04 07:00:00,AAPL,6.344,1.0012626262626263,6.314,1.0,6.324,0.9998418972332015,6.337,78484,6.3225,1.000197745699031,6.321324787113392,1.000011831064013,60.52631578947386,6.608891908837558,65.9574468085104,53.35247252427718
2010-03-04 08:00:00,AAPL,6.344,1.0,6.306,0.9987329743427305,6.335,1.0017394054395952,6.33,1068508,6.324562499999999,1.0003262158956108,6.322627188340689,1.0000201167798637,64.48598130841128,6.613577291893474,89.36170212765974,56.965660180018
2010-03-04 09:00:00,AAPL,6.386,1.0066204287515763,6.298,0.9987313669521091,6.37,1.0055248618784531,6.338,72621836,6.328875,1.0006818653464173,6.3271388846891945,1.0004073617248932,56.321839080459924,6.958672540120877,100.0,61.395089609447396
2010-03-04 10:00:00,AAPL,6.38,0.9990604447228312,6.31,1.0019053667831057,6.34,0.9952904238618524,6.372,82764192,6.3318125,1.00046414252138,6.328363752814033,0.9999192198951682,67.52136752136781,7.532383755416215,50.81967213114709,63.242428751868516
2010-03-04 11:00:00,AAPL,6.372,0.9987460815047022,6.328,1.002852614896989,6.359,1.0029968454258675,6.343,39153688,6.334,1.000345477696947,6.331281490641268,0.9999161362787145,50.724637681159344,8.156136203021656,81.96721311475389,66.89526191289835
2010-03-04 12:00:00,AAPL,6.37,0.9996861268047709,6.338,1.0015802781289507,6.352,0.9988991979871049,6.361,23870252,6.3354375,1.0002269497947585,6.333254682008766,0.9998823305981633,56.12903225806458,8.83570229494706,70.49180327868883,70.51117290585852
2010-03-04 13:00:00,AAPL,6.37,1.0,6.333,0.9992111076049227,6.347,0.9992128463476071,6.355,25280976,6.336,1.0000887862913965,6.334563759912693,0.9998620868586727,55.76923076923104,9.401692855179407,62.29508196721359,71.34438316529831
2010-03-04 14:00:00,AAPL,6.382,1.0018838304552589,6.336,1.0004737091425864,6.368,1.0033086497557901,6.35,42376432,6.33775,1.0002761994949494,6.337748163730532,1.0002759096796925,54.037267080745615,9.976387894310012,96.72131147541019,73.24556713615442
2010-03-04 15:00:00,AAPL,6.384,1.000313381385146,6.34,1.0006313131313131,6.372,1.0006281407035176,6.37,57661268,6.340125,1.000374738669086,6.341010243375243,1.0005144165319306,68.7898089171976,10.569155025477084,100.0,74.480135037389
2010-03-04 16:00:00,AAPL,6.384,1.0,6.313,0.9957413249211357,6.372,1.0,6.373,9191672,6.342499999999999,1.0003745982926204,6.343961648768078,1.000605137717013,65.24822695035476,10.79751044043294,100.0,75.5383360955901
2010-03-04 17:00:00,AAPL,6.383,0.9998433583959899,6.361,1.0076033581498496,6.375,1.0004708097928436,6.374,296156,6.3466249999999995,1.0006503744580213,6.346917682218737,1.0006965206493872,67.15328467153279,11.053459817529786,100.0,76.99553099540795
2010-03-04 18:00:00,AAPL,6.461,1.0122199592668024,6.365,1.0006288319446628,6.431,1.0087843137254902,6.377,6406624,6.352999999999999,1.0010044708801922,6.354925522007429,1.0013078639446051,67.62589928057565,11.99411511369609,100.0,78.4527258952258
2010-03-04 19:00:00,AAPL,6.446,0.997678377960068,6.419,1.008483896307934,6.434,1.000466490436946,6.431,1057728,6.359812499999999,1.0010723280339997,6.362456424673388,1.0014884975087972,76.80412371134024,13.359145322989328,100.0,81.82963221330854
2010-03-05 05:00:00,AAPL,6.443,0.999534595097735,6.413,0.9990652749649479,6.434,1.0,6.425,25200,6.3665625,1.0010613520445768,6.369270098514018,1.0014870876325392,77.9487179487179,14.931516540947442,100.0,83.12986861992795
2010-03-05 06:00:00,AAPL,6.437,0.9990687567903151,6.417,1.0006237330422578,6.428,0.999067454149829,6.43,16800,6.372875,1.0009915083689196,6.374863422465064,1.0013038311435825,78.35051546391762,16.62050149604615,94.54545454545435,84.59988796228768
2010-03-05 07:00:00,AAPL,6.462,1.0038837967997514,6.421,1.0006233442418577,6.436,1.0012445550715618,6.441,560140,6.3798125,1.0010885981601712,6.380685953658867,1.0012256561848252,74.6031746031746,18.51546460802069,100.0,86.25473429798511
2010-03-05 08:00:00,AAPL,6.525,1.00974930362117,6.42,0.9998442610185329,6.512,1.0118085767557488,6.442,16861516,6.391562499999999,1.0018417469165433,6.393192053310404,1.0020971703024821,70.37037037037032,20.780229950143642,100.0,87.79137732398985
2010-03-05 09:00:00,AAPL,6.583,1.008888888888889,6.479,1.009190031152648,6.57,1.008906633906634,6.514,209541892,6.40625,1.0022979514007726,6.41003090537608,1.0028894977364424,91.34615384615391,23.552762193758106,100.0,89.5644269693799
2010-03-05 10:00:00,AAPL,6.597,1.0021266899589854,6.545,1.0101867572156196,6.584,1.0021308980213088,6.572,145404000,6.419625,1.0020878048780488,6.426599390578358,1.0031764902366216,92.71255060728753,26.560523110218092,100.0,91.45567992446264
2010-03-05 11:00:00,AAPL,6.621,1.003638017280582,6.571,1.0039724980901452,6.609,1.0037970838396113,6.586,119335412,6.436437499999999,1.0026189224448467,6.443970877189942,1.0037924142282364,95.66929133858262,29.732806075097894,100.0,92.046696472926
2010-03-05 12:00:00,AAPL,6.637,1.0024165533907263,6.587,1.0024349414092224,6.628,1.0028748676047814,6.611,81435368,6.453249999999999,1.0026120816057018,6.4614974603147095,1.0038934519778542,97.81021897810211,32.98277761525565,100.0,92.046696472926
2010-03-05 13:00:00,AAPL,6.651,1.0021093867711315,6.598,1.001669955973888,6.62,0.9987929993964997,6.63,102644920,6.469999999999999,1.0025955913686901,6.476592940284737,1.003617237870025,97.79411764705874,36.23930592319542,97.15302491103202,94.62077162736404
2010-03-05 14:00:00,AAPL,6.646,0.9992482333483687,6.605,1.0010609275538043,6.623,1.0004531722054382,6.622,65019612,6.48725,1.0026661514683155,6.490536469781429,1.0031741066122768,94.92753623188399,39.46672914533611,98.07692307692312,95.51575551415122
2010-03-05 15:00:00,AAPL,6.643,0.9995486006620523,6.595,0.9984859954579862,6.621,0.9996980220443908,6.625,137672276,6.5030625,1.0024374735057229,6.502961567897484,1.0024219149712872,94.98207885304653,42.495081144225345,97.26562500000013,97.00319005422408
2010-03-05 16:00:00,AAPL,6.635,0.9987957248231221,6.36,0.9643669446550418,6.625,1.0006041383476816,6.623,14919296,6.5188749999999995,1.0024315466751241,6.514584275716771,1.001771746114507,94.24460431654677,43.522373529938896,98.82812499999996,99.03280355604554
2010-03-05 17:00:00,AAPL,6.634,0.9998492840994726,6.549,1.0297169811320754,6.621,0.9993962264150944,6.626,1030652,6.5344375,1.0023872984218904,6.524719106600888,1.0008964900540183,92.92035398230088,43.43019958245587,97.2332015810278,99.06124189524652
2010-03-05 18:00:00,AAPL,6.633,0.9998492613807657,6.609,1.0091617040769583,6.624,1.0004531037607611,6.623,343252,6.55,1.0023816128014078,6.534174429781756,0.9999597409542529,91.18942731277549,42.60022056982508,97.99999999999977,98.95013078413541
2010-03-05 19:00:00,AAPL,6.633,1.0,6.609,1.0,6.62,0.9993961352657006,6.625,354788,6.561812499999999,1.0018034351145038,6.542348293612065,0.9988318005514604,91.3043478260871,41.08920695243394,96.0,98.72790856191317
2010-03-08 04:00:00,AAPL,6.658,1.00376903361978,6.615,1.0009078529278257,6.649,1.004380664652568,6.628,25200,6.57525,1.0020478335825658,6.552505598982345,0.9985816569708972,92.10526315789515,39.18130838503836,100.0,98.72790856191317
2010-03-08 05:00:00,AAPL,6.651,0.99894863322319,6.627,1.001814058956916,6.642,0.998947210106783,6.64,11200,6.5882499999999995,1.0019771111364586,6.5610288752697405,0.9978371735325259,92.77108433734978,37.05086732831325,96.83257918552052,98.55194073888654
2010-03-08 07:00:00,AAPL,6.651,1.0,6.613,0.9978874302097481,6.642,1.0,6.633,326872,6.601624999999999,1.0020301293970326,6.568740410958337,0.9970387297018688,86.11111111111174,34.74248487645909,96.71361502347433,98.36936379574621
2010-03-08 08:00:00,AAPL,6.688,1.005563073222072,6.629,1.0024194767881445,6.653,1.0016561276723877,6.643,7318360,6.615187499999999,1.0020544184197073,6.5767651337242095,0.9962342807602992,79.50819672131217,32.3821929740321,100.0,98.36936379574621
2010-03-08 09:00:00,AAPL,6.671,0.9974581339712919,6.588,0.9938150550610952,6.604,0.9926349015481738,6.654,113340416,6.6209375,1.0008692119459957,6.57935893051238,0.994583892068423,78.99159663865615,29.70522297140379,40.963855421686866,95.39260828887025
2010-03-08 10:00:00,AAPL,6.655,0.9976015589866587,6.591,1.0004553734061932,6.644,1.0060569351907935,6.606,77384300,6.625562500000001,1.000698541558503,6.585515222844535,0.9946499604994813,48.25174825174824,26.65942238708257,86.95652173913122,94.66797060771087
2010-03-08 11:00:00,AAPL,6.656,1.0001502629601802,6.607,1.0024275527234108,6.63,0.99789283564118,6.647,55185368,6.6284374999999995,1.0004339254214263,6.589751868287912,0.9945950805366203,54.87804878048792,23.719401686487316,53.06122448979607,92.06026085714399
2010-03-08 12:00:00,AAPL,6.642,0.9978966346153847,6.608,1.0001513546238836,6.63,1.0,6.632,37014684,6.6297500000000005,1.0001980104662676,6.593585023689064,0.9947419770781672,52.94117647058823,21.781621914573883,53.06122448979607,89.45255110657712
2010-03-08 13:00:00,AAPL,6.646,1.0006022282445046,6.615,1.0010593220338984,6.631,1.0001508295625943,6.632,29698900,6.6299375000000005,1.0000282816094122,6.597148354766296,0.9950825226843087,52.09580838323348,20.705873444908743,55.10204081632738,86.95822004081752
2010-03-08 14:00:00,AAPL,6.642,0.9993981342160699,6.608,0.9989417989417989,6.624,0.9989443522847232,6.634,32829636,6.6301875,1.0000377077461136,6.599705654312364,0.9954401009530426,53.012048192771076,20.40318480737423,40.8163265306118,83.67023818140707
2010-03-08 15:00:00,AAPL,6.637,0.9992472146943691,6.605,0.9995460048426151,6.622,0.9996980676328503,6.626,68880868,6.630125,0.9999905734189266,6.601828925330233,0.9957228095480306,49.70414201183422,20.727917307904093,36.73469387755098,80.15549895238213
2010-03-08 16:00:00,AAPL,6.638,1.0001506704836522,6.602,0.9995457986373959,6.619,0.9995469646632437,6.622,5981612,6.63,0.9999811466601309,6.603464265774973,0.9959788489319543,50.29940119760462,21.525095378437488,30.61224489795885,76.45878895165585
2010-03-08 17:00:00,AAPL,6.638,1.0,6.606,1.0006058770069675,6.62,1.0001510802235989,6.622,314636,6.6296875,0.9999528657616893,6.605039097605928,0.996235158009944,48.50299401197607,22.08950048734486,32.653061224490166,72.824129959854
2010-03-08 18:00:00,AAPL,6.647,1.001355830069298,6.607,1.0001513775355737,6.621,1.0001510574018126,6.622,112560,6.629687499999999,0.9999999999999999,6.606559183548221,0.9965114017136133,50.0,22.398676177842745,34.69387755102148,69.34792176824405
2010-03-08 19:00:00,AAPL,6.629,0.9972920114337294,6.597,0.9984864537611624,6.613,0.9987917233046367,6.622,282828,6.629,0.999896299787886,6.607172594638866,0.9966039266011961,39.705882352941344,22.511737070131453,18.367346938776397,64.87787854262052
2010-03-09 05:00:00,AAPL,6.6,0.9956252828480917,6.58,0.9974230710929209,6.591,0.9966732194163012,6.593,5628,6.6271875,0.9997265801780058,6.605632347530403,0.9964749355152215,39.41605839416065,22.511012802995765,0.0,59.47603401034121
2010-03-09 06:00:00,AAPL,6.599,0.999848484848485,6.58,1.0,6.59,0.9998482779547868,6.593,2800,6.6235,0.9994435799500165,6.604143552527507,0.9965228164326884,33.96226415094341,22.558223918128647,0.0,54.03158956589678
2010-03-09 07:00:00,AAPL,6.611,1.0018184573420215,6.566,0.9978723404255319,6.6,1.0015174506828528,6.579,134008,6.620875,0.9996036838529478,6.603748928477268,0.9970180310224607,28.859060402684918,22.627019078890413,15.873015873015605,49.58009044773098
2010-03-09 08:00:00,AAPL,6.625,1.0021176826501286,6.587,1.0031982942430704,6.609,1.0013636363636365,6.605,1118740,6.618812499999999,0.9996884852832895,6.604249030527051,0.9974888561598054,48.18181818181801,22.565850096341258,30.158730158730496,45.700019900993794
2010-03-09 09:00:00,AAPL,6.649,1.003622641509434,6.577,0.9984818582055565,6.635,1.0039340293539114,6.614,72220680,6.617687499999999,0.9998300299336172,6.60717769428638,0.9982421611560051,27.848101265823374,22.525218493453547,83.33333333333279,44.950061798094474
2010-03-09 10:00:00,AAPL,6.787,1.0207550007519928,6.611,1.0051695301809336,6.763,1.0192916352675208,6.636,207694004,6.627625,1.0015016574898712,6.622017913878152,1.000654369653773,52.74725274725263,21.403317236342602,100.0,45.132638741234786
2010-03-09 11:00:00,AAPL,6.776,0.9983792544570502,6.716,1.0158826198759643,6.763,1.0,6.767,119707980,6.6350625,1.001122196865393,6.63544477922309,1.001179876535424,80.36529680365268,19.46859170924413,100.0,45.132638741234786
2010-03-09 12:00:00,AAPL,6.796,1.0029515938606848,6.743,1.0040202501488982,6.782,1.002809404110602,6.766,71083684,6.6445625,1.0014317875679393,6.649402419297082,1.0021612334920857,80.27522935779785,17.51803119264225,100.0,48.41242455114107
2010-03-09 13:00:00,AAPL,6.806,1.0014714537963507,6.758,1.0022245291413316,6.795,1.0019168386906516,6.785,67990272,6.6548750000000005,1.001552020919361,6.663268855554502,1.0028152877716934,84.3478260869564,16.637362259895465,100.0,49.13706223230045
2010-03-09 14:00:00,AAPL,6.812,1.000881575080811,6.733,0.9963006806747557,6.753,0.9938189845474614,6.798,107992976,6.662500000000001,1.001145776592348,6.671814678835026,1.002545454097188,85.89211618257241,16.438126158602184,79.51219512195132,50.60656060075352
2010-03-09 15:00:00,AAPL,6.771,0.9939812096300645,6.684,0.9927224120005942,6.747,0.9991115059973344,6.755,167157480,6.670187500000001,1.001153846153846,6.678975185612642,1.002472823356494,73.92857142857139,16.501069443993817,76.58536585365853,51.91345734319033
2010-03-09 16:00:00,AAPL,6.806,1.0051691035297592,6.725,1.0061340514661878,6.745,0.9997035719579073,6.746,11987024,6.677875,1.0011525163273145,6.685263263173343,1.0022601708232852,72.28070175438584,16.90250419489176,75.60975609756107,53.05277485881442
2010-03-09 17:00:00,AAPL,6.754,0.9923596826329708,6.731,1.0008921933085502,6.745,1.0,6.745,224168,6.6857500000000005,1.0011792673567566,6.690952476204453,1.0019583289900533,71.67832167832158,17.549398472286864,75.60975609756107,54.985743168089385
2010-03-09 18:00:00,AAPL,6.76,1.0008883624518805,6.734,1.0004456990046056,6.745,1.0,6.749,357812,6.6935625000000005,1.0011685300826385,6.696099859423076,1.0015480476271286,73.7410071942445,18.380436369476158,75.60975609756107,57.14546884697883
2010-03-09 19:00:00,AAPL,6.761,1.000147928994083,6.734,1.0,6.751,1.000889547813195,6.748,214228,6.701687500000001,1.0012138528623584,6.701328444239926,1.0011602109100983,80.07812499999996,19.303883195990498,78.53658536585387,59.80793220630633
2010-03-10 06:00:00,AAPL,6.782,1.0031060494009763,6.762,1.004158004158004,6.773,1.0032587764775587,6.775,12824,6.711687500000001,1.0014921614891772,6.708154306693267,1.0009649519905643,80.84291187739471,20.39388671899392,89.26829268292671,62.95322284288615
2010-03-10 07:00:00,AAPL,6.785,1.0004423473901505,6.756,0.9991126885536824,6.772,0.9998523549387274,6.775,202580,6.723000000000001,1.001685492657398,6.714234848912955,1.000379539260872,81.68498168498172,21.653112520553588,88.7804878048782,65.95803452365595
2010-03-10 08:00:00,AAPL,6.796,1.0016212232866617,6.757,1.0001480165778567,6.778,1.0008860011813348,6.77,3039736,6.734750000000002,1.0017477316674106,6.720307720445055,0.9995995419373872,80.75471698113226,23.045864257104597,91.28205128205111,70.00885143161567
2010-03-10 09:00:00,AAPL,6.809,1.001912889935256,6.737,0.997040106556164,6.769,0.9986721746827973,6.781,82357744,6.745312500000001,1.00156835814247,6.7249450804026685,0.9985441301314327,79.18367346938791,24.484441945201212,86.0215053763442,74.78782395252368
2010-03-10 10:00:00,AAPL,6.807,0.9997062711117639,6.752,1.0022265103161645,6.788,1.0028069138720639,6.771,89185292,6.756500000000001,1.001658559184619,6.73095031084051,0.9978707896543725,52.380952380952515,25.897803878495328,95.62500000000021,80.1003239525237
2010-03-10 11:00:00,AAPL,6.811,1.0005876303804906,6.769,1.0025177725118484,6.791,1.0004419563936358,6.791,62620572,6.76625,1.0014430548360838,6.7366693288557,0.9970649491387108,58.62068965517267,27.273617775064498,92.00000000000085,84.32960084846732
2010-03-10 12:00:00,AAPL,6.808,0.9995595360446337,6.759,0.9985226769094401,6.794,1.0004417611544691,6.793,58880052,6.7681875,1.0002863476815074,6.7421293927742045,0.9964351587325629,53.48837209302344,28.208142056390948,97.99999999999932,88.09856028409337
2010-03-10 13:00:00,AAPL,6.816,1.00117508813161,6.76,1.0001479508803077,6.78,0.997939358257286,6.797,59757152,6.7692499999999995,1.0001569844216047,6.7457361172719,0.9966828072171316,49.57983193277296,28.788348333597877,70.00000000000054,87.35781954335268
2010-03-10 14:00:00,AAPL,6.826,1.0014671361502347,6.766,1.0008875739644971,6.802,1.003244837758112,6.783,78729980,6.7705,1.000184658566311,6.751094582293623,0.9973179572764521,64.83516483516547,29.04068784483184,100.0,87.35781954335268
2010-03-10 15:00:00,AAPL,6.819,0.998974509229417,6.767,1.0001477978125923,6.798,0.9994119376653926,6.804,77637112,6.770687499999999,1.0000276936710728,6.7555617649323265,0.9977936289686621,75.70093457944014,28.987005013728357,92.98245614035159,86.96795599559442
2010-03-10 16:00:00,AAPL,6.815,0.9994134037248864,6.732,0.9948278409930545,6.805,1.0010297146219476,6.801,5316080,6.773937500000001,1.0004800103386844,6.760270168272105,0.998461407098187,74.31192660550555,28.600875528603492,100.0,86.96795599559442
2010-03-10 17:00:00,AAPL,6.813,0.9997065297138664,6.787,1.0081699346405228,6.802,0.9995591476855253,6.804,142212,6.777374999999999,1.000507459656957,6.764244437960476,0.9985690653272893,75.86206896551813,28.231290311805473,94.99999999999977,86.69017821781664
2010-03-10 18:00:00,AAPL,6.811,0.9997064435637751,6.787,1.0,6.798,0.9994119376653926,6.804,95844,6.780687499999999,1.0004887585532747,6.767459253392811,0.998536934047889,73.9495798319335,27.74445409611845,88.3333333333338,87.18024145178232
2010-03-10 19:00:00,AAPL,6.811,1.0,6.778,0.9986739354648593,6.789,0.998676081200353,6.802,366548,6.783437499999999,1.000405563595137,6.769510753069687,0.9983516793938207,70.08547008547089,27.09686781488171,73.33333333333313,86.9995729784309
2010-03-11 05:00:00,AAPL,6.834,1.003376890324475,6.814,1.0053113012688109,6.824,1.0051553984386508,6.827,7000,6.788375,1.0007278758004332,6.774700205158288,0.9987119664857661,57.69230769230802,26.388271109232456,100.0,88.35458652856641
2010-03-11 07:00:00,AAPL,6.818,0.9976587649985367,6.783,0.9954505429997065,6.793,0.9954572098475968,6.808,128912,6.790999999999999,1.0003866904818897,6.77644304276226,0.9982422955069895,68.84057971014528,25.416849525398792,43.6363636363639,86.57828694738879
2010-03-11 08:00:00,AAPL,6.808,0.9985332942211793,6.752,0.9954297508477075,6.772,0.9969085823641984,6.796,1760528,6.790937500000001,0.9999907966426156,6.776019895832521,0.997794123962969,54.6012269938653,23.933125606472817,5.4545454545456895,82.68077524499905
2010-03-11 09:00:00,AAPL,6.804,0.9994124559341951,6.741,0.9983708530805687,6.769,0.9995569994093325,6.772,72569840,6.790750000000002,0.9999723896737381,6.775351334324662,0.9977048580294932,50.857142857142904,22.008127054930675,0.0,78.31763161356272
2010-03-11 10:00:00,AAPL,6.801,0.9995590828924162,6.756,1.0022251891410772,6.788,1.0028069138720639,6.771,58742964,6.791375,1.0000920369620439,6.776555969150884,0.9979097992343824,44.02515723270425,19.690449834182267,34.54545454545496,75.27747393925874
2010-03-11 11:00:00,AAPL,6.804,1.000441111601235,6.761,1.0007400828892836,6.791,1.0004419563936358,6.79,45756928,6.792750000000001,1.0002024626824466,6.7779315911365146,0.9980205173674719,49.1428571428571,17.60928147217689,40.00000000000065,72.56744683898778
2010-03-11 12:00:00,AAPL,6.8,0.9994121105232215,6.758,0.9995562786570034,6.783,0.998821970254749,6.793,40045068,6.792437500000001,0.9999539950682713,6.778414296742561,0.9978895582411483,49.14285714285735,16.264173768510446,25.45454545454601,68.91036318190416
2010-03-11 13:00:00,AAPL,6.799,0.9998529411764707,6.768,1.0014797277300975,6.783,1.0,6.786,25860884,6.7919375,0.9999263887227522,6.778851030386127,0.9979997652368721,50.887573964497086,15.560681868268334,25.45454545454601,65.54553207513759
2010-03-11 14:00:00,AAPL,6.794,0.9992645977349609,6.75,0.9973404255319149,6.781,0.9997051452159811,6.785,46223184,6.791125000000001,0.9998803728685667,6.779055694158877,0.9981033680240544,43.53741496598662,15.432507206114211,21.81818181818114,61.44515328725873
2010-03-11 15:00:00,AAPL,6.827,1.0048572269649692,6.769,1.0028148148148148,6.818,1.0054564223565845,6.784,96835984,6.7935,1.0003497211434038,6.782764675667555,0.9987689338169381,44.137931034482655,15.57551872128781,89.09090909090862,61.283537125642525
2010-03-11 16:00:00,AAPL,6.83,1.0004394316683756,6.772,1.000443196927168,6.819,1.000146670577882,6.82,8976716,6.7945625000000005,1.0001563994995217,6.786215658937312,0.9989277484267775,53.71428571428567,15.98354389313911,90.90909090909106,60.88959773170317
2010-03-11 17:00:00,AAPL,6.834,1.0005856515373353,6.805,1.004873006497342,6.818,0.9998533509312215,6.823,513184,6.7958125,1.000183970638286,6.78924273903852,0.9992170561443094,54.91329479768794,16.56305989087126,89.09090909090862,61.950203792309175
2010-03-11 18:00:00,AAPL,6.83,0.9994146912496342,6.798,0.9989713445995592,6.811,0.9989733059548255,6.82,425264,6.7961875,1.0000551810397946,6.791314859130089,0.9993381746671334,55.88235294117628,17.122968531833493,76.36363636363642,60.637072479177874
2010-03-11 19:00:00,AAPL,6.825,0.9992679355783309,6.799,1.0001471020888497,6.81,0.9998531786815446,6.815,248780,6.796687500000001,1.0000735706600208,6.793094396355794,0.9995448766467662,56.54761904761908,17.661416896854544,74.54545454545399,59.61279461279467
2010-03-12 04:00:00,AAPL,6.866,1.006007326007326,6.827,1.0041182526842183,6.857,1.0069016152716594,6.841,22400,6.800375000000001,1.000542543702355,6.799180644321909,1.0003668175595697,44.77611940298504,17.836687379011074,100.0,59.61279461279466
2010-03-12 05:00:00,AAPL,6.872,1.000873871249636,6.843,1.0023436355646698,6.854,0.9995624908852268,6.864,42588,6.8044375,1.0005973935260921,6.8044015353388705,1.0005921048969901,71.33333333333304,17.6331836923835,96.59090909090897,59.70117845117849
2010-03-12 06:00:00,AAPL,6.872,1.0,6.849,1.000876808417361,6.86,1.0008754012255618,6.865,11396,6.806687500000001,1.0003306665686915,6.809696627211359,1.000772896688574,81.06060606060545,17.318957034599155,100.0,60.34932659932662
2010-03-12 07:00:00,AAPL,6.869,0.9995634458672875,6.833,0.9976638925390567,6.849,0.998396501457726,6.861,425824,6.8101875000000005,1.0005142001891523,6.813439805572182,1.0009920105149799,83.70370370370316,16.831718403111115,87.9120879120878,61.159257409257435
2010-03-12 08:00:00,AAPL,6.889,1.002911631969719,6.794,0.9942924045075369,6.876,1.0039421813403417,6.847,5437124,6.8166875000000005,1.000954452428806,6.819397919327212,1.00135244724572,74.01574803149558,16.105664533443587,100.0,61.159257409257435
2010-03-12 09:00:00,AAPL,6.895,1.0008709536942952,6.822,1.0041212834854283,6.881,1.0007271669575335,6.879,102907840,6.8236875,1.0010268917271035,6.825264784153192,1.0012582774482754,78.14569536423794,15.090321633647191,100.0,64.29057054057056
2010-03-12 10:00:00,AAPL,6.893,0.9997099347353154,6.819,0.9995602462620932,6.853,0.9959308240081383,6.884,92940428,6.827750000000001,1.0005953525861202,6.8279062332814595,1.000618248312435,83.10810810810753,13.883035239095339,71.99999999999969,67.98754023754023
2010-03-12 11:00:00,AAPL,6.88,0.9981140287247933,6.837,1.0026396832380113,6.853,1.0,6.855,37761220,6.831625,1.0005675368898976,6.830296115826083,1.0003729070083236,69.88636363636314,12.564800420293198,71.99999999999969,71.98754023754022
2010-03-12 12:00:00,AAPL,6.872,0.9988372093023256,6.839,1.0002925259616793,6.858,1.0007296074711804,6.855,26493012,6.8363125,1.0006861471465427,6.832934580985503,1.0001916939213589,70.68965517241355,11.15744993117876,76.99999999999955,74.34612609612603
2010-03-12 13:00:00,AAPL,6.868,0.9994179278230502,6.83,0.9986840181313057,6.853,0.9992709244677749,6.861,26425364,6.8406875,1.0006399648933544,6.834845573272598,0.999785421347049,64.08450704225334,9.927516402568788,71.99999999999969,76.12390387390376
2010-03-12 14:00:00,AAPL,6.874,1.000873616773442,6.84,1.0014641288433381,6.859,1.0008755289654165,6.856,36890028,6.845562499999999,1.0007126476688197,6.8371459948656845,0.9994822881275727,61.64383561643815,9.145026285446642,69.01408450704218,78.54387826570911
2010-03-12 15:00:00,AAPL,6.87,0.9994180971777714,6.814,0.9961988304093568,6.851,0.998833649220003,6.861,77773724,6.847624999999999,1.0003012900692967,6.838465423926095,0.9989632588886738,63.576158940397335,8.314084405276546,57.746478873239454,80.33787456674764
2010-03-12 16:00:00,AAPL,6.865,0.9992721979621543,6.811,0.9995597299677135,6.85,0.9998540359071668,6.853,6365884,6.849562499999998,1.0002829448166335,6.839563954980752,0.998822796952338,63.15789473684195,7.412776426275926,56.33802816901365,82.25564380846053
2010-03-12 17:00:00,AAPL,6.867,1.0002913328477785,6.835,1.0035237116429305,6.857,1.001021897810219,6.854,462028,6.8519999999999985,1.0003558621444801,6.841224530696872,0.9987827004566895,63.15789473684195,6.628498166884778,66.19718309859181,80.9837701422207
2010-03-12 18:00:00,AAPL,6.869,1.00029124799767,6.836,1.0001463057790783,6.85,0.9989791453988623,6.852,344988,6.854437499999999,1.0003557355516637,6.8420602896781215,0.9985493709395976,50.0,6.0200620784999685,56.33802816901365,79.0631555455497
2010-03-12 19:00:00,AAPL,6.86,0.9986897656136265,6.834,0.9997074312463428,6.845,0.9992700729927008,6.853,226632,6.856624999999998,1.0003191363259203,6.842340262089729,0.9982351231723581,48.27586206896536,5.572452719601868,0.0,74.11366059605479
2010-03-12 20:00:00,AAPL,6.867,1.0010204081632652,6.846,1.0017559262510976,6.857,1.0017531044558072,6.86,133840,6.856624999999999,1.0000000000000002,6.843736427604993,0.9981202745672972,43.47826086956509,5.517029965842315,33.33333333333415,71.72308820548244
2010-03-15 05:00:00,AAPL,6.854,0.9981068880151449,6.833,0.9981010809231669,6.844,0.9981041271693161,6.847,2800,6.855999999999999,0.9999088472827374,6.843761529737851,0.9981239355714876,53.448275862068904,5.923878152635305,0.0,67.58167406406832
2010-03-15 07:00:00,AAPL,6.844,0.9985409979573971,6.819,0.9979511195668082,6.83,0.9979544126241964,6.835,72184,6.854124999999999,0.9997265169194866,6.842450907858056,0.9980237613561926,34.31372549019639,6.794803236545759,0.0,62.02611850851278
2010-03-15 08:00:00,AAPL,6.839,0.9992694330800701,6.779,0.9941340372488635,6.811,0.9972181551976573,6.832,1881068,6.851749999999999,0.999653493334306,6.839455583300145,0.9978597681396453,27.027027027027458,8.174016100494772,0.0,56.65995689235118
2010-03-15 09:00:00,AAPL,6.827,0.9982453575084076,6.742,0.9945419678418645,6.755,0.9917780061664954,6.807,71185100,6.8441874999999985,0.9988962673769474,6.831412194414417,0.9970317356024984,29.41176470588286,10.099262838655278,0.0,51.10440133679563
2010-03-15 10:00:00,AAPL,6.783,0.9935550021971584,6.687,0.9918421833283892,6.712,0.9936343449296817,6.758,102662700,6.8336250000000005,0.9984567196617571,6.820039604470187,0.9964717659284157,18.987341772152362,12.77851518103498,0.0,46.22039645279075
2010-03-15 11:00:00,AAPL,6.734,0.9927760577915377,6.648,0.9941677882458501,6.706,0.9991060786650776,6.714,93789388,6.8244375,0.9986555451901443,6.809178689758741,0.9964226438762356,12.755102040816809,16.123807682745785,0.0,40.6648408972352
2010-03-15 12:00:00,AAPL,6.739,1.0007425007425008,6.683,1.0052647412755715,6.714,1.0011929615269908,6.707,48596464,6.8157499999999995,0.9987270013096317,6.800114052638861,0.9964358311785932,12.690355329949753,19.823872474828967,5.228758169934659,35.39977190667601
2010-03-15 13:00:00,AAPL,6.727,0.9982193203739428,6.691,1.0011970671853958,6.714,1.0,6.716,24415048,6.806749999999999,0.9986795290320214,6.7919127142923035,0.9965026173630641,13.567839195980298,23.70222352783869,5.228758169934659,31.690258471672394
2010-03-15 14:00:00,AAPL,6.744,1.002527129478222,6.688,0.9995516365266776,6.727,1.0019362526064939,6.716,41740216,6.798875000000001,0.9988430601975982,6.7857305510263695,0.996911969886711,14.13612565445068,27.44488735189124,13.72549019607841,28.452785704787882
2010-03-15 15:00:00,AAPL,6.784,1.0059311981020167,6.712,1.0035885167464116,6.769,1.0062434963579605,6.73,87184720,6.7932500000000005,0.9991726572410876,6.784137165214334,0.9978323127303169,19.70443349753728,30.6840672274777,41.721854304635634,26.49288872171211
2010-03-15 16:00:00,AAPL,6.78,0.9994103773584906,6.701,0.9983611442193087,6.769,1.0,6.772,12998020,6.788125000000001,0.9992455746513084,6.782695530432017,0.9984463298762767,31.51260504201683,33.45072314025506,41.721854304635634,24.810769516414112
2010-03-15 17:00:00,AAPL,6.78,1.0,6.757,1.0083569616475152,6.769,1.0,6.772,164836,6.7830625000000015,0.9992542123193077,6.781391194200396,0.9990080020919466,32.467532467532564,35.80791647653314,41.721854304635634,23.294534505169302
2010-03-15 18:00:00,AAPL,6.778,0.9997050147492624,6.731,0.9961521385230132,6.753,0.9976362830551041,6.771,680988,6.776562500000002,0.9990417307816344,6.778687270943216,0.9993549773340898,33.18584070796469,37.90259860084522,31.125827814569384,21.815609446354294
2010-03-15 19:00:00,AAPL,6.763,0.9977869578046622,6.722,0.9986629029861834,6.739,0.9979268473271138,6.756,684376,6.769625000000001,0.9989762508646529,6.774907530853386,0.9997557804349011,27.391304347826022,39.80217625907263,21.85430463576127,19.89984702784027
2010-03-16 04:00:00,AAPL,6.765,1.0002957267484844,6.745,1.003421600714073,6.755,1.0023742395014097,6.758,3416,6.764000000000001,0.9991690824824122,6.773011575534016,1.0005002604330395,27.272727272727167,41.4999191843697,32.45033112582752,18.025021918242253
2010-03-16 05:00:00,AAPL,6.773,1.0011825572801183,6.753,1.0011860637509267,6.764,1.0013323464100667,6.766,15120,6.758187500000001,0.999140671200473,6.772153330245063,1.001205400686733,33.90557939914157,43.0081551039208,42.02898550724628,17.230075103699626
2010-03-16 06:00:00,AAPL,6.807,1.005019932083272,6.785,1.0047386346808826,6.798,1.0050266114725015,6.798,54964,6.7553125,0.9995745900805503,6.774614917840771,1.0024307431305761,39.4618834080718,44.05715601657598,74.19354838709668,21.351938902982777
2010-03-16 07:00:00,AAPL,6.815,1.0011752607609814,6.784,0.9998526160648489,6.805,1.0010297146219476,6.8,209748,6.75375,0.9997687005597448,6.7775087351892696,1.0032857451360349,60.69651741293538,44.6577165919416,94.28571428571405,24.738182289226103
2010-03-16 08:00:00,AAPL,6.812,0.9995597945707997,6.749,0.9948408018867925,6.766,0.9942689199118295,6.802,1956248,6.7509375,0.9995835646862854,6.776412665171244,1.0033555676729586,78.18181818181831,44.90050886501214,60.60606060606063,28.10518565622947
2010-03-16 09:00:00,AAPL,6.796,0.997651203758074,6.739,0.9985182990072604,6.762,0.9994088087496305,6.769,50992200,6.751374999999999,1.0000648058140071,6.77504003039303,1.003570249375443,65.1515151515151,44.79905802407674,56.56565656565611,31.247722132099252
2010-03-16 10:00:00,AAPL,6.792,0.9994114184814596,6.716,0.9965870307167236,6.782,1.002957704821059,6.764,68283600,6.755749999999999,1.0006480161448594,6.775702884641313,1.003603397032651,62.37113402061834,44.34442555928934,76.76767676767692,35.51259306363686
2010-03-16 11:00:00,AAPL,6.811,1.0027974087161367,6.76,1.0065515187611673,6.789,1.001032143910351,6.784,77483168,6.7609375,1.0007678644117974,6.776969276580235,1.0031409209310937,65.88785046728961,43.37122144850359,82.41758241758227,40.091347642391426
2010-03-16 12:00:00,AAPL,6.805,0.9991190720892673,6.764,1.0005917159763313,6.779,0.9985270290175284,6.791,21908768,6.765,1.0006008782066096,6.777162678810689,1.0023998415620154,64.90384615384599,42.02497612821411,71.42857142857143,44.059601610645394
2010-03-16 13:00:00,AAPL,6.793,0.9982365907421015,6.758,0.9991129509166173,6.772,0.9989673993214339,6.782,22069432,6.768625,1.0005358462675535,6.776670995114433,1.0017252025298498,52.84090909090902,40.41506592268338,57.69230769230804,47.26472981577362
2010-03-16 14:00:00,AAPL,6.806,1.0019137347269247,6.739,0.9971885173128144,6.776,1.0005906674542233,6.774,80769024,6.7716875000000005,1.0004524552623317,6.77660709081782,1.0011792780391615,50.81967213114757,38.69900238894099,56.060606060606084,50.08872136525537
2010-03-16 15:00:00,AAPL,6.8,0.9991184249191889,6.754,1.0022258495325715,6.789,1.0019185360094451,6.779,66263260,6.7729375,1.0001845920976122,6.77778736788279,1.0009007899261135,51.87165775401062,37.17529369203112,75.75757575757568,54.0069890090132
2010-03-16 16:00:00,AAPL,6.8,1.0,6.752,0.9997038791827065,6.786,0.9995581087052585,6.791,10796632,6.774,1.0001568743252096,6.778569523322524,1.0008315481019165,59.782608695652094,35.78686412010119,71.21212121212095,57.20069073212668
2010-03-16 17:00:00,AAPL,6.798,0.9997058823529412,6.757,1.0007405213270142,6.787,1.0001473622163277,6.77,214844,6.775125,1.0001660761736049,6.779372425863237,1.0007930950491934,63.58381502890171,34.52115612388014,72.72727272727298,58.92321397782876
2010-03-16 18:00:00,AAPL,6.798,1.0,6.771,1.0020719254106853,6.788,1.0001473405039045,6.79,173376,6.7773125,1.0003228722717292,6.780194099590547,1.0007481927773358,60.12658227848105,33.25832701588834,74.242424242425,60.72991230770593
2010-03-16 19:00:00,AAPL,6.797,0.9998528979111503,6.769,0.9997046226554424,6.782,0.9991160872127283,6.788,243012,6.78,1.0003965436151867,6.780366090105733,1.0004505606176097,58.00000000000003,31.976109622807808,54.00000000000046,61.41203151300398
2010-03-17 04:00:00,AAPL,6.803,1.000882742386347,6.78,1.001625055399616,6.793,1.0016219404305515,6.793,16800,6.782375000000001,1.0003502949852507,6.781569319619473,1.0002314630707188,43.442622950819654,30.658594390269343,72.09302325581505,63.68798681529542
2010-03-17 05:00:00,AAPL,6.81,1.0010289578127296,6.779,0.9998525073746313,6.801,1.0011776829088768,6.793,67200,6.7846875,1.0003409572605466,6.783419860608095,1.000154055269444,45.23809523809542,29.335121777394395,90.69767441860571,67.51261846989787
2010-03-17 07:00:00,AAPL,6.815,1.0007342143906022,6.787,1.0011801150612185,6.799,0.9997059255991766,6.805,40404,6.784750000000001,1.0000092119202248,6.784903683407324,1.000031863428835,68.4210526315789,28.233392846763117,86.04651162790856,70.49018405334681
2010-03-17 08:00:00,AAPL,6.812,0.9995597945707997,6.774,0.9980845734492412,6.797,0.9997058390939844,6.802,1245384,6.784250000000001,0.9999263053170714,6.786055713559008,1.0001924482934532,69.89247311828001,27.44818511040075,89.74358974358876,73.14099539981028
2010-03-17 09:00:00,AAPL,6.856,1.0064591896652966,6.78,1.0008857395925599,6.837,1.0058849492423128,6.802,69905024,6.788687500000001,1.000654088513837,6.7909075503629115,1.0009813244445458,59.99999999999976,26.392553583530578,100.0,74.57468715608269
2010-03-17 10:00:00,AAPL,6.852,0.9994165694282381,6.812,1.0047197640117995,6.834,0.9995612110574813,6.84,56035336,6.793187500000001,1.0006628674541287,6.795011593185491,1.000931563455453,72.22222222222213,25.06824475631869,95.38461538461517,74.63573721713277
2010-03-17 11:00:00,AAPL,6.845,0.9989784004670168,6.813,1.0001467997651203,6.831,0.9995610184372258,6.836,31859212,6.7962500000000015,1.0004508192950659,6.798439060501158,1.000773062792858,77.22772277227685,23.390685310803054,90.76923076923171,76.3114688928645
2010-03-17 12:00:00,AAPL,6.844,0.9998539079620161,6.812,0.9998532217818876,6.829,0.9997072170985214,6.834,25543812,6.79875,1.0003678499172335,6.801349626167714,1.0007503588254865,80.41237113402057,21.58426558516727,87.6923076923076,78.04072728878958
2010-03-17 13:00:00,AAPL,6.841,0.999561659848042,6.797,0.9977980035231943,6.816,0.9980963537853274,6.832,32784528,6.8010625,1.0003401360544217,6.802744899866028,1.0005875932878878,77.89473684210478,19.78450070888344,67.6923076923076,77.53654011793573
2010-03-17 14:00:00,AAPL,6.827,0.9979535155678994,6.746,0.9924966897160513,6.759,0.991637323943662,6.819,84936124,6.80025,0.999880533372543,6.7985787189264055,0.9996347951406719,64.21052631578931,18.333049186040775,0.0,72.95778553918116
2010-03-17 15:00:00,AAPL,6.791,0.9947268199794933,6.739,0.9989623480581085,6.774,1.002219263204616,6.762,87182620,6.800125,0.9999816183228558,6.796237888552462,0.9994100053016378,40.93959731543655,17.19741800331044,19.230769230768967,70.05790763930324
2010-03-17 16:00:00,AAPL,6.842,1.0075099396259755,6.758,1.0028194094079241,6.771,0.9995571302037201,6.777,7321748,6.799,0.9998345618646716,6.793834280118895,0.9990749111404414,46.01226993865035,15.897303012098249,15.384615384614946,67.70748028887586
2010-03-17 17:00:00,AAPL,6.785,0.9916691026015786,6.757,0.9998520272269902,6.769,0.9997046226554424,6.773,446264,6.797937500000001,0.9998437270186793,6.791469110583762,0.998892353373108,44.848484848484745,14.488828451225675,12.820512820512645,65.30525288664845
2010-03-17 18:00:00,AAPL,6.785,1.0,6.757,1.0,6.775,1.000886393854336,6.776,123088,6.797187500000001,0.9998896724190242,6.7899006238615,0.9988177478627156,45.96273291925468,13.022058654465491,20.51282051282069,62.2360998174954
2010-03-17 19:00:00,AAPL,6.788,1.0004421518054532,6.759,1.0002959893443837,6.779,1.000590405904059,6.775,508872,6.796625000000001,0.9999172451841295,6.7888624692080235,0.9987752241950105,44.23076923076929,11.512942122467397,25.64102564102529,59.704372285767846
2010-03-18 05:00:00,AAPL,6.774,0.9979375368296994,6.73,0.9957094244710756,6.765,0.9979347986428676,6.747,11200,6.795562500000001,0.9998436724109393,6.786589853092973,0.9985235102853214,42.76315789473673,10.192425122340422,7.692307692306904,56.091318672714166
2010-03-18 07:00:00,AAPL,6.801,1.003985828166519,6.754,1.003566121842496,6.775,1.001478196600148,6.767,39900,6.794437500000001,0.9998344507904975,6.78548605756031,0.9985172025951213,39.634146341463186,9.095525318904752,20.51282051282069,53.10634068773615
2010-03-18 08:00:00,AAPL,6.806,1.0007351860020586,6.754,1.0,6.79,1.0022140221402214,6.779,1360324,6.793750000000001,0.9998988142874227,6.78591595684028,0.9987458059390905,43.60465116279088,8.23355914491225,39.74358974358966,52.31431789571332
2010-03-18 09:00:00,AAPL,6.801,0.9992653540993242,6.725,0.9957062481492449,6.743,0.9930780559646539,6.792,54968424,6.790250000000001,0.9994848206071757,6.781828722855492,0.9982452581940005,34.013605442176896,7.338461304941269,0.0,48.30914993705693
2010-03-18 10:00:00,AAPL,6.779,0.9967651815909425,6.72,0.9992565055762082,6.768,1.0037075485688862,6.746,65157988,6.788437500000001,0.9997330731563638,6.780511701631159,0.9985658409677343,26.178010471204246,6.488094449898933,26.59574468085066,44.74793161829277
2010-03-18 11:00:00,AAPL,6.793,1.0020652013571323,6.741,1.003125,6.753,0.9977836879432624,6.77,47230344,6.7831875,0.9992266261566082,6.777891539571049,0.9984464819144387,35.21126760563361,5.94921514167223,10.989010989010838,40.57807047168733
2010-03-18 12:00:00,AAPL,6.772,0.9969085823641984,6.729,0.9982198486871384,6.756,1.0004442470013328,6.755,25141368,6.7783125,0.9992813113304033,6.7758066310404725,0.9989118878168224,33.185840707964545,5.750447136813007,14.772727272727147,36.41302255663947
2010-03-18 13:00:00,AAPL,6.781,1.0013290017720022,6.745,1.0023777678704116,6.761,1.0007400828892836,6.759,20780172,6.7739375,0.9993545591177745,6.774396475703284,0.9994222715024255,36.11111111111111,5.755327108105849,20.930232558139437,32.02025769875833
2010-03-18 14:00:00,AAPL,6.78,0.9998525291254978,6.734,0.9983691623424759,6.759,0.9997041857713357,6.764,25306120,6.769562499999999,0.9993541422547816,6.772930144683924,0.9998512895467259,50.60975609756091,5.968538038339229,21.917808219178248,27.93876841178961
2010-03-18 15:00:00,AAPL,6.812,1.0047197640117995,6.741,1.001039501039501,6.795,1.0053262316910785,6.762,91973812,6.768249999999999,0.9998061174558918,6.775032035666407,1.0008079599924526,45.03311258278152,6.055215417643987,100.0,28.45158892461008
2010-03-18 16:00:00,AAPL,6.812,1.0,6.752,1.0016318053701232,6.802,1.0010301692420898,6.796,5756184,6.770937499999999,1.000397074576146,6.777600413221987,1.0013815112062923,56.521739130434845,5.769828987229146,100.0,29.135349608370763
2010-03-18 17:00:00,AAPL,6.817,1.0007339988256019,6.781,1.0042950236966826,6.792,0.9985298441634813,6.807,595756,6.772062499999999,1.0001661512899802,6.7789718024389405,1.0011865864127296,58.73015873015868,5.127709002721949,83.05084745762727,29.98860181755519
2010-03-18 18:00:00,AAPL,6.804,0.9980930027871497,6.757,0.9964606990119451,6.777,0.9977915194346291,6.796,1035888,6.7724375,1.0000553745627718,6.77878401173047,1.0009925353953055,54.404145077720116,4.651468567973437,57.627118644068176,33.190108408892314
2010-03-18 19:00:00,AAPL,6.787,0.9975014697236919,6.753,0.9994080213112329,6.766,0.9983768629186955,6.78,274232,6.772250000000001,0.9999723142517006,6.777566486803758,1.000757332467632,49.509803921568675,4.331056520469844,38.98305084745758,34.287457387597236
2010-03-19 06:00:00,AAPL,6.773,0.9979372329453366,6.748,0.9992595883311122,6.761,0.9992610109370381,6.766,14000,6.771375000000001,0.9998707962641662,6.775988726155781,1.0005520655846696,50.248756218905555,4.167903432332747,30.50847457627121,35.127671787133686
2010-03-19 07:00:00,AAPL,6.782,1.0013288055514544,6.749,1.0001481920569057,6.765,1.0005916284573286,6.766,53872,6.770500000000001,0.9998707795684038,6.774942180807611,1.00052680302119,46.42857142857132,4.093623985446749,37.2881355932197,36.48698416339519
2010-03-19 08:00:00,AAPL,6.792,1.0014744913005014,6.757,1.0011853607941916,6.77,1.000739098300074,6.772,1364468,6.7708125,1.0000461561184548,6.774471496921172,1.00058658842348,43.24324324324304,3.8556359443957913,45.762711864406064,37.88975590514994
2010-03-19 09:00:00,AAPL,6.819,1.0039752650176679,6.728,0.9957081545064378,6.751,0.9971935007385525,6.774,74376764,6.769312500000001,0.9997784608568028,6.772236116262013,1.0002102578179521,59.44055944055937,3.665462322336798,13.559322033898484,37.21855014919845
2010-03-19 10:00:00,AAPL,6.76,0.9913477049420736,6.692,0.9946492271105827,6.711,0.9940749518589839,6.753,92882468,6.764375,0.99927060539752,6.76640410518944,0.9995703559540853,43.79562043795625,3.757111768998444,0.0,36.791199721848066
2010-03-19 11:00:00,AAPL,6.738,0.9967455621301776,6.69,0.9997011356843993,6.724,1.001937118164208,6.714,59417624,6.7631875,0.9998244479349533,6.762365618980922,0.9997029465369559,37.037037037036875,3.9075824519285622,14.285714285714286,36.44524937589771
2010-03-19 12:00:00,AAPL,6.741,1.0004452359750666,6.701,1.001644245142003,6.713,0.9983640690065437,6.727,33888120,6.7597499999999995,0.9994917337424106,6.757664131458929,0.999183318732318,40.697674418604485,4.054239383115049,2.1978021978019724,34.359372290020616
2010-03-19 13:00:00,AAPL,6.73,0.998368194629877,6.692,0.998656916878078,6.718,1.000744823476836,6.716,34996948,6.7575625,0.9996763933577425,6.753886595129507,0.9991326003372177,36.51685393258405,4.335644777278565,7.692307692307392,34.78672271737102
2010-03-19 14:00:00,AAPL,6.735,1.00074294205052,6.7,1.0011954572624029,6.714,0.9994045846978268,6.721,32437160,6.7549375000000005,0.9996115463231011,6.75008787178384,0.9988938869279923,38.674033149171,4.6190866363325105,3.2967032967034466,33.49233152936284
2010-03-19 15:00:00,AAPL,6.731,0.9994060876020786,6.678,0.9967164179104477,6.718,1.0005957700327672,6.717,89042856,6.752250000000001,0.9996021428769697,6.747031883994903,0.9988296537155085,22.81879194630841,5.081879372086578,7.692307692307392,33.309181346212654
2010-03-19 16:00:00,AAPL,6.747,1.0023770613578964,6.687,1.0013477088948788,6.719,1.0001488538255434,6.722,37794960,6.749750000000001,0.9996297530452811,6.744362180757293,0.998831823578406,21.23287671232835,5.5120998069899985,8.791208791208867,32.97687476390608
2010-03-19 17:00:00,AAPL,6.73,0.9974803616422114,6.704,1.0025422461492448,6.715,0.9994046733144812,6.719,338968,6.74475,0.9992592318234007,6.741565782589932,0.9987874784384505,23.3576642335764,6.122679155216,4.395604395603945,32.058284310431894
2010-03-19 18:00:00,AAPL,6.729,0.999851411589896,6.697,0.99895584725537,6.709,0.9991064780342517,6.716,233436,6.7389375,0.9991382186144779,6.738464279486129,0.9990680573017724,25.396825396825008,6.90768149296871,0.0,30.84062829825532
2010-03-19 19:00:00,AAPL,6.72,0.9986625055728934,6.692,0.9992533970434523,6.706,0.9995528394693696,6.712,442484,6.7335625,0.999202396520223,6.735372443344593,0.9994709764476364,26.446280991735122,7.882433716100068,0.0,25.285072742699768
2010-03-22 04:00:00,AAPL,6.697,0.996577380952381,6.674,0.9973102211595936,6.684,0.9967193558007754,6.69,12600,6.72775,0.9991367868049046,6.730479829692728,0.9995421932584316,26.890756302520728,8.963760462462645,0.0,19.72951718714421
2010-03-22 05:00:00,AAPL,6.702,1.0007466029565477,6.675,1.0001498351813005,6.693,1.0013464991023338,6.688,26600,6.7231875,0.9993218386533387,6.726910322102944,0.9998751918699332,20.437956204379446,10.058894230458359,10.465116279069203,15.696976566113205
2010-03-22 06:00:00,AAPL,6.706,1.0005968367651448,6.675,1.0,6.697,1.0005976393246676,6.688,15540,6.7191875,0.9994050441104015,6.724061719997901,1.000130030584139,22.69503546099257,11.095793842475768,15.11627906976743,13.335263256429833
2010-03-22 07:00:00,AAPL,6.704,0.9997017596182523,6.658,0.9974531835205993,6.673,0.996416305808571,6.688,163912,6.7134375,0.9991442417703034,6.71919869904572,1.0000016667261808,28.571428571428356,12.228657097430254,0.0,11.169538209348856
2010-03-22 08:00:00,AAPL,6.692,0.9982100238663485,6.647,0.9983478522078703,6.676,1.0004495729057397,6.671,2302412,6.707562500000001,0.9991248894474701,6.715084537231842,1.0002453344105522,32.72727272727252,13.553078394311004,3.8461538461539777,9.688298168786787
2010-03-22 09:00:00,AAPL,6.782,1.0134488942020323,6.641,0.9990973371445765,6.756,1.011983223487118,6.678,88278204,6.7078750000000005,1.0000465892043495,6.718981247971667,1.0017023692245381,25.9999999999999,14.41020878047598,100.0,13.172290635830137
2010-03-22 10:00:00,AAPL,6.836,1.0079622530227073,6.729,1.0132510164131907,6.783,1.0039964476021315,6.759,90157900,6.712375000000001,1.0006708532881128,6.725078271974365,1.0025646381267337,62.721893491124334,14.337029783518464,100.0,16.1854733100298
2010-03-22 11:00:00,AAPL,6.812,0.9964891749561147,6.766,1.005498588200327,6.793,1.0014742739200944,6.785,50059716,6.716687500000001,1.0006424700646195,6.731547007976806,1.0028562182501433,67.01570680628284,13.56516335743633,100.0,20.98773319703544
2010-03-22 12:00:00,AAPL,6.823,1.001614797416324,6.771,1.0007389890629619,6.813,1.002944207272192,6.795,44300116,6.722937500000001,1.0009305182055888,6.739304435788538,1.0033672752809384,70.05076142131972,12.237572264057711,100.0,26.543288752590996
2010-03-22 13:00:00,AAPL,6.833,1.0014656309541257,6.797,1.0038399054792497,6.808,0.9992661089094379,6.815,34195868,6.728562500000001,1.0008366878317698,6.7458468704753445,1.003407642935152,72.30046948356801,11.18369039314604,96.4285714285715,31.10678081608306
2010-03-22 14:00:00,AAPL,6.841,1.0011707888189667,6.79,0.9989701338825953,6.82,1.001762632197415,6.811,46084416,6.7351875,1.0009846085252236,6.752909073287216,1.0036183914895962,70.50691244239624,10.782914589335267,100.0,36.54023624953851
2010-03-22 15:00:00,AAPL,6.842,1.0001461774594356,6.777,0.9980854197349043,6.799,0.9969208211143695,6.822,71597400,6.740250000000001,1.0007516494529665,6.7572986853551,1.0032829353830313,73.33333333333346,10.936778762800335,85.71428571428581,40.874790584092864
2010-03-22 16:00:00,AAPL,6.83,0.9982461268634902,6.71,0.9901136195956913,6.794,0.9992645977349609,6.799,24076920,6.7449375,1.0006954489818625,6.760794048654614,1.0030479653803068,68.75000000000021,11.028435625221402,82.31292517006759,45.26458068816865
2010-03-22 17:00:00,AAPL,6.807,0.9966325036603222,6.781,1.010581222056632,6.796,1.0002943773918165,6.796,93268,6.750000000000002,1.000750562922192,6.764146996401794,1.0028479873092664,68.18181818181795,11.072945036202768,83.67346938775512,49.485756337915745
2010-03-22 18:00:00,AAPL,6.823,1.0023505215219626,6.783,1.0002949417490046,6.813,1.0025014714537963,6.799,666512,6.7565,1.0009629629629626,6.768799663411147,1.0027851353201696,75.2252252252251,11.190735002200524,95.23809523809486,54.28836114052052
2010-03-22 19:00:00,AAPL,6.822,0.9998534369045874,6.793,1.0014742739200944,6.808,0.9992661089094379,6.812,148092,6.762875000000001,1.0009435358543626,6.772533028800561,1.0023729784356636,76.08695652173901,11.387312715147681,91.83673469387726,59.14620171264682
2010-03-22 20:00:00,AAPL,6.803,0.997214892993257,6.763,0.995583689091712,6.794,0.9979435957696827,6.776,221648,6.769750000000001,1.0010165794872743,6.7745775022481265,1.0017304034523964,74.0259740259739,11.574806534281759,82.31292517006759,63.71914199987279
2010-03-23 07:00:00,AAPL,6.821,1.0026458915184477,6.789,1.0038444477302972,6.807,1.0019134530468061,6.813,214200,6.776875,1.0010524760884818,6.7776653591768765,1.0011692247390045,77.37556561085951,11.803801292940564,91.15646258503409,68.78338992126358
2010-03-23 08:00:00,AAPL,6.834,1.0019058789033866,6.793,1.0005891883929887,6.815,1.0011752607609814,6.81,1522948,6.78425,1.0010882597067232,6.781221039255269,1.0006413043261486,78.3549783549782,12.093691025479625,96.59863945578239,74.14998100214038
2010-03-23 09:00:00,AAPL,6.845,1.001609599063506,6.787,0.9991167378183424,6.819,1.000586940572267,6.817,66161732,6.793375,1.001345027084792,6.784819035516672,1.0000838759651651,68.55345911949672,12.519058608198405,99.30555555555533,79.08556096194518
2010-03-23 10:00:00,AAPL,6.845,1.0,6.781,0.9991159569765728,6.797,0.9967737204868748,6.822,88337592,6.800937499999999,1.001113216920897,6.785979127372227,0.998911311001119,63.23529411764681,13.062734841137477,64.06249999999913,81.80479545806914
2010-03-23 11:00:00,AAPL,6.821,0.9964937910883856,6.764,0.9974929951334612,6.809,1.001765484772694,6.799,51057468,6.804249999999999,1.0004870652024078,6.788171591432015,0.9981229192934086,51.35135135135119,13.311136885433807,70.27027027026988,85.70869936197303
2010-03-23 12:00:00,AAPL,6.836,1.0021990910423693,6.796,1.0047309284447072,6.826,1.0024966955500072,6.811,30426256,6.806937499999999,1.0003949737296542,6.791774297009918,0.9981664837432369,48.571428571428754,13.170837596610813,100.0,91.05057970385337
2010-03-23 13:00:00,AAPL,6.866,1.0043885313048566,6.811,1.002207180694526,6.837,1.0016114854966305,6.828,62282192,6.809687499999999,1.0004039995960003,6.796081506818497,0.9984051575056327,55.92105263157881,12.836186090294081,100.0,91.05057970385337
2010-03-23 14:00:00,AAPL,6.908,1.0061170987474513,6.825,1.0020554984583763,6.895,1.0084832528886938,6.84,109726232,6.8148124999999995,1.0007526042861732,6.805502315692926,0.9993854072882091,55.629139072847444,12.477856810173051,100.0,91.05057970385337
2010-03-23 15:00:00,AAPL,6.926,1.0026056745801968,6.879,1.0079120879120878,6.905,1.001450326323423,6.898,122930108,6.820874999999999,1.0008896062804369,6.814978285626933,1.0000243272469982,75.5319148936166,12.138676304343763,100.0,91.05057970385337
2010-03-23 16:00:00,AAPL,6.918,0.9988449321397632,6.839,0.9941852013374038,6.9,0.999275887038378,6.908,8335068,6.825875,1.00073304378104,6.823075591757702,1.0003226260205182,78.75647668393779,11.627430199012661,95.49549549549562,90.80032945360313
2010-03-23 17:00:00,AAPL,6.917,0.9998554495518935,6.887,1.0070185699663692,6.898,0.9997101449275362,6.903,306040,6.832062499999999,1.0009064771915688,6.83021124968554,1.0006352664948508,76.5306122448979,11.050387662340396,93.69369369369322,90.64839180166544
2010-03-23 18:00:00,AAPL,6.917,1.0,6.887,1.0,6.904,1.000869817338359,6.9,453404,6.838937499999999,1.0010062847053873,6.837238749715488,1.0007576408610854,73.48066298342516,10.749324042769796,99.09909909909881,90.59834175161535
2010-03-23 19:00:00,AAPL,6.916,0.9998554286540409,6.887,1.0,6.898,0.9991309385863267,6.908,322504,6.8453124999999995,1.0009321623424692,6.843025535456871,1.0005977588560901,76.37362637362608,10.674365706233273,93.69369369369322,91.04164219491577
2010-03-24 04:00:00,AAPL,6.917,1.0001445922498553,6.875,0.9982575867576594,6.886,0.9982603653232822,6.91,30044,6.849874999999999,1.0006665144944076,6.847118341603835,1.000263807036397,79.88505747126402,10.65845226063057,82.88288288288287,91.07330651229438
2010-03-24 05:00:00,AAPL,6.875,0.9939280034697123,6.846,0.9957818181818182,6.866,0.9970955562009874,6.859,42476,6.853499999999999,1.0005292067373492,6.848916594784423,0.9998600842766362,72.83236994219634,10.540142640372816,64.86486486486454,90.02838403880047
2010-03-24 06:00:00,AAPL,6.882,1.0010181818181818,6.853,1.0010224948875255,6.863,0.9995630643751822,6.869,64400,6.857812499999999,1.0006292405340338,6.85025787147162,0.9995269382755704,63.783783783783484,10.527494113546918,61.11111111111148,88.1324404761903
2010-03-24 07:00:00,AAPL,6.892,1.0014530659691951,6.856,1.0004377644827083,6.878,1.002185633105056,6.88,404684,6.8622499999999995,1.0006470722260197,6.852899978950513,0.9992836606352995,61.9565217391305,10.565169152336635,75.0,87.19706632653043
2010-03-24 08:00:00,AAPL,6.903,1.0015960533952408,6.862,1.000875145857643,6.881,1.0004361733061937,6.881,1944180,6.866375,1.0006011147947103,6.855576171431417,0.9990274576751673,72.88135593220343,10.63407735496506,77.77777777777787,86.94511369362547
2010-03-24 09:00:00,AAPL,6.944,1.0059394466174127,6.86,0.9997085397843195,6.923,1.0061037639877926,6.885,92190224,6.872875,1.0009466421510622,6.861997488437948,0.9993624712367077,71.42857142857143,10.878229238242916,100.0,87.43642132779024
2010-03-24 10:00:00,AAPL,6.969,1.0036002304147467,6.894,1.0049562682215742,6.951,1.0040444893832152,6.925,120785392,6.8824999999999985,1.001400432861066,6.870473918110525,0.999650643742324,75.12953367875652,11.392897697895808,100.0,87.625385802469
2010-03-24 11:00:00,AAPL,6.968,0.9998565073898694,6.904,1.0014505366985784,6.948,0.9995684074233925,6.953,74512732,6.891187499999999,1.0012622593534326,6.877857354480952,0.9993254419877884,77.14285714285712,12.204579709945072,97.60000000000062,87.5306327160493
2010-03-24 12:00:00,AAPL,6.962,0.9991389207807118,6.926,1.0031865585168018,6.944,0.9994242947610823,6.951,34605956,6.8985625,1.0010702074207094,6.884156654054195,0.9989797337620251,67.09677419354873,13.179219141200225,93.8596491228073,89.18602988953863
2010-03-24 13:00:00,AAPL,6.96,0.9997127262280954,6.918,0.9988449321397632,6.941,0.9995679723502304,6.946,41665120,6.9050625000000005,1.0009422252824411,6.889570306049034,0.9986965119253518,63.08724832214762,14.106582315597015,88.63636363636377,90.20636840987717
2010-03-24 14:00:00,AAPL,6.965,1.0007183908045978,6.917,0.9998554495518935,6.93,0.9984152139461172,6.944,52702944,6.9072499999999994,1.0003167965532533,6.893420753091983,0.99831402729403,63.9455782312924,14.831780840786518,76.13636363636353,88.8806108341196
2010-03-24 15:00:00,AAPL,6.962,0.9995692749461593,6.916,0.9998554286540409,6.934,1.0005772005772007,6.933,84319116,6.909062499999999,1.0002624054435556,6.8972854432737,0.9985573771433929,60.25641025641035,15.301921977743687,80.68181818181861,87.8073785108873
2010-03-24 16:00:00,AAPL,6.954,0.9988509049123815,6.897,0.9972527472527473,6.939,1.0007210845111048,6.937,6786472,6.911499999999998,1.000352797503279,6.901258258200015,0.9988704340422475,59.74025974025989,15.692610951900312,86.36363636363673,87.04980275331155
2010-03-24 17:00:00,AAPL,6.949,0.9992809893586425,6.921,1.003479773814702,6.939,1.0,6.941,130788,6.9140625,1.0003707588801276,6.904852709800013,0.9990382275627598,63.398692810457746,16.014282344279053,86.36363636363673,86.29222699573582
2010-03-24 18:00:00,AAPL,6.948,0.9998560944020723,6.923,1.0002889755815634,6.937,0.9997117740308402,6.936,174916,6.916124999999998,1.0002983050847456,6.907914356485726,0.9991107769832462,68.79432624113485,16.276239063546043,84.09090909090969,85.65863886214771
2010-03-24 19:00:00,AAPL,6.951,1.000431778929188,6.923,1.0,6.935,0.9997116909326798,6.936,332696,6.918437499999999,1.0003343635344937,6.910493941582324,0.9991858073100653,78.86178861788679,16.501754717377583,81.81818181818163,84.99888820239707
2010-03-25 05:00:00,AAPL,6.956,1.000719320961013,6.935,1.0017333525928065,6.946,1.0015861571737563,6.948,3052,6.922187499999999,1.000542029901983,6.913875470955436,0.9993405983584354,79.50819672131117,16.805369569062965,94.31818181818188,84.73328168679058
2010-03-25 06:00:00,AAPL,6.952,0.9994249568717654,6.932,0.9995674116798847,6.943,0.9995680967463288,6.945,8400,6.927,1.0006952282064017,6.9166492356263465,0.9991999256920371,78.81355932203365,17.37627195487478,90.90909090909082,84.57858153209044
2010-03-25 07:00:00,AAPL,6.981,1.0041714614499424,6.952,1.0028851702250432,6.965,1.0031686590810889,6.968,306404,6.933375,1.0009203118233,6.921254070328599,0.9991705024294211,76.27118644067764,18.283153937655943,100.0,85.5295324830414
2010-03-25 08:00:00,AAPL,6.994,1.0018621973929236,6.95,0.9997123130034523,6.972,1.0010050251256282,6.966,2519692,6.9392499999999995,1.000847350676979,6.926087016011589,0.9989488547801885,71.42857142857116,19.454933772469193,100.0,87.48148443499335
2010-03-25 09:00:00,AAPL,6.995,1.000142979696883,6.935,0.997841726618705,6.95,0.9968445209409065,6.975,81534432,6.9435625,1.0006214648557121,6.928364443058105,0.9984313064175675,63.636363636363846,20.64411949215252,55.10204081632638,87.14764719639419
2010-03-25 10:00:00,AAPL,6.977,0.9974267333809864,6.926,0.998702235039654,6.951,1.0001438848920863,6.952,83629308,6.945312499999999,1.000252032008065,6.930520210385905,0.9981216717478824,51.04166666666652,21.56194400073231,49.99999999999894,85.75875830750525
2010-03-25 11:00:00,AAPL,6.991,1.0020065930915865,6.937,1.0015882183078255,6.98,1.0041720615738743,6.951,64439788,6.947125,1.0002609673790777,6.935232571301533,0.9985486716834605,53.763440860214814,22.18730810828826,100.0,86.9933262087398
2010-03-25 12:00:00,AAPL,6.991,1.0,6.946,1.0012973908029408,6.96,0.9971346704871059,6.983,35435064,6.947875,1.0001079583280854,6.937591374034721,0.9986276875735964,66.38655462184866,22.563570378720215,59.999999999999645,84.77110398651755
2010-03-25 13:00:00,AAPL,6.978,0.9981404663138321,6.913,0.9952490642096171,6.938,0.9968390804597701,6.963,56788760,6.947499999999999,0.9999460266628284,6.937630290793319,0.9985254902820386,61.718749999999844,22.40570225761463,15.999999999999787,80.10443731985087
2010-03-25 14:00:00,AAPL,6.948,0.9957007738607052,6.868,0.9934905250976421,6.908,0.9956759873162295,6.94,83834968,6.9454375,0.9997031306225262,6.934808358336812,0.9981732073892499,51.36986301369846,21.486670194548864,0.0,74.68221509762861
2010-03-25 15:00:00,AAPL,6.941,0.998992515831894,6.829,0.9943214909726266,6.855,0.9923277359583093,6.91,111090700,6.9407499999999995,0.9993250965111988,6.927207562304735,0.9973752643090857,40.93567251462007,19.661490584349647,0.0,69.46779014636155
2010-03-25 16:00:00,AAPL,6.989,1.0069154300533065,6.838,1.0013179089178503,6.859,1.0005835156819838,6.861,12962852,6.9360625,0.9993246407088572,6.920711603989998,0.9971129350560096,31.250000000000256,17.563867767299705,3.1999999999996476,64.72132549989688
2010-03-25 17:00:00,AAPL,6.944,0.9935613106309916,6.837,0.9998537584088915,6.85,0.9986878553725033,6.937,901348,6.930499999999999,0.9991980320246536,6.91397716551476,0.9968158685875106,32.74336283185848,15.546890271474611,0.0,60.49152752009891
2010-03-25 18:00:00,AAPL,6.871,0.9894873271889402,6.838,1.0001462629808395,6.861,1.0016058394160585,6.858,308336,6.925625,0.999296587547796,6.9089317211800205,0.996887918790855,31.759656652360633,13.98480556611247,8.461538461538504,56.47928975786113
2010-03-25 19:00:00,AAPL,6.878,1.0010187745597439,6.846,1.0011699327288681,6.863,1.0002915026964,6.864,840588,6.920999999999999,0.9993321902355382,6.904557271543828,0.9969580032912304,31.759656652360633,12.740615656921909,10.000000000000547,52.236865515436904
2010-03-26 04:00:00,AAPL,6.924,1.0066879906949695,6.903,1.0083260297984225,6.914,1.0074311525571906,6.917,26348,6.9196875,0.9998103597745992,6.905456579015844,0.9977541654408099,32.7586206896555,11.480915752513127,49.23076923076898,50.1739284524998
2010-03-26 05:00:00,AAPL,6.952,1.0040439052570769,6.916,1.0018832391713748,6.93,1.002314145212612,6.933,103852,6.918687499999999,0.9998554848033236,6.907794047681002,0.9982812153989616,40.22988505747127,10.155415309717037,61.53846153846122,48.921014699585996
2010-03-26 06:00:00,AAPL,6.958,1.0008630609896434,6.918,1.0002891844997108,6.929,0.9998556998556999,6.932,112980,6.9178125,0.9998735309262055,6.909813662187573,0.9987174102295521,42.22222222222211,9.246627934487632,60.76923076923089,47.75162853019984
2010-03-26 07:00:00,AAPL,6.963,1.000718597298074,6.905,0.998120844174617,6.951,1.003175061336412,6.919,1285060,6.916937500000001,0.9998735149297557,6.913736170550661,0.9994107487808698,45.78313253012049,8.461281697851833,77.69230769230721,46.82796885654014
2010-03-26 08:00:00,AAPL,6.962,0.9998563837426396,6.909,1.0005792903692976,6.928,0.9966911235793412,6.953,4571504,6.914187500000001,0.9996024252062419,6.915094630498217,0.9997335714683291,50.0,7.726789884121308,59.999999999999865,45.11079713936842
2010-03-26 09:00:00,AAPL,6.991,1.004165469692617,6.899,0.9985526125343754,6.968,1.0057736720554273,6.93,99857240,6.9153125,1.0001627089227765,6.920133237117435,1.0008599328724357,40.151515151515,7.208324142521709,90.76923076923048,44.597976626547904
2010-03-26 10:00:00,AAPL,7.022,1.0044342726362467,6.956,1.008262066966227,6.978,1.0014351320321468,6.971,129664108,6.917,1.0002440236793348,6.925644357391965,1.001494055025274,51.40845070422536,7.0501339876987394,98.46153846153796,44.512506541077784
2010-03-26 11:00:00,AAPL,7.018,0.9994303617203075,6.966,1.0014376078205864,6.984,1.000859845227859,6.979,60519116,6.917249999999999,1.0000361428364897,6.931202037640349,1.002053207697029,57.35294117647066,7.09676904684961,100.0,47.00683760683742
2010-03-26 12:00:00,AAPL,7.005,0.9981476204046738,6.931,0.9949755957507895,6.944,0.9942726231386025,6.988,71001700,6.916249999999999,0.9998554338790704,6.9324208911984115,1.002193196891599,65.32258064516131,7.1194704363355825,70.14925373134334,48.12624059191212
2010-03-26 13:00:00,AAPL,6.976,0.9958600999286225,6.918,0.9981243687779542,6.945,1.0001440092165899,6.947,59035536,6.9166875,1.0000632568227004,6.933618901560467,1.0025113177748735,68.93617021276597,7.220971379749674,70.89552238806,46.50932516902657
2010-03-26 14:00:00,AAPL,6.981,1.000716743119266,6.919,1.0001445504481064,6.96,1.0021598272138228,6.948,52984960,6.9199375000000005,1.0004698781027768,6.936131387126137,1.0028111559364417,68.53448275862081,7.619870339143239,82.089552238806,47.736522515626916
2010-03-26 15:00:00,AAPL,6.994,1.0018621973929236,6.935,1.0023124729007082,6.981,1.0030172413793104,6.962,79375156,6.927812499999999,1.001138016058671,6.9404045883522185,1.002957698440516,73.10924369747919,8.493637693396185,97.76119402985067,52.27881107284085
2010-03-26 16:00:00,AAPL,7.007,1.0018587360594795,6.945,1.0014419610670513,6.988,1.0010027216731128,6.984,15324008,6.9358749999999985,1.0011637872705128,6.944937484699626,1.002471918040453,74.19354838709695,9.600051468049504,100.0,57.83436662839641
2010-03-26 17:00:00,AAPL,6.999,0.9988582845725703,6.973,1.0040316774658027,6.988,1.0,6.99,471688,6.944499999999999,1.0012435345215998,6.949038676632995,1.0018979114578905,74.70355731225312,10.889218787287753,100.0,63.38992218395197
2010-03-26 18:00:00,AAPL,7.0,1.0001428775539363,6.97,0.9995697691094221,6.988,1.0,6.983,346668,6.952437499999999,1.0011429908560732,6.952749278858423,1.00118788665252,68.31683168316859,12.298539569264431,100.0,68.76769996172976
2010-03-26 19:00:00,AAPL,6.999,0.9998571428571428,6.974,1.0005738880918222,6.987,0.9998568975386376,6.991,104076,6.960187499999999,1.0011147169607781,6.9560112523004785,1.0005140286842533,65.59139784946264,13.763167275508717,98.6486486486482,74.24818044221023
2010-03-26 20:00:00,AAPL,6.858,0.979854264894985,6.837,0.9803556065385718,6.848,0.9801059109775296,6.851,244552,6.9560625,0.9994073435521673,6.9457244663671,0.9979220339059977,65.59139784946233,14.27536346645535,0.0,73.77809497212475
2010-03-29 04:00:00,AAPL,7.062,1.0297462817147858,7.012,1.025596021646921,7.052,1.0297897196261683,7.044,48104,6.963687499999999,1.001096166114091,6.955845945760709,0.9999688682729215,33.003300330033085,14.736660086832652,100.0,78.77809497212473
2010-03-29 05:00:00,AAPL,7.1,1.005380911922968,7.044,1.0045636052481461,7.071,1.0026942711287579,7.058,345912,6.9725625,1.001274468447931,6.966812998545404,1.0004488280879067,62.809917355371844,15.255408415501634,100.0,81.59860779263755
2010-03-29 06:00:00,AAPL,7.084,0.9977464788732394,7.059,1.002129471890971,7.075,1.0005656908499505,7.077,31500,6.980312500000001,1.0011114995383692,6.977116522493461,1.0006531346966714,61.12311015118785,15.841618342394131,100.0,83.73535992938972
2010-03-29 07:00:00,AAPL,7.1,1.002258610954263,7.042,0.9975917268734947,7.059,0.9977385159010601,7.077,965496,6.988499999999999,1.0011729417558308,6.984914948922655,1.0006593471170029,60.61269146608316,16.43197778398166,92.95154185022027,85.52326610055579
2010-03-29 08:00:00,AAPL,7.095,0.9992957746478873,7.033,0.9987219539903437,7.056,0.9995750106247344,7.079,2856280,6.994,1.0007870072261573,6.991684953787164,1.0004557421173592,58.029978586723765,16.937278147905843,91.62995594713652,86.29757989249075
2010-03-29 09:00:00,AAPL,7.08,0.9978858350951375,7.026,0.9990046921655054,7.055,0.9998582766439909,7.059,75135032,6.9988125,1.0006880897912496,6.997714958188387,1.0005311635957088,63.02325581395345,17.261496012015655,91.18942731277514,88.03032585431158
2010-03-29 10:00:00,AAPL,7.074,0.9991525423728813,7.011,0.9978650725875321,7.05,0.9992912827781715,7.058,89251036,7.002937499999999,1.0005893856993595,7.002694485979969,1.0005546635204143,62.790697674418496,17.388893447376635,88.98678414096902,87.9313010416304
2010-03-29 11:00:00,AAPL,7.069,0.9992931863160871,7.026,1.0021394950791613,7.05,1.0,7.052,34290116,7.0095624999999995,1.0009460315760352,7.007199773029496,1.0006086407353338,60.71428571428565,17.49792974734833,88.98678414096902,87.4049258015988
2010-03-29 12:00:00,AAPL,7.06,0.9987268354788513,7.018,0.9988613720466838,7.036,0.998014184397163,7.052,28262696,7.01525,1.0008113915811436,7.009942651788592,1.0000542333117926,58.64661654135333,17.609649344308316,82.81938325991166,86.45044709381611
2010-03-29 13:00:00,AAPL,7.057,0.9995750708215299,7.003,0.9978626389284697,7.026,0.9985787379192723,7.037,47388404,7.019374999999999,1.0005880047040376,7.0114719230468205,0.9994614479949853,55.911330049260954,17.654507467359068,78.41409691629943,86.9096050485359
2010-03-29 14:00:00,AAPL,7.036,0.9970242312597419,6.991,0.9982864486648578,7.019,0.9990037005408483,7.028,47432420,7.02175,1.0003383492120026,7.012188882756647,0.9989762454287808,54.5673076923076,17.57253245167281,75.33039647577094,87.15598694229762
2010-03-29 15:00:00,AAPL,7.04,1.0005685048322912,7.0,1.0012873694750395,7.028,1.0012822339364582,7.022,55790280,7.02425,1.0003560366005626,7.0136947034464905,0.9988528078394261,53.664302600472766,17.37247156425287,79.29515418502179,87.00074260597628
2010-03-29 16:00:00,AAPL,7.06,1.002840909090909,6.97,0.9957142857142857,7.023,0.9992885600455321,7.028,9127692,7.0264375,1.0003114211481652,7.014580922165872,0.9986234718533469,54.756380510440785,17.033274763219595,77.09251101321567,85.85248243838542
2010-03-29 17:00:00,AAPL,7.23,1.0240793201133145,7.012,1.006025824964132,7.205,1.0259148512031895,7.026,12995752,7.04,1.001930210010407,7.03271607243579,1.0008935641191983,79.46127946127946,17.013799012673175,99.99999999999999,85.85248243838542
2010-03-29 18:00:00,AAPL,7.227,0.9995850622406639,7.015,1.0004278379920137,7.174,0.9956974323386537,7.207,5351332,7.0516875,1.00166015625,7.0461716845847615,1.0008766597421537,77.81818181818187,17.21898188726997,91.31652661064435,85.37006725008789
2010-03-29 19:00:00,AAPL,7.193,0.9952954199529541,7.161,1.0208125445473983,7.18,1.0008363534987454,7.176,2424548,7.072437500000001,1.0029425580756381,7.058917238433832,1.0010252494078662,67.94425087108026,18.013709221179447,86.55913978494604,84.623352793696
2010-03-29 20:00:00,AAPL,7.061,0.9816488252467678,7.04,0.9831029185867897,7.051,0.982033426183844,7.053,75600,7.072375,0.9999911628770136,7.058163215725848,0.99798170230926,68.16608996539792,18.444846997615162,17.204301075268837,80.09866681739715
2010-03-30 04:00:00,AAPL,7.175,1.0161450219515649,7.148,1.0153409090909091,7.162,1.0157424478797334,7.166,14000,7.078062500000001,1.0008041852984324,7.068052433275768,0.9993888097387041,49.004975124378106,18.74360239172099,76.88172043010744,84.36987350795866
2010-03-30 05:00:00,AAPL,7.182,1.0009756097560976,7.161,1.0018186905428093,7.172,1.0013962580284836,7.174,14000,7.084125000000001,1.0008565197043684,7.0779522015352185,0.9999844168563385,60.39215686274513,18.95085750080577,82.25806451612883,83.38421042552139
2010-03-30 06:00:00,AAPL,7.184,1.0002784739626844,7.154,0.9990224828934506,7.169,0.9995817066369214,7.168,40600,7.090999999999999,1.0009704797699077,7.086623420436626,1.00035267876225,61.27167630057809,19.08697700052523,80.64516129032232,82.30894160831707
2010-03-30 07:00:00,AAPL,7.196,1.0016703786191536,7.13,0.9966452334358401,7.155,0.9980471474403684,7.171,1380232,7.0971875,1.0008725849668596,7.093135475633138,1.0003011529591228,61.50870406189558,19.14447447096886,73.11827956989256,80.81551269553331
2010-03-30 08:00:00,AAPL,7.198,1.000277932184547,7.146,1.0022440392706873,7.17,1.0020964360587001,7.168,9462516,7.104375,1.0010127251111796,7.100455906525221,1.0004605213720534,59.88700564971761,19.166393736015543,81.18279569892465,80.16169346490578
2010-03-30 09:00:00,AAPL,7.19,0.9988885801611559,7.116,0.9958018471872376,7.16,0.99860529986053,7.171,148314376,7.11125,1.0009677135567872,7.1061267725704385,1.0002465765912467,62.593984962406125,19.115069984098035,75.80645161290326,79.28260989078171
2010-03-30 10:00:00,AAPL,7.178,0.9983310152990263,7.095,0.9970489038785835,7.125,0.9951117318435754,7.163,113315888,7.115937499999999,1.0006591668131481,7.107924222801826,0.9995323217158482,62.593984962406125,18.94593081098538,56.9892473118279,77.38259989072908
2010-03-30 11:00:00,AAPL,7.155,0.9967957648370019,7.071,0.9966173361522199,7.136,1.0015438596491228,7.127,86170112,7.1221875,1.0008783101313075,7.11059810634451,0.9992496570331753,59.46428571428575,18.64344947474936,62.90322580645163,75.93351331658923
2010-03-30 12:00:00,AAPL,7.15,0.9993011879804333,7.109,1.0053740630745298,7.126,0.9985986547085202,7.14,28568680,7.1284374999999995,1.0008775393795797,7.112064953359318,0.9985787306721872,59.60854092526699,18.287349289149308,57.52688172043024,74.18574095989264
2010-03-30 13:00:00,AAPL,7.14,0.9986013986013985,7.095,0.9980306653537768,7.129,1.0004209935447654,7.129,35190316,7.1353125,1.0009644469773356,7.113677814944144,0.99792946419803,59.082892416225846,17.890130721628427,58.24175824175805,72.82031734777301
2010-03-30 14:00:00,AAPL,7.151,1.0015406162464986,7.11,1.0021141649048626,7.139,1.001402721279282,7.131,31089828,7.14225,1.0009722769675469,7.116089451616131,0.9973059276122987,40.20618556701015,17.482036879076713,63.7362637362639,72.00488217110438
2010-03-30 15:00:00,AAPL,7.156,1.000699202908684,7.117,1.00098452883263,7.13,0.9987393192323855,7.142,62260380,7.148937499999999,1.000936329588015,7.117414265747928,0.9965227016343489,45.23160762942774,17.123562606245507,51.298701298701154,70.6697879946005
2010-03-30 16:00:00,AAPL,7.148,0.9988820570150923,7.118,1.0001405086412816,7.133,1.000420757363254,7.132,7284452,7.1444374999999996,0.9993705358313737,7.118898621390982,0.9957981338333121,43.243243243243235,16.442844998914087,63.565891472868316,69.79594006614751
2010-03-30 17:00:00,AAPL,7.143,0.9993005036373811,7.113,0.999297555493116,7.127,0.9991588391980933,7.136,422968,7.1415,0.9995888409689356,7.119670181258508,0.9965333423741909,66.80327868852464,15.482870881026555,58.914728682170455,68.78606326997834
2010-03-30 18:00:00,AAPL,7.14,0.999580008399832,7.113,1.0,7.129,1.0002806229830223,7.133,209188,7.1383125,0.9995536651963873,7.120558735424364,0.997067665815916,37.41007194244594,14.298218754476899,64.46280991735512,66.81177493205362
2010-03-30 19:00:00,AAPL,7.139,0.9998599439775911,7.109,0.9994376493743848,7.124,0.9992986393603591,7.131,164668,7.142874999999999,1.000639156663427,7.120886474907758,0.9975588032756704,33.58778625954184,13.277653012975644,0.0,61.7386345647956
2010-03-30 20:00:00,AAPL,7.147,1.0011206051267685,7.126,1.0023913349275566,7.137,1.0018248175182483,7.14,1537200,7.141312499999999,0.9997812505468736,7.122421096345114,0.9971364606471644,33.08270676691721,12.095934669000487,27.0833333333331,58.434423095261536
2010-03-31 04:00:00,AAPL,7.167,1.002798376941374,7.137,1.001543642997474,7.155,1.0025220680958387,7.151,26320,7.140249999999999,0.9998512178258548,7.125523849074151,0.9977891107655843,43.1818181818179,10.806494071000845,67.39130434782697,61.222589943736985
2010-03-31 05:00:00,AAPL,7.173,1.0008371703641692,7.146,1.0012610340479193,7.163,1.0011180992313067,7.16,30380,7.139874999999999,0.9999474808305031,7.129093006305184,0.9984374505521775,44.44444444444459,9.61289719565811,84.78260869565297,61.66152818071175
2010-03-31 06:00:00,AAPL,7.173,1.0,7.133,0.998180800447803,7.159,0.999441574759179,7.151,29680,7.140125,1.0000350146186034,7.131941291418976,0.9988888168797041,51.12781954887222,8.778468233723146,76.086956521739,61.31868884769009
2010-03-31 07:00:00,AAPL,7.173,1.0,7.133,1.0,7.153,0.9991618941192904,7.165,113792,7.139062500000001,0.9998511930813537,7.133946882712407,0.9991347326149622,66.66666666666637,8.27243731156234,74.35897435897301,60.969456240392915
2010-03-31 08:00:00,AAPL,7.161,0.9983270598076118,7.08,0.9925697462498247,7.108,0.9937089333146931,7.154,2653252,7.135812500000001,0.9995447581527686,7.131475751025511,0.9989372905791916,58.76288659793775,8.149887108932038,0.0,56.90732959762109
2010-03-31 09:00:00,AAPL,7.163,1.0002792906018714,7.094,1.0019774011299436,7.128,1.0028137310073157,7.11,74266108,7.136000000000001,1.0000262759146208,7.131144727118319,0.9993458666575555,43.181818181818,8.264410291479638,36.36363636363681,54.417376301216215
2010-03-31 10:00:00,AAPL,7.151,0.9983247242775373,7.098,1.0005638567803776,7.127,0.9998597081930415,7.13,72661456,7.1354375,0.9999211743273542,7.130749991202288,0.9992642924891098,49.66442953020153,8.482376279710177,34.5454545454544,52.12509868635795
2010-03-31 11:00:00,AAPL,7.145,0.999160956509579,7.106,1.0011270780501549,7.127,1.0,7.128,29311576,7.1355,1.0000087590985136,7.130392849183023,0.9992930145044397,45.71428571428562,8.791806235761682,34.5454545454544,50.87822131044831
2010-03-31 12:00:00,AAPL,7.144,0.9998600419874039,7.112,1.0008443568815086,7.127,1.0,7.13,15820952,7.135375000000001,0.9999824819564151,7.130069720689402,0.9992389770428703,48.85496183206104,9.113637937419352,34.5454545454544,49.30278957372624
2010-03-31 13:00:00,AAPL,7.151,1.000979843225084,7.113,1.000140607424072,7.135,1.0011224919320891,7.13,22324372,7.135125,0.9999649632990557,7.130539271099935,0.999322288050724,47.65624999999994,9.472530810997359,49.090909090908795,48.83412442764171
2010-03-31 14:00:00,AAPL,7.156,1.000699202908684,7.1,0.998172360466751,7.117,0.9974772249474422,7.137,35248248,7.1343125,0.9998861267321876,7.129249816709465,0.9991765829904122,53.07692307692304,9.933502805736865,16.363636363636804,46.50756210107942
2010-03-31 15:00:00,AAPL,7.131,0.9965064281721633,7.077,0.9967605633802817,7.102,0.9978923703807785,7.119,79495724,7.132375,0.99972842512856,7.126654596070469,0.998926609406368,45.890410958904305,10.605997949287435,0.0,42.96665856017588
2010-03-31 16:00:00,AAPL,7.14,1.001262095077829,7.071,0.9991521831284442,7.114,1.0016896648831315,7.105,23906176,7.1315625,0.999886082826548,7.12544939644471,0.9990289905458855,42.94871794871822,11.386179708084516,19.67213114754029,41.20962688511138
2010-03-31 17:00:00,AAPL,7.129,0.9984593837535014,7.091,1.0028284542497525,7.117,1.0004217036828789,7.105,1288840,7.1308125,0.9998948337057972,7.124644692021404,0.9990299730278468,42.58064516129048,12.247924415570557,24.59016393442573,39.04430868853124
2010-03-31 18:00:00,AAPL,7.131,1.0002805442558564,7.094,1.0004230714990834,7.121,1.0005620345651258,7.119,373100,7.130625,0.9999737056611712,7.124297578495556,0.9990863703814334,36.42857142857139,13.129991606938244,31.147540983606795,37.501687149722144
2010-03-31 19:00:00,AAPL,7.13,0.9998597672135745,7.1,1.0008457851705665,7.114,0.9990169919955062,7.122,291648,7.129187500000001,0.9997984047681656,7.123316856734075,0.9989751048097572,34.55882352941194,14.088320427876234,19.67213114754029,35.013316106954655
2010-04-01 05:00:00,AAPL,7.152,1.003085553997195,7.101,1.0001408450704226,7.142,1.0039359010402025,7.115,53200,7.128375000000001,0.9998860318935362,7.125096203711782,0.9994261202572916,33.81294964028791,15.08296957167836,65.5737704918034,38.65630335649929
2010-04-01 06:00:00,AAPL,7.151,0.9998601789709172,7.129,1.0039431066047035,7.141,0.9998599831979837,7.143,36400,7.127000000000001,0.9998071089133217,7.126610850977326,0.9997525173657846,46.58385093167729,16.152242705982456,68.42105263157903,40.95284331751296
2010-04-01 07:00:00,AAPL,7.173,1.00307649279821,7.112,0.997615373825221,7.157,1.0022405825514633,7.134,407624,7.126875,0.999982461063561,7.129505055646153,1.00035148809403,64.10256410256405,17.090171408391083,100.0,42.76443752041146
2010-04-01 08:00:00,AAPL,7.184,1.0015335285096891,7.094,0.9974690663667042,7.168,1.0015369568254855,7.164,5531008,7.1278125,1.0001315443304393,7.13317124082271,1.0008834504355288,62.83185840707946,17.9129355095292,100.0,43.609848148430736
2010-04-01 09:00:00,AAPL,7.228,1.0061247216035634,7.106,1.0016915703411333,7.197,1.0040457589285714,7.169,116050648,7.133375,1.0007803937042394,7.139250170268166,1.001604653639271,66.66666666666666,17.94865012263306,100.0,44.93835056388967
2010-04-01 10:00:00,AAPL,7.215,0.9982014388489209,7.149,1.0060512243174782,7.171,0.9963873836320689,7.2,82777436,7.1360625,1.0003767501358054,7.14227396357596,1.001247510971449,73.02631578947363,17.39510040989195,72.63157894736855,44.84238415213387
2010-04-01 11:00:00,AAPL,7.183,0.9955647955647956,7.14,0.9987410826689047,7.17,0.9998605494352252,7.174,47132708,7.138750000000001,1.0003766082485965,7.144914538473488,1.00124046537898,62.35955056179783,16.453474186482453,71.57894736842084,48.81899233926836
2010-04-01 12:00:00,AAPL,7.187,1.0005568703884171,7.145,1.0007002801120448,7.168,0.999721059972106,7.172,29377236,7.1413125000000015,1.00035895639993,7.147113153856965,1.0011715151611926,60.23391812865494,15.199958809012328,69.47368421052633,50.65843944187334
2010-04-01 13:00:00,AAPL,7.18,0.9990260192013357,7.09,0.9923023093072079,7.119,0.9931640625,7.17,68146960,7.140812500000002,0.9999299848592258,7.144435710632493,1.0004373440642027,66.45161290322574,14.090652141076802,17.89473684210474,49.73339956946502
2010-04-01 14:00:00,AAPL,7.13,0.9930362116991643,7.026,0.9909732016925247,7.083,0.9949431099873578,7.12,131739860,7.137562500000001,0.999544869718957,7.138584690572255,0.999688017375089,54.49735449735431,13.538040743282142,0.0,47.81420765027312
2010-04-01 15:00:00,AAPL,7.144,1.0019635343618514,7.065,1.0055508112724167,7.134,1.0072003388394748,7.085,107956100,7.138625000000001,1.000148860342729,7.1381480533748976,1.000082038283363,42.723004694835815,13.254244764154597,44.73684210526334,48.38039584804027
2010-04-01 16:00:00,AAPL,7.178,1.0047592385218365,7.074,1.0012738853503185,7.132,0.9997196523689373,7.137,10165036,7.140500000000001,1.0002626556234568,7.137562524482051,0.9998511652428933,53.256704980842954,12.833479104242585,42.98245614035047,48.041037350787036
2010-04-01 17:00:00,AAPL,7.144,0.9952633045416551,7.097,1.0032513429459995,7.133,1.0001402131239485,7.135,766248,7.141687500000001,1.0001663048806104,7.137127998340903,0.9995277639298231,52.12355212355195,12.348719631595342,43.85964912280691,49.56859361518538
2010-04-01 18:00:00,AAPL,7.145,1.0001399776035833,7.118,1.002958996759194,7.135,1.000280386933969,7.136,291956,7.142812500000001,1.000157525794849,7.136925331832245,0.999333187265929,53.754940711462446,11.821392240743073,45.614035087718996,52.10270667561421
2010-04-01 19:00:00,AAPL,7.148,1.0004198740377888,7.121,1.0004214667041305,7.135,1.0,7.138,408268,7.143687500000001,1.0001225007656298,7.1367419668958405,0.9991501200536679,48.45814977973557,11.267477110956243,45.614035087718996,53.543923561179696
2010-04-05 04:00:00,AAPL,7.215,1.0093732512590934,7.109,0.9983148434208677,7.199,1.008969866853539,7.198,70000,7.149,1.0007436635491123,7.142671303381951,0.9998577490101505,48.67256637168137,10.408361054685187,100.0,57.733358898156034
2010-04-05 06:00:00,AAPL,7.205,0.9986139986139987,7.148,1.0054860036573356,7.159,0.9944436727323239,7.195,159068,7.1500625000000015,1.0001486221849212,7.144226417345575,0.9993322726738809,57.664233576642275,9.461475793399881,65.5172413793102,59.64278669791733
2010-04-05 07:00:00,AAPL,7.184,0.9970853573907009,7.089,0.9917459429210969,7.17,1.0015365274479675,7.156,1027124,7.151875,1.000253494287637,7.146681044265044,0.999527073261953,48.51485148514846,8.732445004419555,75.0,62.71655718972066
2010-04-05 08:00:00,AAPL,7.2,1.0022271714922049,7.027,0.9912540555790661,7.141,0.995955369595537,7.173,27771520,7.150875000000001,0.9998601765271345,7.146139992430278,0.9991981113246915,45.263157894736835,8.38252272839324,50.0,61.851347717953814
2010-04-05 09:00:00,AAPL,7.213,1.0018055555555556,7.071,1.0062615625444713,7.146,1.0007001820473322,7.143,190746808,7.1495000000000015,0.9998077158389709,7.146126659817871,0.9993359777394892,44.79166666666664,8.229712395127669,54.31034482758613,61.06741950662086
2010-04-05 10:00:00,AAPL,7.19,0.9968113129072509,7.101,1.0042426813746288,7.169,1.0032185838231178,7.147,136246208,7.147750000000001,0.9997552276382964,7.14830507316855,0.9998328656785158,45.89041095890411,8.408844884026108,74.13793103448246,59.630637897425444
2010-04-05 11:00:00,AAPL,7.193,1.0004172461752432,7.148,1.0066187860864666,7.169,1.0,7.171,55570844,7.147625000000001,0.9999825119792941,7.150276018581069,1.0003534005219918,50.1597444089456,8.819071441000986,74.13793103448246,58.19385628823003
2010-04-05 12:00:00,AAPL,7.208,1.002085360767413,7.152,1.0005595970900951,7.182,1.0018133630910868,7.172,60283160,7.148375000000001,1.0001049299592522,7.1532973501447765,1.0007935992927408,59.46969696969693,9.301119523443624,85.34482758620732,57.37968004301932
2010-04-05 13:00:00,AAPL,7.202,0.9991675915649278,7.163,1.0015380313199105,7.177,0.9993038150932887,7.185,41675200,7.148937500000001,1.0000786892125832,7.155554745369084,1.0010043884615851,70.53941908713685,9.84536511926489,81.03448275862043,57.846508032533315
2010-04-05 14:00:00,AAPL,7.212,1.0013885031935572,7.158,0.9993019684489739,7.192,1.002090009753379,7.18,58388148,7.153499999999999,1.0006382067265238,7.1590257220005995,1.0014111498387837,61.025641025640724,10.226769303222577,93.96551724137957,59.0902063588088
2010-04-05 15:00:00,AAPL,7.221,1.0012479201331115,7.169,1.0015367421067336,7.211,1.0026418242491657,7.195,99334956,7.161499999999999,1.0011183336828127,7.163975653238638,1.0014644094832794,64.4230769230769,10.226911779748482,100.0,60.78611279155734
2010-04-05 16:00:00,AAPL,7.228,1.000969394820662,7.154,0.9979076579718231,7.218,1.000970739148523,7.213,7610876,7.16675,1.0007330866438597,7.169120829120673,1.0010641386749526,67.25663716814152,10.002654626708374,100.0,65.34751630032929
2010-04-05 17:00:00,AAPL,7.239,1.0015218594355286,7.155,1.0001397819401734,7.224,1.000831255195345,7.22,852404,7.1725,1.0008023162521367,7.1743474168234656,1.0010600923463864,67.96536796536788,9.697536912641839,100.0,70.90307185588485
2010-04-05 18:00:00,AAPL,7.244,1.0006907031357921,7.184,1.004053109713487,7.202,0.996954595791805,7.226,1868328,7.176812500000001,1.0006012547926109,7.176980996173612,1.00062474676523,68.77637130801682,9.30941444469837,75.28089887640434,72.599963898726
2010-04-05 19:00:00,AAPL,7.231,0.998205411374931,7.189,1.000695991091314,7.221,1.002638156067759,7.209,872480,7.1821875,1.000748939727769,7.181173282252316,1.0006076210368202,50.76923076923079,8.863333162747713,96.62921348314596,75.58033930665911
2010-04-06 04:00:00,AAPL,7.239,1.0011063476697553,7.192,1.0004173042147726,7.229,1.0011078797950423,7.206,26040,7.188062500000001,1.0008179959100205,7.185728207752096,1.0004929845889008,67.81609195402285,8.354861723406609,100.0,78.69924768872539
2010-04-06 05:00:00,AAPL,7.239,1.0,7.205,1.0018075639599555,7.229,1.0,7.231,31920,7.1899375,1.000260849150936,7.189849330823325,1.0002485830950028,67.25146198830393,8.045041596761692,100.0,81.72069018385211
2010-04-06 06:00:00,AAPL,7.239,1.0,7.215,1.0013879250520472,7.228,0.9998616682805367,7.229,19040,7.19425,1.0005997965907214,7.19348272788777,1.000493081878357,80.9859154929573,7.903095725093026,98.86363636363599,84.6790013658475
2010-04-06 07:00:00,AAPL,7.236,0.9995855781185247,7.201,0.998059598059598,7.221,0.9990315439955728,7.223,457268,7.1974375,1.0004430621677034,7.196103420469887,1.0002576252520954,79.71014492753562,7.713425620277012,90.9090909090909,84.17395086079699
2010-04-06 08:00:00,AAPL,7.231,0.9993090105030403,7.17,0.9956950423552284,7.197,0.9966763606148733,7.224,3613176,7.2009375,1.0004862841810018,7.196188808996564,0.9998265089480198,71.31147540983582,7.424328609877237,61.445783132530174,83.94775873597588
2010-04-06 09:00:00,AAPL,7.22,0.9984787719540865,7.154,0.997768479776848,7.182,0.9979157982492706,7.2,76750072,7.2031875,1.0003124593151933,7.194837493854035,0.999152887225314,59.5890410958904,7.195720735744758,21.6666666666678,80.98479577301299
2010-04-06 10:00:00,AAPL,7.215,0.9993074792243768,7.157,1.00041934582052,7.198,1.002227791701476,7.185,81055240,7.205,1.000251624714753,7.195138684915555,0.9988826036967045,50.0,7.020146889402079,48.333333333334274,80.89220318042044
2010-04-06 11:00:00,AAPL,7.232,1.0023562023562025,7.179,1.0030739136509712,7.216,1.0025006946373993,7.201,62395704,7.207937500000001,1.000407702984039,7.19712547682836,0.9989070752017154,56.60377358490589,6.807057115426717,75.00000000000043,82.04162846777679
2010-04-06 12:00:00,AAPL,7.23,0.9997234513274337,7.191,1.0016715419974926,7.215,0.999861419068736,7.219,30012780,7.21,1.0002861428806784,7.198827812368515,0.99873615890378,57.40740740740742,6.656314209506605,73.07692307692288,81.98268358124568
2010-04-06 13:00:00,AAPL,7.242,1.0016597510373444,7.195,1.0005562508691421,7.224,1.0012474012474013,7.217,39592784,7.212937500000001,1.0004074202496533,7.201225163571514,0.9987829630473667,51.38888888888874,6.48120708041958,89.36170212765974,82.82844864197777
2010-04-06 14:00:00,AAPL,7.273,1.004280585473626,7.211,1.002223766504517,7.257,1.0045681063122922,7.227,73749228,7.2170000000000005,1.0005632240678641,7.206537052755179,0.999112643462553,52.05479452054801,6.117692623858661,100.0,83.64262488718846
2010-04-06 15:00:00,AAPL,7.271,0.9997250103121134,7.219,1.0011094161697407,7.246,0.998484222130357,7.26,65897748,7.219187500000001,1.0003031037827352,7.210295428683257,0.9990710030044695,59.5375722543351,5.662688797676988,85.33333333333422,83.88144991911702
2010-04-06 16:00:00,AAPL,7.256,0.9979370100398846,7.202,0.9976451031998891,7.243,0.9995859784708805,7.245,6399008,7.22075,1.00021643709905,7.213410149761042,0.9991997229274127,63.58024691358048,5.196730138649923,81.33333333333402,83.1796619242256
2010-04-06 17:00:00,AAPL,7.255,0.9998621830209481,7.23,1.0038878089419607,7.245,1.000276128675963,7.244,352324,7.222062500000001,1.0001817678219023,7.216418706926657,0.9994001602225056,57.53424657534259,4.802369918006507,84.00000000000043,82.29077303533673
2010-04-06 18:00:00,AAPL,7.257,1.000275671950379,7.231,1.0001383125864454,7.245,1.0,7.248,384524,7.224750000000001,1.0003721236142722,7.219140734838403,0.9995954389536787,55.714285714285765,4.491951712314791,84.00000000000043,81.40188414644786
2010-04-06 19:00:00,AAPL,7.256,0.9998622020118507,7.231,1.0,7.245,1.0,7.248,659092,7.226250000000001,1.000207619640818,7.22160352199665,0.999564486244735,55.714285714285765,4.253219987519072,84.00000000000043,80.512995257559
2010-04-07 04:00:00,AAPL,7.255,0.9998621830209481,7.233,1.0002765869174388,7.245,1.0,7.247,50400,7.2272500000000015,1.000138384362567,7.223831757996969,0.9996653531218775,56.115107913669256,4.1374700101789905,84.00000000000043,80.99738976442546
2010-04-07 06:00:00,AAPL,7.255,1.0,7.234,1.0001382552191345,7.245,1.0,7.248,2800,7.228250000000002,1.000138365214985,7.225847781044877,0.9998059816728182,59.090909090909186,4.124154659638915,84.00000000000043,80.29576679313959
2010-04-07 07:00:00,AAPL,7.243,0.9983459682977258,7.207,0.9962676251036771,7.226,0.9973775017253278,7.236,98812,7.228125000000001,0.9999827067409123,7.225862278088222,0.9996696680508035,72.2222222222225,4.396558073652418,58.666666666666686,77.9994704968433
2010-04-07 08:00:00,AAPL,7.252,1.0012425790418333,7.214,1.0009712779242403,7.232,1.0008303349017438,7.229,1743812,7.228812500000001,1.0000951145698227,7.226446823032201,0.9997678267921764,69.6428571428571,4.712594066879609,66.66666666666706,76.14761864499147
2010-04-07 09:00:00,AAPL,7.296,1.0060672917815776,7.218,1.0005544774050457,7.262,1.0041482300884954,7.235,72454284,7.232875000000001,1.0005619871866922,7.229832839886277,1.0001411490319159,66.66666666666666,4.4583738550356244,100.0,76.21074995812279
2010-04-07 10:00:00,AAPL,7.309,1.001781798245614,7.248,1.0041562759767249,7.279,1.0023409529055358,7.265,99263164,7.2389375000000005,1.0008381867514646,7.2345154265637746,1.0002268014536093,70.17543859649113,4.3341943505736795,100.0,76.71580046317331
2010-04-07 11:00:00,AAPL,7.304,0.9993159118894513,7.257,1.0012417218543046,7.287,1.0010990520675918,7.281,52507588,7.2445,1.0007684138728923,7.239513957367224,1.0000796328697719,74.61538461538483,4.845089721871187,100.0,78.85770140025495
2010-04-07 12:00:00,AAPL,7.305,1.0001369112814895,7.265,1.001102383905195,7.294,1.0009606147934678,7.289,26113948,7.249375,1.0006729242873904,7.244703104284631,1.000028035652513,74.41860465116294,5.733724314614362,100.0,83.20955325210676
2010-04-07 13:00:00,AAPL,7.324,1.0026009582477755,7.282,1.0023399862353752,7.308,1.0019193857965452,7.297,55543460,7.2551875,1.0008017932580395,7.250731380067047,1.0001871030353717,67.96116504854385,7.041776210577003,100.0,86.07992362247707
2010-04-07 14:00:00,AAPL,7.322,0.9997269251774986,7.238,0.9939577039274925,7.27,0.99480021893815,7.311,107034424,7.2580625,1.0003962681874177,7.2525664867273285,0.9996387394160838,79.24528301886767,8.16549248393679,53.65853658536546,84.89428676610846
2010-04-07 15:00:00,AAPL,7.284,0.9948101611581535,7.204,0.9953025697706548,7.272,1.0002751031636865,7.271,140816788,7.259,1.0001291667025463,7.254417297515202,0.9994977719625867,59.57446808510611,8.629074805259812,56.09756097561018,83.9509888715911
2010-04-07 16:00:00,AAPL,7.287,1.0004118616144975,7.231,1.0037479178234314,7.273,1.000137513751375,7.276,9392320,7.2606874999999995,1.0002324700371952,7.25618707870423,0.9996124919002934,59.57446808510637,8.611703417839715,57.317073170731454,82.17073170731729
2010-04-07 17:00:00,AAPL,7.285,0.9997255386304378,7.258,1.0037339233854239,7.275,1.0002749896878869,7.275,297724,7.2626875,1.0002754560088147,7.257978785494304,0.9996269341566214,59.85915492957729,8.368119185437218,59.75609756097618,79.93495934959374
2010-04-07 18:00:00,AAPL,7.288,1.0004118050789292,7.26,1.00027555800496,7.278,1.0004123711340205,7.276,450044,7.26475,1.0002839857834995,7.25988556782818,0.9996142017439383,60.41666666666668,7.975674490049424,63.41463414634109,78.71725383920526
2010-04-07 19:00:00,AAPL,7.289,1.0001372118551042,7.257,0.9995867768595041,7.269,0.9987633965375103,7.279,295764,7.26625,1.0002064764788878,7.2607536089874,0.999449892836973,61.22448979591817,7.445356042526098,52.43902439024418,77.11201445347803
2010-04-08 04:00:00,AAPL,7.268,0.9971189463575251,7.227,0.995866060355519,7.256,0.9982115834365112,7.241,67928,7.266937500000001,1.0000946155169448,7.260300884321933,0.9991812674105532,57.69230769230771,6.598893639397447,36.58536585365891,74.47786811201462
2010-04-08 05:00:00,AAPL,7.268,1.0,7.238,1.0015220700152208,7.257,1.0001378169790518,7.255,40404,7.267687500000001,1.000103207162577,7.259986514386511,0.9990434779969567,60.000000000000114,6.11137206718029,37.80487804878018,71.91147244805794
2010-04-08 07:00:00,AAPL,7.282,1.0019262520638414,7.241,1.0004144791378833,7.256,0.9998622020118507,7.275,39200,7.268375000000002,1.0000945968026282,7.2596068463497,0.9988881396385988,58.620689655172306,5.850966628245301,36.58536585365891,69.27732610659451
2010-04-08 08:00:00,AAPL,7.284,1.0002746498214776,7.218,0.9968236431432123,7.253,0.9995865490628445,7.258,3144120,7.270062500000002,1.0002321701893477,7.258977622887824,0.9987070869194039,47.41379310344853,5.724360054292152,27.631578947368435,66.14574715922605
2010-04-08 09:00:00,AAPL,7.284,1.0,7.187,0.9957051814907177,7.204,0.9932441748242106,7.258,89300680,7.268312500000001,0.9997592868011794,7.253741658803269,0.9977550617760531,37.254901960784224,5.949638000847696,0.0,61.479080492559355
2010-04-08 10:00:00,AAPL,7.257,0.9962932454695222,7.185,0.9997217197718101,7.228,1.0033314825097168,7.207,91399728,7.2661875,0.9997076350253238,7.251290072250576,0.9976579945139363,20.979020979020703,6.7506856420402945,23.076923076923077,59.5018725153514
2010-04-08 11:00:00,AAPL,7.256,0.9998622020118507,7.209,1.003340292275574,7.236,1.0011068068622024,7.23,43971928,7.2635,0.9996301361615014,7.249833874893378,0.9977493527236089,29.374999999999957,8.082571406359694,30.76923076923077,57.507570521049374
2010-04-08 12:00:00,AAPL,7.284,1.003858875413451,7.223,1.0019420169232904,7.273,1.0051133222775013,7.239,45456880,7.262625,0.9998795346595994,7.25204017252258,0.9984222719794288,26.623376623376444,9.594319925229273,66.34615384615374,55.637912401391254
2010-04-08 13:00:00,AAPL,7.313,1.0039813289401427,7.225,1.0002768932576491,7.26,0.9982125670287364,7.276,134958712,7.2604999999999995,0.9997074060687423,7.252798251329954,0.9986469425765414,50.98039215686279,11.004483192953192,53.84615384615385,53.073809837288685
2010-04-08 14:00:00,AAPL,7.277,0.9950772596745522,7.228,1.0004152249134948,7.259,0.9998622589531682,7.263,63022904,7.257437499999999,0.999578197093864,7.253388894060435,0.9990205762771759,46.34146341463396,12.454804039793316,74.3243243243253,51.64738341086231
2010-04-08 15:00:00,AAPL,7.283,1.0008245155970867,7.231,1.000415052573326,7.254,0.9993111998897919,7.258,88061876,7.2564375,0.9998622103187248,7.253447094626107,0.9994501633153724,45.731707317073315,13.66190252015053,67.56756756756747,49.8455816090605
2010-04-08 16:00:00,AAPL,7.281,0.9997253878896059,7.196,0.9951597289448209,7.257,1.000413564929694,7.257,5232696,7.2555000000000005,0.9998708043719802,7.2537854665664785,0.9996345268000281,43.71257485029909,14.666668444748016,71.62162162162168,48.26900503248393
2010-04-08 17:00:00,AAPL,7.269,0.9983518747424804,7.244,1.0066703724291273,7.259,1.0002755959762988,7.259,179200,7.254625000000001,0.9998794018330922,7.254282088798242,0.9998321395904131,43.71257485029939,15.522137551719535,74.3243243243253,49.41710435131503
2010-04-08 18:00:00,AAPL,7.271,1.0002751410097674,7.243,0.9998619547211486,7.256,0.9995867199338752,7.259,189616,7.253437500000001,0.9998363113186416,7.254445699388886,0.9999752846479156,46.87500000000007,16.23868848094899,70.27027027027108,50.204477089907314
2010-04-08 19:00:00,AAPL,7.271,1.0,7.242,0.9998619356620184,7.258,1.0002756339581036,7.256,190540,7.252187500000001,0.9998276679160741,7.254784204208992,1.0001856642742135,50.0,16.86488236568321,78.26086956521785,51.368021334045444
2010-04-09 04:00:00,AAPL,7.316,1.0061889698803466,7.26,1.0024855012427505,7.306,1.006613392119041,7.274,33600,7.2545,1.0003188693066747,7.259661899046231,1.0010306406234297,50.331125827814674,17.063633108367977,100.0,53.60379369176899
2010-04-09 05:00:00,AAPL,7.345,1.0039639147074904,7.304,1.006060606060606,7.335,1.0039693402682726,7.318,22400,7.2594375,1.00068061203391,7.266836956279923,1.0017005936012024,62.6262626262625,16.574157181581445,100.0,55.63631401697226
2010-04-09 06:00:00,AAPL,7.334,0.998502382573179,7.299,0.9993154435925521,7.323,0.9983640081799592,7.313,23184,7.263562499999999,1.0005682258439443,7.272185817586597,1.0017561026713981,68.3035714285713,15.598494623676594,90.8396946564889,57.7696845873192
2010-04-09 07:00:00,AAPL,7.334,1.0,7.29,0.9987669543773119,7.301,0.9969957667622559,7.319,447020,7.266374999999999,1.0003872066909316,7.274930025435492,1.0015650069006075,81.81818181818196,14.41015000072283,74.04580152671775,59.85081990248913
2010-04-09 08:00:00,AAPL,7.311,0.9968639214616853,7.267,0.9968449931412895,7.289,0.99835638953568,7.302,2449440,7.268624999999998,1.0003096454559528,7.276270023013065,1.0013617550722425,69.72972972972978,13.090406984096374,64.88549618320597,61.35529868773501
2010-04-09 09:00:00,AAPL,7.311,1.0,7.254,0.9982110912343469,7.294,1.0006859651529703,7.293,71568140,7.274249999999999,1.0007738740133107,7.277958592249916,1.0012840932432086,64.02116402116394,11.58394816373205,61.68224299065393,62.74956963979029
2010-04-09 10:00:00,AAPL,7.316,1.0006839009711395,7.267,1.0017921146953406,7.283,0.9984919111598575,7.298,74485292,7.277687499999999,1.0004725573083135,7.278438726321352,1.0005758293049252,56.6878980891719,10.531939676892915,47.474747474747986,63.851967891311375
2010-04-09 11:00:00,AAPL,7.31,0.9991798797156916,7.267,1.0,7.287,1.000549224220788,7.285,33702592,7.280875,1.0004379825322263,7.279254085719319,1.0002152587232305,57.41935483870985,9.907816135858925,40.74074074074098,66.11534237690809
2010-04-09 12:00:00,AAPL,7.305,0.9993160054719562,7.269,1.0002752167331774,7.284,0.9995883079456567,7.29,19122152,7.281562500000001,1.0000944254639725,7.279706077555574,0.9998394530266725,58.860759493670734,9.468620428293697,37.03703703703716,66.89090426358109
2010-04-09 13:00:00,AAPL,7.3,0.999315537303217,7.262,0.9990370064658136,7.276,0.9989017023613399,7.287,25503184,7.282562500000001,1.000137333161667,7.279353117788377,0.9996965785555472,59.61538461538471,8.968134562797582,27.160493827160657,66.69041887791053
2010-04-09 14:00:00,AAPL,7.305,1.0006849315068493,7.26,0.9997245937758193,7.291,1.0020615722924684,7.278,25155256,7.2845625,1.0002746286077187,7.280462344665675,0.9997116186322704,55.900621118012474,8.439143301806816,45.67901234567979,65.54224435010642
2010-04-09 15:00:00,AAPL,7.323,1.002464065708419,7.273,1.0017906336088154,7.313,1.003017418735427,7.293,73317524,7.288250000000001,1.000506207476427,7.283561168983229,0.9998625406787613,59.19540229885061,7.966353214015716,72.15189873417681,66.55923017721881
2010-04-09 16:00:00,AAPL,7.33,1.0009558923938275,7.276,1.00041248453183,7.316,1.000410228360454,7.314,7034076,7.291937500000001,1.000505951360066,7.286650581461017,0.9997805483430201,64.7668393782383,7.827021197830853,75.94936708860735,66.64951033079004
2010-04-09 17:00:00,AAPL,7.331,1.0001364256480219,7.304,1.0038482682792744,7.316,1.0,7.32,185192,7.2955000000000005,1.0004885532823065,7.289445764179016,0.9996582889223906,64.94845360824745,7.967002286768505,75.94936708860735,67.11516585973669
2010-04-09 18:00:00,AAPL,7.328,0.9995907788841905,7.298,0.9991785323110624,7.318,1.0002733734281029,7.319,60872,7.299375,1.0005311493386333,7.292165215209586,0.999542898390732,53.42465753424653,8.282218395908599,77.92207792207746,67.46519120976201
2010-04-09 19:00:00,AAPL,7.33,1.000272925764192,7.305,1.0009591668950397,7.319,1.0001366493577482,7.321,258468,7.3031875,1.0005223049918657,7.294720908999149,0.999362398698402,42.85714285714264,8.755173799339618,72.88135593220345,67.38502629908858
2010-04-12 04:00:00,AAPL,7.354,1.0032742155525238,7.322,1.0023271731690624,7.343,1.0032791364940565,7.336,36316,7.3055,1.000316642561895,7.299318917665897,0.9994702885097633,48.14814814814794,9.220849705224955,100.0,69.03667795074018
2010-04-12 05:00:00,AAPL,7.354,1.0,7.32,0.9997268505872713,7.332,0.9985019746697535,7.346,19628,7.3053125,0.9999743344055848,7.302431401697716,0.9995799605362694,69.09090909090911,9.473431520291966,83.58208955223867,69.33230128335246
2010-04-12 06:00:00,AAPL,7.342,0.9983682349741636,7.32,1.0,7.332,1.0,7.334,47264,7.3058749999999995,1.0000769987594642,7.3052474586788865,0.9999910967092628,69.72477064220206,9.587713916151252,83.58208955223867,68.4201951473657
2010-04-12 07:00:00,AAPL,7.344,1.0002724053391447,7.3,0.9972677595628414,7.316,0.9978177850518276,7.336,191688,7.3068124999999995,1.0001283213851866,7.3062715102332785,1.0000542727918666,68.26923076923103,9.503833947035172,59.701492537313335,66.18138917721645
2010-04-12 08:00:00,AAPL,7.339,0.9993191721132898,7.302,1.0002739726027396,7.316,1.0,7.325,1738268,7.3085,1.0002309488576586,7.307198033068205,1.0000527635091505,65.13761467889884,9.46190252915097,59.701492537313335,64.45148905948447
2010-04-12 09:00:00,AAPL,7.354,1.0020438751873553,7.299,0.9995891536565326,7.315,0.9998633132859487,7.319,58349200,7.3098125000000005,1.0001795854142437,7.307941077537899,0.9999235243261817,63.80952380952371,9.665385672588194,58.20895522388133,63.57166426488246
2010-04-12 10:00:00,AAPL,7.351,0.999592058743541,7.301,1.0002740101383751,7.338,1.0031442241968558,7.317,65523108,7.313249999999999,1.0004702583000589,7.310803832058099,1.0001356166191813,65.04854368932071,10.033166507629545,92.537313432836,65.10787633430635
2010-04-12 11:00:00,AAPL,7.354,1.0004081077404434,7.315,1.0019175455417066,7.338,1.0,7.339,36529668,7.316437499999998,1.000435852733053,7.313393943290661,1.0000196825338477,76.2711864406782,10.558875308521978,92.537313432836,66.82204691442759
2010-04-12 12:00:00,AAPL,7.351,0.999592058743541,7.318,1.0004101161995897,7.334,0.9994548923412373,7.34,22116388,7.319562499999999,1.0004271204394215,7.315356424882027,0.9998522402305806,72.81553398058263,11.210706299947153,86.567164179104,68.99384784244737
2010-04-12 13:00:00,AAPL,7.359,1.0010882873078493,7.321,1.000409948073244,7.333,0.9998636487592037,7.337,36438164,7.323124999999999,1.0004867094174004,7.317036765369453,0.9996549336616026,62.35294117647054,12.102979736711463,80.76923076923103,71.21765284403013
2010-04-12 14:00:00,AAPL,7.353,0.9991846718304117,7.315,0.9991804398306243,7.341,1.00109095867994,7.336,31682700,7.326249999999999,1.0004267303917385,7.31931897819141,0.9994802735432496,60.24096385542199,13.096725978495751,93.33333333333412,74.34522486049109
2010-04-12 15:00:00,AAPL,7.353,1.0,7.305,0.998632946001367,7.326,0.9979566816510012,7.344,62617968,7.3270624999999985,1.0001109025763522,7.319955265982704,0.9991407972677296,63.736263736264036,13.898866568604653,39.28571428571213,75.0188482192995
2010-04-12 16:00:00,AAPL,7.348,0.9993200054399565,7.309,1.0005475701574265,7.325,0.9998634998635,7.328,13170052,7.327624999999999,1.0000767701926934,7.320435716841494,0.999095574364419,53.846153846153854,14.478477643975253,35.71428571428549,74.46525229533314
2010-04-12 17:00:00,AAPL,7.335,0.9982308111050626,7.308,0.9998631823778902,7.325,1.0,7.326,180740,7.328187499999999,1.0000767642994832,7.320870410475638,0.9990782020744291,52.884615384615515,14.848615538952117,35.71428571428549,72.44094046089475
2010-04-12 18:00:00,AAPL,7.335,1.0,7.31,1.0002736726874657,7.325,1.0,7.327,91028,7.328625,1.0000597009833605,7.321263704716054,0.9990551831153411,38.75000000000002,15.120913082551613,35.71428571428549,70.20565816232131
2010-04-12 19:00:00,AAPL,7.335,1.0,7.31,1.0,7.321,0.9994539249146757,7.325,88648,7.328749999999999,1.000017056405533,7.321238589981191,0.9989921151622837,44.927536231884226,15.291431091832317,21.428571428569388,67.17672507009698
2010-04-12 20:00:00,AAPL,7.341,1.0008179959100205,7.319,1.001231190150479,7.331,1.0013659336156264,7.333,33600,7.327999999999999,0.9998976633122975,7.322168248078221,0.9991019270787271,42.4657534246574,15.196886814338146,61.538461538462066,66.26652415989612
2010-04-13 05:00:00,AAPL,7.321,0.9972755755346683,7.299,0.9972673862549529,7.31,0.9971354521893329,7.313,3136,7.326625,0.999812363537118,7.321009367308866,0.9990460381152929,61.19402985074667,14.63122784595425,0.0,62.21755994144036
2010-04-13 06:00:00,AAPL,7.333,1.0016391203387516,7.311,1.0016440608302506,7.322,1.0016415868673052,7.325,5264,7.3260000000000005,0.9999146946923039,7.32110371327945,0.9992464078998788,46.590909090909,13.82522093658896,38.70967741935558,58.81254202029345
2010-04-13 07:00:00,AAPL,7.33,0.9995908904950225,7.275,0.9950759130077965,7.319,0.9995902758809069,7.31,79800,7.326187500000001,1.000025593775594,7.320903359633788,0.9993043078943199,53.5353535353533,12.610625963761875,29.032258064516682,55.78199582653112
2010-04-13 08:00:00,AAPL,7.333,1.0004092769440656,7.295,1.0027491408934708,7.317,0.9997267386254953,7.325,1108156,7.326250000000002,1.0000085310401898,7.320531611097237,0.9992279901513899,37.97468354430408,11.137190967671375,22.58064516129171,52.39302669370073
2010-04-13 09:00:00,AAPL,7.351,1.002454657029865,7.293,0.9997258396161754,7.33,1.001776684433511,7.318,52251528,7.3271875,1.0001279645111754,7.32143336242131,0.999342550748515,37.03703703703745,10.116462272990654,64.51612903225835,52.66050649897546
2010-04-13 10:00:00,AAPL,7.347,0.9994558563460755,7.278,0.9979432332373508,7.304,0.9964529331514325,7.332,73668084,7.325062500000002,0.9997099842197299,7.319773042190709,0.9989880895214854,47.77777777777806,9.64175545291352,0.0,49.34375691356915
2010-04-13 11:00:00,AAPL,7.33,0.9976861303933577,7.279,1.0001374003847212,7.312,1.0010952902519168,7.307,32234272,7.323437500000001,0.9997781588894291,7.319032752458261,0.9991768332977717,37.391304347826335,9.619695888168641,21.621621621621685,47.31112726899917
2010-04-13 12:00:00,AAPL,7.334,1.0005457025920872,7.287,1.0010990520675918,7.322,1.0013676148796498,7.315,23182544,7.322687500000001,0.9998975890761681,7.319315347462235,0.9994371287339088,37.391304347826335,9.888406038690379,48.6486486486482,44.872868114322074
2010-04-13 13:00:00,AAPL,7.349,1.0020452686119445,7.308,1.0028818443804035,7.338,1.0021851953018301,7.325,33932108,7.323,1.0000426755887097,7.321094838180118,0.9997825031015071,48.1818181818184,10.28324609920716,91.89189189189156,44.837011362047384
2010-04-13 14:00:00,AAPL,7.349,1.0,7.313,1.0006841817186645,7.325,0.9982284001090216,7.34,26195568,7.322,0.9998634439437388,7.3214667583534405,0.9997906265674505,55.19999999999988,10.709376937284905,61.76470588235302,43.459097012227886
2010-04-13 15:00:00,AAPL,7.346,0.9995917811947204,7.308,0.99931628606591,7.327,1.000273037542662,7.328,50432452,7.3220625,1.0000085359191477,7.321993733748351,0.999999144188521,50.0,11.106275811083727,67.64705882352888,42.730087459688875
2010-04-13 16:00:00,AAPL,7.364,1.0024503130955622,7.294,0.9980842911877394,7.342,1.0020472226013375,7.329,8539608,7.323125,1.00014510938687,7.323899092438984,1.0002508299320012,50.71428571428563,11.386136055583272,100.0,43.1004578300592
2010-04-13 17:00:00,AAPL,7.356,0.9989136338946225,7.309,1.0020564847820126,7.345,1.000408608008717,7.345,544208,7.324375,1.0001706921566953,7.32590870268289,1.0003801249716329,56.9536423841059,11.566240123603428,100.0,46.4734737030752
2010-04-13 18:00:00,AAPL,7.367,1.0014953779227842,7.332,1.0031468053085237,7.35,1.0006807351940095,7.348,918092,7.325937499999999,1.0002133287823192,7.328203111951186,1.0005226537351224,54.86111111111088,11.549352080681832,100.0,50.044902274503784
2010-04-13 19:00:00,AAPL,7.366,0.9998642595357675,7.338,1.0008183306055647,7.354,1.000544217687075,7.355,267484,7.327999999999999,1.0002815339333704,7.330659958432026,1.0006446217200224,65.62500000000011,11.388956175198395,100.0,53.61633084593237
2010-04-14 04:00:00,AAPL,7.391,1.0033939723051861,7.358,1.002725538293813,7.38,1.003535490889312,7.372,25200,7.331062499999999,1.0004179175764192,7.335359010009928,1.0010042317153287,63.333333333333435,10.938232357362233,100.0,57.18775941736096
2010-04-14 05:00:00,AAPL,7.387,0.9994588012447571,7.358,1.0,7.37,0.9986449864498645,7.379,16800,7.334812499999999,1.0005115220338117,7.338658151913745,1.0010360915506786,71.32867132867148,10.119238245919517,86.8421052631581,60.821844630393656
2010-04-14 06:00:00,AAPL,7.386,0.999864627047516,7.358,1.0,7.374,1.0005427408412482,7.373,42000,7.3380624999999995,1.0004430924444219,7.342024042207674,1.000983193804569,67.54966887417228,9.144588112790943,92.1052631578944,62.520000275917674
2010-04-14 07:00:00,AAPL,7.384,0.999729217438397,7.341,0.9976895895623812,7.359,0.997965825874695,7.376,216328,7.340562499999999,1.0003406893849704,7.343640800092658,1.0007601870510994,65.49295774647888,8.240851739847162,72.36842105263156,66.54046811217498
2010-04-14 08:00:00,AAPL,7.461,1.0104279523293607,7.349,1.0010897697861327,7.434,1.0101916021198534,7.364,19237540,7.347874999999999,1.0009961770640874,7.352246438179072,1.001591695211242,70.99236641221388,8.389250054117657,100.0,69.94548603332188
2010-04-14 09:00:00,AAPL,7.447,0.9981235759281597,7.375,1.0035378963124235,7.399,0.995291902071563,7.436,85312836,7.3521874999999985,1.0005869043771158,7.356699158352493,1.001200912964972,80.808080808081,9.178603266354282,73.07692307692295,72.39241186734446
2010-04-14 10:00:00,AAPL,7.44,0.9990600241708071,7.367,0.9989152542372881,7.412,1.001756994188404,7.401,102493832,7.3589375,1.0009180941046458,7.361965905176064,1.0013299994288865,67.26457399103145,10.495879250423803,81.96721311475389,75.6916656425368
2010-04-14 11:00:00,AAPL,7.438,0.9997311827956988,7.395,1.0038007329985068,7.419,1.0009444144630328,7.415,47331284,7.365625,1.0009087589071113,7.367397723730725,1.0011496528854504,66.81818181818187,12.187755682044829,86.60714285714236,76.9189441883637
2010-04-14 12:00:00,AAPL,7.431,0.9990588867975263,7.397,1.0002704530087898,7.42,1.0001347890551289,7.422,24441228,7.37175,1.0008315655494273,7.372407464327799,1.0009208267224845,71.96261682242991,14.111896921591386,87.15596330275207,81.7609421496277
2010-04-14 13:00:00,AAPL,7.433,1.0002691427802448,7.395,0.9997296201162632,7.408,0.9983827493261456,7.422,24292520,7.376125,1.000593481873368,7.375797229629914,1.000549018839477,71.83098591549303,16.091992949137776,76.14678899082587,84.79011811458348
2010-04-14 14:00:00,AAPL,7.435,1.0002690703618997,7.39,0.9993238674780257,7.419,1.0014848812095032,7.411,27383440,7.382,1.0007964886712195,7.379911779188969,1.0005133832722424,65.71428571428595,18.045695005561296,85.98130841121444,86.86415476805938
2010-04-14 15:00:00,AAPL,7.442,1.000941492938803,7.403,1.0017591339648173,7.426,1.0009435233859012,7.422,62085912,7.388187500000001,1.000838187483067,7.384301133551924,1.0003117222367819,66.97247706422029,20.03730106896152,91.304347826087,86.83151343107026
2010-04-14 16:00:00,AAPL,7.439,0.999596882558452,7.399,0.9994596785087128,7.428,1.0002693239967682,7.427,7817236,7.3935625,1.0007275126680257,7.388462930356503,1.0000372798276305,67.27272727272748,22.046138394857618,93.2584269662919,88.58116460240018
2010-04-14 17:00:00,AAPL,7.445,1.0008065600215084,7.411,1.0016218407892958,7.431,1.0004038772213246,7.426,630308,7.3989375,1.0007269837781179,7.392514079846359,0.9998581982429119,66.97247706422029,24.074706689296892,96.42857142857132,90.18013752490255
2010-04-14 18:00:00,AAPL,7.444,0.9998656816655473,7.416,1.0006746727837,7.432,1.0001345713901224,7.432,224896,7.404062499999999,1.0006926670214473,7.396274643670515,0.9996401028756514,63.076923076923215,26.041724642167264,97.50000000000028,90.04124863601368
2010-04-14 19:00:00,AAPL,7.445,1.0001343363782913,7.419,1.0004045307443366,7.434,1.0002691065662002,7.435,283920,7.409062499999999,1.000675304942388,7.3998675347495135,0.9994334238466401,66.66666666666683,27.942360817817182,100.0,90.04124863601368
2010-04-15 04:00:00,AAPL,7.417,0.9962390866353257,7.391,0.9962259064563957,7.407,0.9963680387409201,7.406,30800,7.410749999999999,1.0002277616095154,7.400546817154322,0.9988506396260421,66.30434782608715,29.324451697549126,63.99999999999991,88.04124863601368
2010-04-15 05:00:00,AAPL,7.41,0.9990562221922611,7.386,0.9993235015559464,7.398,0.9987849331713243,7.402,16100,7.4125,1.0002361434402727,7.400304263139625,0.9985904615780624,62.244897959183696,30.22330347921821,51.99999999999948,85.37458196934698
2010-04-15 06:00:00,AAPL,7.408,0.9997300944669366,7.386,1.0,7.398,1.0,7.401,7280,7.413999999999999,1.000202360876897,7.4000848095072795,0.9983251007766988,36.15384615384596,30.731487032920207,51.99999999999948,82.70791530268029
2010-04-15 07:00:00,AAPL,7.425,1.0022948164146868,7.395,1.0012185215272136,7.413,1.0020275750202758,7.41,107744,7.417374999999999,1.0004552198543297,7.401314827649443,0.9982890245008692,49.473684210526145,31.207531483595396,41.666666666667695,80.19816871398638
2010-04-15 08:00:00,AAPL,7.433,1.001077441077441,7.398,1.0004056795131846,7.421,1.0010791852151626,7.417,1843968,7.4165624999999995,0.9998904598998972,7.403189605968544,0.998087545252673,50.51546391752594,31.261950515416903,63.888888888889646,78.63059236570832
2010-04-15 09:00:00,AAPL,7.469,1.0048432665141935,7.404,1.0008110300081103,7.447,1.0035035709473117,7.425,50249108,7.419562499999999,1.0004045000632031,7.40736202444773,0.9987594690192027,51.020408163265635,31.181287151735717,100.0,80.16568008500658
2010-04-15 10:00:00,AAPL,7.479,1.0013388673182488,7.431,1.003646677471637,7.468,1.0028199274875789,7.45,57003520,7.4230624999999995,1.0004717259272364,7.413137069738423,0.9991339879862761,60.975609756097604,31.14927865649881,100.0,80.16568008500658
2010-04-15 11:00:00,AAPL,7.502,1.0030752774435086,7.452,1.0028259991925716,7.471,1.0004017139796466,7.47,67970196,7.4263125,1.0004378246848926,7.41864782500143,0.9994052757876456,72.72727272727248,31.29942564408436,100.0,81.66140658073307
2010-04-15 12:00:00,AAPL,7.507,1.0006664889362837,7.456,1.0005367686527107,7.487,1.0021416142417348,7.475,40696180,7.4305,1.000563873389384,7.425157555953675,0.9998444794712954,70.96774193548383,31.61836107954975,100.0,82.66322807435785
2010-04-15 13:00:00,AAPL,7.507,1.0,7.468,1.0016094420600858,7.493,1.0008013890743956,7.489,24137316,7.4358125,1.000714958616513,7.431618741100944,1.0001505606757208,72.93233082706749,32.07519472396104,100.0,83.40727569340548
2010-04-15 14:00:00,AAPL,7.53,1.0030638071133609,7.481,1.001740760578468,7.518,1.0033364473508608,7.496,43696184,7.441999999999999,1.0008321215738023,7.439845527662759,1.0005423788809573,73.72262773722619,32.80996014642693,100.0,84.12083328769705
2010-04-15 15:00:00,AAPL,7.539,1.0011952191235058,7.488,1.0009357037829167,7.526,1.0010641127959563,7.521,75700744,7.44825,1.000839828003225,7.448050715504401,1.000813049651223,77.35849056603753,33.75377516852478,100.0,85.44601167709561
2010-04-15 16:00:00,AAPL,7.542,1.0003979307600477,7.412,0.9898504273504273,7.502,0.9968110550093011,7.528,8932756,7.452874999999999,1.0006209512301547,7.45318874259922,1.0006630742253846,78.31325301204795,34.014895538734095,81.25,85.18316120980592
2010-04-15 17:00:00,AAPL,7.517,0.9966852293821268,7.477,1.00876956287102,7.493,0.9988003199146895,7.505,726992,7.456749999999999,1.0005199335826778,7.456980290923104,1.0005508331916348,68.08510638297855,33.766086405936306,74.21875000000044,84.2339613305789
2010-04-15 18:00:00,AAPL,7.536,1.0025276040973792,7.478,1.0001337434800053,7.492,0.9998665421059655,7.494,432768,7.460499999999999,1.0005029000569954,7.4603155013113795,1.000478157550056,75.29411764705893,33.26074936061442,73.43750000000017,83.13279872134046
2010-04-15 19:00:00,AAPL,7.51,0.9965498938428875,7.477,0.9998662744049212,7.495,1.0004004271222637,7.494,377132,7.464312499999999,1.000511024730246,7.463618786900772,1.0004180399304032,79.01234567901245,32.57260439820103,75.78125000000026,81.98572530864209
2010-04-16 04:00:00,AAPL,7.514,1.0005326231691078,7.492,1.0020061522000803,7.504,1.001200800533689,7.506,25760,7.470375000000001,1.0008121980423517,7.467464616719747,1.0004222916336565,79.39393939393952,32.030393756657595,82.81249999999983,81.16975308641982
2010-04-16 05:00:00,AAPL,7.514,1.0,7.492,1.0,7.504,1.0,7.506,7084,7.477,1.000886836336864,7.470944177032152,1.0000761912262974,78.61635220125784,31.649910713574663,82.81249999999983,80.2148919753087
2010-04-16 06:00:00,AAPL,7.52,1.0007985094490284,7.489,0.9995995728777363,7.501,0.9996002132196163,7.513,8400,7.483437500000001,1.0008609736525345,7.473806636362423,0.9995729084341879,77.48344370860923,31.39995330197349,77.87610619469065,80.98578676390264
2010-04-16 07:00:00,AAPL,7.523,1.0003989361702128,7.483,0.9991988249432501,7.498,0.9996000533262231,7.503,188580,7.488750000000001,1.0007099010314444,7.476110766232669,0.9990209400736851,71.09375000000037,31.13794019174025,73.33333333333361,82.17097194908787
2010-04-16 08:00:00,AAPL,7.524,1.0001329256945368,7.483,1.0,7.502,1.0005334755934916,7.504,1633156,7.4938125000000015,1.0006760140210316,7.4785764075438435,0.9986414832306917,63.63636363636393,30.839026326728156,69.62025316455683,83.14987490267438
2010-04-16 09:00:00,AAPL,7.556,1.0042530568846357,7.473,0.9986636375785113,7.538,1.0047987203412423,7.503,98558292,7.499500000000002,1.0007589594749002,7.484235797301573,0.998722051999776,63.963963963964076,30.41643850265176,100.0,86.39061564341506
2010-04-16 10:00:00,AAPL,7.603,1.0062202223398624,7.481,1.001070520540613,7.522,0.9978774210665959,7.541,167740524,7.502875000000001,1.000450030002,7.487832388034757,0.9984442146856131,69.46564885496213,30.07553059561005,76.11940298507467,87.07008864875868
2010-04-16 11:00:00,AAPL,7.555,0.9936867026173879,7.435,0.9938510894265472,7.479,0.9942834352565807,7.524,115080560,7.503375000000001,1.0000666411209036,7.486991208221924,0.9978829726234174,60.28368794326251,29.351279670989072,0.0,81.51453309320313
2010-04-16 12:00:00,AAPL,7.49,0.9913964262078094,7.382,0.992871553463349,7.443,0.9951865222623345,7.482,99415092,7.500624999999999,0.9996334982591165,7.482801569343645,0.9972581097630925,37.73584905660379,27.978116204720408,0.0,75.95897753764757
2010-04-16 13:00:00,AAPL,7.488,0.9997329773030708,7.416,1.0046057978867518,7.453,1.0013435442697838,7.446,51959404,7.498125,0.9996666944421299,7.479963324644251,0.9972453395076079,27.80748663101592,26.180480238572805,10.526315789474324,70.98821730372947
2010-04-16 14:00:00,AAPL,7.521,1.0044070512820513,7.434,1.0024271844660193,7.46,1.0009392191064002,7.454,66094028,7.4944999999999995,0.9995165458031174,7.478062055630512,0.9973242718186897,35.83815028901749,24.166355337526827,17.89473684210551,66.42681379495755
2010-04-16 15:00:00,AAPL,7.502,0.9974737401941232,7.434,1.0,7.481,1.0028150134048257,7.463,84951720,7.491687499999999,0.9996247247981853,7.478341859856178,0.9978440002476721,40.350877192982374,21.99811975296742,40.0,63.09348046162422
2010-04-16 16:00:00,AAPL,7.511,1.0011996800853107,7.439,1.000672585418348,7.484,1.0004010159069643,7.488,16216732,7.490562499999999,0.9998498335655351,7.478880730346066,0.9982905360569386,47.120418848167496,20.18197575271518,43.1578947368422,59.93558572478215
2010-04-16 17:00:00,AAPL,7.496,0.9980029290374118,7.44,1.0001344266702514,7.48,0.9994655264564405,7.455,579404,7.489749999999999,0.9998915301754707,7.478987327455964,0.9984546991572347,47.120418848167496,18.665317811861666,38.94736842105322,56.54377285928509
2010-04-16 18:00:00,AAPL,7.494,0.9997331910352187,7.464,1.0032258064516129,7.483,1.0004010695187164,7.478,246988,7.4891875,0.9999248973597251,7.479369486745871,0.9986140374172532,43.548387096774434,17.314328971627603,42.10526315789449,54.36906525694589
2010-04-16 19:00:00,AAPL,7.496,1.0002668801708035,7.465,1.00013397642015,7.479,0.9994654550314046,7.488,154028,7.4881874999999996,0.999866474166924,7.479334297531979,0.9986843429319908,44.444444444444436,16.125785127400874,37.89473684210551,52.35106452595173
2010-04-19 04:00:00,AAPL,7.469,0.9963980789754535,7.443,0.9970529135967849,7.458,0.9971921379863619,7.458,28000,7.485312499999999,0.9996160619642603,7.47730245967179,0.9985463718251968,44.210526315789394,14.940853982027438,15.789473684211018,49.14839639729677
2010-04-19 05:00:00,AAPL,7.44,0.9961172847770786,7.398,0.9939540507859734,7.43,0.9962456422633413,7.43,35840,7.4806875,0.9993821233248447,7.472797463512572,0.9983280542412322,40.384615384615344,13.538898818334754,0.0,44.93832695285231
2010-04-19 06:00:00,AAPL,7.428,0.9983870967741935,7.395,0.9995944849959448,7.418,0.998384925975774,7.414,35280,7.4755,0.9993065476936445,7.467578657463756,0.9982476420066679,34.48275862068965,11.969530280624033,0.0,40.33763250840788
2010-04-19 07:00:00,AAPL,7.476,1.0064620355411955,7.406,1.0014874915483436,7.452,1.004583445672688,7.42,200648,7.472625000000001,0.9996154103404455,7.466094975800542,0.9987418869374011,21.153846153846033,10.574769514838467,28.333333333333147,37.311012138037505
2010-04-19 08:00:00,AAPL,7.498,1.0029427501337613,7.419,1.0017553335133675,7.483,1.0041599570585078,7.44,2545564,7.4714375,0.9998410866328766,7.467704978105251,0.9993415938984294,34.51327433628306,9.384064730640715,54.1666666666662,35.99382105314726
2010-04-19 09:00:00,AAPL,7.505,1.0009335822886103,7.441,1.002965359212832,7.478,0.9993318187892557,7.486,64969016,7.467687500000001,0.9994980885539095,7.468685456380942,0.9996316580819877,50.934579439252246,8.321902262096357,57.69230769230727,35.12487518420136
2010-04-19 10:00:00,AAPL,7.501,0.9994670219853432,7.41,0.9958338932939121,7.425,0.9929125434608184,7.481,93592996,7.461625,0.9991881690282298,7.464524936725614,0.999576500318956,59.56284153005479,7.6641988580881115,10.606060606060137,31.84630893095154
2010-04-19 11:00:00,AAPL,7.465,0.995200639914678,7.344,0.9910931174089069,7.364,0.9917845117845118,7.427,72076088,7.454437500000001,0.9990367379759773,7.454951133227937,0.9991055746205333,43.805309734513095,7.484817461614451,0.0,26.290753375395983
2010-04-19 12:00:00,AAPL,7.406,0.9920964501004689,7.329,0.9979575163398692,7.379,1.0020369364475827,7.365,72342816,7.4504375000000005,0.9994634068633615,7.447717691968133,0.9990985492826431,32.85714285714269,7.516556259331682,12.499999999999723,22.756342098447377
2010-04-19 13:00:00,AAPL,7.389,0.9977045638671348,7.298,0.9957702278619185,7.324,0.9925464155034558,7.381,91667324,7.442375,0.9989178487840479,7.435935054637834,0.9980534773478515,31.38686131386838,7.837991603145302,0.0,22.756342098447377
2010-04-19 14:00:00,AAPL,7.434,1.0060901339829476,7.307,1.0012332145793368,7.422,1.0133806663025668,7.327,72501576,7.44,0.9996808814390568,7.434607906577088,0.9989563689785972,25.460122699386247,8.316810478216423,61.24999999999986,26.159119876225148
2010-04-19 15:00:00,AAPL,7.48,1.0061877858488029,7.398,1.0124538114137127,7.47,1.0064672594987873,7.425,83477436,7.4393125,0.9999075940860214,7.4379785821411755,0.9997283040512333,43.09523809523796,8.685263176738827,91.24999999999986,30.643768999032122
2010-04-19 16:00:00,AAPL,7.49,1.0013368983957218,7.364,0.995404163287375,7.457,0.9982597054886212,7.473,9024540,7.437624999999999,0.9997731645229313,7.439790145746778,1.0000642056301274,48.602150537634415,9.084808933435788,83.64779874213848,34.296716882367285
2010-04-19 17:00:00,AAPL,7.474,0.9978638184245661,7.337,0.9963335143943509,7.462,1.0006705109293281,7.351,361564,7.4365,0.999848742037949,7.44190536996137,1.0005755022552725,47.67932489451474,9.591910527908171,86.79245283018872,36.896297595155545
2010-04-19 18:00:00,AAPL,7.478,1.0005351886540004,7.45,1.015401390213984,7.462,1.0,7.467,146944,7.4351875,0.9998235056814362,7.443819144250764,1.0009842189539118,50.436681222707385,10.148525316873991,86.79245283018872,39.32043971145257
2010-04-19 19:00:00,AAPL,7.478,1.0,7.446,0.9994630872483221,7.465,1.000402036987403,7.47,354088,7.4343125,0.999882316350462,7.445836368607834,1.0014322259671105,53.72093023255817,10.750917330575959,88.67924528301899,42.08332175933956
2010-04-19 20:00:00,AAPL,7.442,0.9951858785771597,7.419,0.9963738920225624,7.431,0.9954454119223041,7.434,5600,7.432624999999999,0.9997730119631101,7.444423381121373,1.001360029070795,55.58194774346792,11.39022112212822,67.29559748427694,43.48278477747192
2010-04-20 04:00:00,AAPL,7.537,1.012765385649019,7.507,1.0118614368513277,7.526,1.0127842820616337,7.522,58800,7.438624999999999,1.0008072518121123,7.452192582919337,1.0026326611283818,47.50593824228028,11.531486007780956,100.0,46.93307717513273
2010-04-20 05:00:00,AAPL,7.523,0.9981424970147273,7.501,0.9992007459704277,7.513,0.9982726547967048,7.516,36400,7.4445625,1.0007981985918097,7.457983765498447,1.002602465576427,54.43298969072167,11.318000601550326,93.56435643564362,51.25390399465676
2010-04-20 06:00:00,AAPL,7.538,1.0019938854180515,7.499,0.9997333688841487,7.528,1.0019965393318249,7.514,102536,7.4493125000000004,1.000638049583169,7.464651978308119,1.0026985438443319,53.54969574036514,10.971477089275595,100.0,56.80945955021232
2010-04-20 07:00:00,AAPL,7.538,1.0,7.486,0.9982664355247366,7.501,0.9964133900106271,7.531,190596,7.4504375000000005,1.0001510206478785,7.468113694659726,1.0025238831985805,61.31868131868133,10.646312723348574,86.7647058823533,61.62972098812083
2010-04-20 08:00:00,AAPL,7.525,0.9982754046166092,7.486,1.0,7.505,1.0005332622317025,7.506,2893940,7.4521250000000006,1.0002264967661296,7.471626676120705,1.0028440176997262,66.27078384798115,10.366868341327377,88.72549019607857,64.98484081382892
2010-04-20 09:00:00,AAPL,7.546,1.0027906976744185,7.399,0.9883783061715202,7.417,0.9882744836775483,7.508,95636268,7.451625000000001,0.9999329050438633,7.46642413553778,1.0019187997433994,65.36585365853674,10.215143627351495,45.588235294117695,64.50826129313177
2010-04-20 10:00:00,AAPL,7.436,0.9854227405247813,7.334,0.9912150290579808,7.401,0.9978427935823109,7.419,129417764,7.4539375,1.0003103349940448,7.460193265486563,1.0011498519432422,60.496613995485376,10.15764751245765,37.74509803921571,63.40008297907113
2010-04-20 11:00:00,AAPL,7.437,1.0001344809037118,7.385,1.006953913280611,7.421,1.0027023375219566,7.403,50704472,7.4565625,1.0003521628669412,7.456460573535462,1.000338488689429,47.09141274238227,10.128085435409382,47.549019607843405,65.45246959028131
2010-04-20 12:00:00,AAPL,7.474,1.0049751243781095,7.407,1.0029790115098172,7.437,1.0021560436598842,7.424,50575784,7.463625,1.0009471522568207,7.454607185579703,0.9997377726773835,42.642642642642684,9.920706538373167,28.34645669291381,67.02727273988764
2010-04-20 13:00:00,AAPL,7.46,0.9981268397109981,7.402,0.999324962872958,7.414,0.9969073551163102,7.44,43229144,7.463125,0.9999330084241905,7.450739834572112,0.9982736049268435,47.023809523809575,9.735577827029624,10.236220472440884,66.90150721057881
2010-04-20 14:00:00,AAPL,7.46,1.0,7.373,0.9960821399621724,7.432,1.0024278392230916,7.417,90368684,7.46075,0.9996817686960892,7.448955088422387,0.9981013433946755,43.22033898305082,9.790991188708581,24.409448818898138,68.2575877005176
2010-04-20 15:00:00,AAPL,7.45,0.9986595174262735,7.353,0.997287399972874,7.395,0.9950215285252959,7.435,104824972,7.456875,0.9994806152196495,7.443816508572636,0.9977303231675952,45.96774193548396,10.029286276294625,0.0,64.85480992273982
2010-04-20 16:00:00,AAPL,8.023,1.0769127516778523,7.36,1.000951992384061,7.906,1.0691007437457742,7.398,88910752,7.484625,1.0037213980387227,7.487833983946671,1.0041517370140536,41.37931034482756,9.017332841045992,100.0,65.34092103385095
2010-04-20 17:00:00,AAPL,7.918,0.986912626199676,7.444,1.0114130434782609,7.806,0.9873513786997218,7.909,66666908,7.506125000000001,1.0028725554052476,7.5181355092850835,1.0044772462595097,76.89694224235555,9.220557774915333,80.43052837573394,65.16218379127291
2010-04-20 18:00:00,AAPL,7.837,0.9897701439757514,7.383,0.9918054809242343,7.782,0.9969254419677172,7.809,6271300,7.5259375,1.0026395110659627,7.543265460781742,1.004948020554113,65.76576576576576,10.069648777614345,75.73385518591004,64.54781725547963
2010-04-20 19:00:00,AAPL,7.795,0.9946408064310323,7.761,1.051198699715563,7.783,1.0001285016705217,7.783,3596264,7.547937500000001,1.0029232238508492,7.566097321659672,1.0053361885691545,64.96106785317019,11.387708439577402,75.92954990215279,63.94432264836654
2010-04-20 20:00:00,AAPL,7.431,0.9533033996151379,7.409,0.9546450199716531,7.42,0.9533598869330592,7.423,198800,7.541312499999999,0.9991222767809085,7.552183291025418,1.0005625100930444,64.40677966101697,12.066495120795548,4.892367906066605,59.28949612742474
2010-04-21 04:00:00,AAPL,7.803,1.050060557125555,7.669,1.0350924551221488,7.74,1.0431266846361187,7.727,98392,7.555499999999999,1.0018813038181351,7.570070596642045,1.0038134073666947,46.683046683046676,12.827216430653905,67.51467710371831,59.30166721739371
2010-04-21 05:00:00,AAPL,7.796,0.9991029091375112,7.75,1.0105620028686921,7.785,1.005813953488372,7.788,78568,7.5715625,1.0021259347495202,7.590540063628517,1.0046376895809037,57.644762524398175,13.597872959417003,76.32093933463806,57.98616384709582
2010-04-21 06:00:00,AAPL,7.819,1.0029502308876346,7.758,1.0010322580645161,7.785,1.0,7.773,238336,7.589312499999999,1.0023442981551034,7.609060057568659,1.0049524200016389,62.31593038821953,14.396507991621128,76.32093933463806,57.0281962303733
2010-04-21 07:00:00,AAPL,7.871,1.0066504668116127,7.77,1.0015467904098994,7.845,1.0077071290944122,7.803,2589384,7.6105624999999995,1.002799990117682,7.631530528276405,1.0055628264452685,62.99052774018943,15.242335300961402,88.06262230919766,56.36500858088428
2010-04-21 08:00:00,AAPL,7.861,0.9987295134036335,7.749,0.9972972972972973,7.85,1.0006373486297004,7.846,12242944,7.637624999999999,1.0035559132455714,7.6523371446310335,1.005489035091826,63.965744400526965,16.173962053765784,89.04109589041096,56.491474692443035
2010-04-21 09:00:00,AAPL,7.902,1.005215621422211,7.719,0.9961285327138987,7.854,1.0005095541401274,7.854,317817668,7.665937499999999,1.0037069769725537,7.67154313085665,1.0044409264472465,63.70272063702716,17.228987352141147,89.82387475538168,56.55249605684877
2010-04-21 10:00:00,AAPL,7.871,0.9960769425461908,7.782,1.0081616789739603,7.817,0.9952890247007894,7.856,187304460,7.690687499999999,1.0032285679344504,7.685396166013159,1.0025383282883744,64.78494623655914,18.348852953377396,82.58317025440323,58.607770221309075
2010-04-21 11:00:00,AAPL,7.855,0.9979672214458137,7.767,0.9980724749421743,7.814,0.9996162210566714,7.82,118993504,7.714249999999998,1.0030637703066208,7.697644150202382,1.0009045550482167,62.77372262773721,19.44433920890919,81.99608610567522,61.06615844722349
2010-04-21 12:00:00,AAPL,7.834,0.9973265436028007,7.785,1.0023174971031286,7.805,0.9988482211415408,7.816,43908032,7.738687499999999,1.0031678387399943,7.707868516849774,0.9991727668729657,64.22267481330618,20.507278033313206,80.2348336594912,62.88203700564836
2010-04-21 13:00:00,AAPL,7.84,1.0007658922644882,7.783,0.9997430956968529,7.828,1.0029468289557977,7.808,49398020,7.7634375,1.0031982167518718,7.719309610483129,0.9974959720861102,44.799176107106085,21.565882894761614,84.73581213307251,66.01477897454608
2010-04-21 14:00:00,AAPL,7.856,1.0020408163265306,7.784,1.0001284851599639,7.823,0.9993612672457843,7.83,90309380,7.7901875,1.0034456386104738,7.7291848856752114,0.9955879577410408,51.230425055928414,22.63964508691425,82.92181069958862,70.05286732049872
2010-04-21 15:00:00,AAPL,7.869,1.0016547861507128,7.809,1.0032117163412129,7.838,1.0019174229835102,7.827,119871584,7.785937499999999,0.9994544418860264,7.73954822989662,0.9934996083080953,52.342857142857156,23.313533105484535,96.31336405529953,74.04752927807658
2010-04-21 16:00:00,AAPL,7.862,0.9991104333460414,7.783,0.9966705083877577,7.806,0.9959173258484307,7.84,15858304,7.7859375,1.0000000000000002,7.745876969906466,0.9948547583263373,53.09336332958378,23.616204982665266,88.9400921658986,78.9886455095154
2010-04-21 17:00:00,AAPL,7.824,0.9951666242686339,7.788,1.00064242579982,7.813,1.0008967460927491,7.805,572544,7.787875,1.0002488460766605,7.752269639439184,0.9956758116076817,84.58781362007166,23.69372119324818,90.552995391705,78.46381192016568
2010-04-21 18:00:00,AAPL,7.848,1.0030674846625767,7.799,1.0014124293785311,7.813,1.0,7.816,647752,7.789750000000001,1.0002407588719646,7.7580534833021195,0.9961707761490933,64.89795918367336,23.605395515287064,90.552995391705,79.02617119883074
2010-04-21 19:00:00,AAPL,7.829,0.997579001019368,7.8,1.0001282215668674,7.818,1.0006399590426212,7.817,481068,7.8146249999999995,1.003193298886357,7.763762675368585,0.9966639077465367,56.999999999999886,23.890382095306407,68.42105263157849,78.61990439025675
2010-04-22 04:00:00,AAPL,7.861,1.0040873674798825,7.818,1.0023076923076923,7.837,1.0024302890764902,7.849,187600,7.820687499999999,1.0007757889853959,7.770737658666815,0.9943839478755302,58.04878048780475,24.18688468300673,75.36231884057919,78.58839155350267
2010-04-22 05:00:00,AAPL,7.849,0.9984734766569139,7.788,0.9961627014581735,7.8,0.9952788056654333,7.839,103600,7.821624999999999,1.0001198743716586,7.773524548317594,0.9939694621882789,47.560975609756106,24.442253977105416,21.73913043478216,79.52432280509798
2010-04-22 06:00:00,AAPL,7.826,0.9970696904064211,7.782,0.9992295839753467,7.8,1.0,7.818,82600,7.8225625,1.000119860003516,7.776046019906395,0.9941726968381117,37.24489795918375,24.623365191415484,0.0,75.77350741044695
2010-04-22 07:00:00,AAPL,7.826,1.0,7.785,1.000385505011565,7.806,1.0007692307692309,7.809,370580,7.820125,0.9996884013390752,7.77889877991531,0.9944182331448691,35.93749999999994,24.672358517306428,11.111111111111477,72.15073917580659
2010-04-22 08:00:00,AAPL,7.835,1.0011500127779198,7.787,1.000256904303147,7.81,1.0005124263387137,7.807,1757308,7.817625,0.9996803120154728,7.781860800875756,0.9951069581209707,46.58385093167699,24.659684329969217,18.518518518518032,68.93949357491104
2010-04-22 09:00:00,AAPL,7.828,0.9991065730695597,7.733,0.9930653653525106,7.793,0.9978233034571063,7.815,99740788,7.8138125,0.9995123199181337,7.782921676982827,0.9955608867121187,48.76543209876529,24.46902499085029,0.0,64.0471256688445
2010-04-22 10:00:00,AAPL,7.844,1.0020439448134901,7.76,1.0034915298073193,7.808,1.0019248043115616,7.795,102355512,7.81325,0.9999280120939682,7.785310088698748,0.9963523041663398,46.47058823529422,24.14079322507866,33.333333333332675,60.95224997122903
2010-04-22 11:00:00,AAPL,7.824,0.9974502804691483,7.779,1.0024484536082474,7.802,0.9992315573770492,7.811,44813748,7.8125,0.9999040092151154,7.786899604060772,0.9966274730823629,43.827160493826945,23.72855035338526,19.999999999998817,57.073145818152206
2010-04-22 12:00:00,AAPL,7.841,1.0021728016359919,7.783,1.000514204910657,7.821,1.0024352730069213,7.806,40968956,7.8134999999999994,1.000128,7.790147260816889,0.9971388493845618,43.55828220858865,23.272981850785822,62.22222222222139,55.94198203858656
2010-04-22 13:00:00,AAPL,7.957,1.0147940313735493,7.805,1.0028266735192084,7.945,1.0158547500319652,7.824,120825768,7.820812499999999,1.0009358802073334,7.804895140739091,0.9988987189785744,44.910179640718425,23.016061466751022,100.0,56.94219947716015
2010-04-22 14:00:00,AAPL,8.037,1.010054040467513,7.928,1.0157591287636132,8.017,1.009062303335431,7.949,168486976,7.832937499999998,1.0015503504271455,7.825095603525844,1.0005476545468703,76.83397683397693,23.06090330734461,100.0,58.04026427385507
2010-04-22 15:00:00,AAPL,8.076,1.0048525569242255,7.999,1.0089556004036326,8.052,1.0043657228389673,8.02,194707464,7.846312499999998,1.0017075330934275,7.846705546047192,1.0017577117201808,81.48148148148155,23.403897586175717,100.0,58.88827471090661
2010-04-22 16:00:00,AAPL,8.068,0.9990094105993065,7.785,0.973246655831979,8.027,0.9968951813214108,8.055,11116448,7.860124999999997,1.0017603810707258,7.86387644642365,1.002238496927525,83.2869080779945,23.34710666529415,90.3474903474902,59.30081246912337
2010-04-22 17:00:00,AAPL,8.064,0.9995042141794745,7.797,1.0015414258188824,8.049,1.0027407499688552,8.032,900172,7.874874999999998,1.0018765604872697,7.88150726104997,1.0027203461840586,77.5725593667546,22.996326503671757,98.8416988416988,59.44127551281221
2010-04-22 18:00:00,AAPL,8.08,1.001984126984127,8.028,1.0296267795305887,8.054,1.0006211951795254,8.046,886928,7.8899374999999985,1.0019127287734728,7.897935140949973,1.0029283183479072,77.74869109947643,22.41693433974043,100.0,60.055714836928956
2010-04-22 19:00:00,AAPL,8.068,0.9985148514851485,8.035,1.0008719481813653,8.048,0.9992550285572386,8.057,435596,7.9043125,1.0018219409215854,7.912227032288071,1.0028250581564266,86.28571428571429,21.676107585725628,97.70114942528727,60.4528345054613
2010-04-23 04:00:00,AAPL,8.114,1.0057015369360438,8.04,1.000622277535781,8.061,1.0016153081510935,8.067,185640,7.918312499999999,1.0017711850334863,7.926395886355873,1.0027938402430159,84.83146067415726,20.85531632636577,100.0,60.97766809481103
2010-04-23 05:00:00,AAPL,8.103,0.9986443184619176,8.065,1.0031094527363185,8.092,1.0038456767150479,8.084,70952,7.9365625,1.0023047840054307,7.942167706702934,1.0030126629509677,85.1239669421487,20.070525857051237,100.0,62.73205405972333
2010-04-23 06:00:00,AAPL,8.105,1.0002468221646306,8.068,1.0003719776813391,8.084,0.9990113692535837,8.096,62272,7.9543124999999995,1.002236484624168,7.9556755441597975,1.0024082270075738,86.15384615384613,19.346010097758338,97.32441471571877,63.95217049723109
2010-04-23 07:00:00,AAPL,8.106,1.000123380629241,8.059,0.9988844819038175,8.092,1.000989609104404,8.098,370160,7.9721875,1.002247208668254,7.968658825668388,1.001803590903474,88.1889763779524,18.65658001963423,100.0,68.29999658418764
2010-04-23 08:00:00,AAPL,8.141,1.0043177892918826,8.071,1.0014890184886462,8.127,1.004325259515571,8.087,6344156,7.992,1.002485202461683,7.983738937509495,1.001448967113417,87.96791443850235,18.057679686691888,99.99999999999999,73.8555521397432
2010-04-23 09:00:00,AAPL,8.24,1.012160668222577,8.059,0.9985131953909057,8.211,1.0103359173126614,8.128,218293712,8.018125,1.0032688938938938,8.005382848222876,1.0016745305584178,90.32258064516103,17.843032189515203,100.0,78.79382374468145
2010-04-23 10:00:00,AAPL,8.234,0.9992718446601941,8.142,1.01029904454647,8.17,0.9950066983315065,8.214,170679432,8.04075,1.0028217320134072,8.02106067220165,1.0003661295130282,91.66666666666642,17.889907932839236,89.97555012224932,82.76365883377763
2010-04-23 11:00:00,AAPL,8.198,0.9956278843818315,8.12,0.997297961188897,8.144,0.9968176254589963,8.173,103729164,8.062125,1.002658334110624,8.032769179611016,0.9990074532364539,79.22077922077892,18.075074050008432,82.8205128205128,87.36479843491722
2010-04-23 12:00:00,AAPL,8.198,1.0,8.117,0.9996305418719214,8.183,1.0047888015717092,8.147,61222336,8.08475,1.002806332077461,8.04707687679092,0.9981334792986861,68.7315634218288,18.323641856520858,89.47368421052614,90.48370681698354
2010-04-23 13:00:00,AAPL,8.195,0.9996340570870944,8.135,1.0022175680670198,8.165,0.997800317731883,8.186,43219204,8.0985,1.001700732861251,8.05830765042988,0.9967293547023569,69.09620991253628,18.413208415819756,76.28865979381395,93.61085458330659
2010-04-23 14:00:00,AAPL,8.225,1.0036607687614398,8.14,1.0006146281499693,8.211,1.0056338028169016,8.167,71553272,8.110625,1.0014971908378096,8.072849778960368,0.996832719511066,70.53571428571404,18.28327344919713,100.0,95.70962001540539
2010-04-23 15:00:00,AAPL,8.225,1.0,8.158,1.0022113022113022,8.189,0.9973206673973937,8.213,89073852,8.1191875,1.0010557139554597,8.083911704773666,0.996706382649138,72.49999999999982,17.90173146181963,88.0434782608695,95.04536880767593
2010-04-23 16:00:00,AAPL,8.202,0.9972036474164134,8.04,0.9855356705074773,8.187,0.9997557699352789,8.19,17170356,8.1291875,1.00123165033447,8.093729637652364,0.9968644815324641,67.90450928381941,17.57925040267164,85.27607361963136,94.22737289765546
2010-04-23 17:00:00,AAPL,8.209,1.0008534503779565,8.04,1.0,8.193,1.000732869182851,8.056,550676,8.1381875,1.0011071217141936,8.103183957875949,0.9968012126520576,68.6327077747986,17.32304488242536,88.95705521472352,93.6138759651401
2010-04-23 18:00:00,AAPL,8.205,0.9995127299305641,8.173,1.016542288557214,8.19,0.9996338337605273,8.194,731444,8.146687499999999,1.0010444586094873,8.111452152363954,0.9967148277628101,68.03278688524561,17.088848009040714,87.11656441717744,93.43438008012272
2010-04-23 19:00:00,AAPL,8.204,0.9998781230956735,8.176,1.0003670622782332,8.192,1.0002442002442002,8.192,356860,8.1556875,1.0011047434923706,8.11912337594834,0.9966165237034489,64.497041420118,16.874502444362637,87.33333333333327,92.79502644076908
2010-04-26 04:00:00,AAPL,8.235,1.0037786445636274,8.21,1.0041585127201567,8.223,1.0037841796875,8.226,11200,8.165812500000001,1.0012414649286159,8.129016387762784,0.996729753042007,66.26506024096372,16.642884526764174,100.0,92.79502644076908
2010-04-26 05:00:00,AAPL,8.235,1.0,8.21,1.0,8.223,1.0,8.226,43148,8.174,1.0010026558900291,8.137967207975851,0.9965900157486901,68.45070422535194,16.398488335841243,100.0,92.92274036158646
2010-04-26 06:00:00,AAPL,8.247,1.0014571948998179,8.213,1.0003654080389766,8.235,1.0014593214155416,8.233,44576,8.1834375,1.0011545754832396,8.147208426263866,0.9967223423371503,64.99999999999983,16.17051372413143,100.0,92.92274036158646
2010-04-26 07:00:00,AAPL,8.259,1.0014550745725719,8.222,1.0010958236941434,8.238,1.0003642987249546,8.241,316820,8.192562500000001,1.0011150570893956,8.155855242810164,0.9966295023100211,54.838709677419125,16.017098962062253,100.0,92.92274036158645
2010-04-26 08:00:00,AAPL,8.25,0.9989102796948782,8.191,0.9962296278277792,8.223,0.998179169701384,8.241,4012932,8.1985625,1.0007323715870338,8.162249981590149,0.9962999954641967,66.19047619047589,15.725151829369347,84.04255319149055,92.184859165796
2010-04-26 09:00:00,AAPL,8.249,0.9998787878787879,8.1,0.988890245391283,8.122,0.9877173780858567,8.223,115515204,8.192999999999998,0.9993215274019072,8.158416650010134,0.9951033062210765,69.84924623115577,14.77156800275784,0.0,86.62930361024043
2010-04-26 10:00:00,AAPL,8.183,0.991999030185477,8.11,1.0012345679012344,8.166,1.0054173848805714,8.127,89331144,8.19275,0.9999694861467109,8.159138873818693,0.99586706625396,38.31417624521087,13.286292864669743,37.93103448275915,83.18102774817149
2010-04-26 11:00:00,AAPL,8.199,1.001955273127215,8.13,1.0024660912453762,8.146,0.9975508204751409,8.169,48659240,8.192874999999999,1.0000152573922063,8.157887552502627,0.9957447197220258,50.17421602787478,11.939220249460892,20.68965517241464,78.7748974799723
2010-04-26 12:00:00,AAPL,8.16,0.9952433223563849,8.117,0.9984009840098401,8.147,1.0001227596366313,8.149,40898676,8.190624999999999,0.9997253711304029,8.156850642740473,0.9956029651057137,37.547892720306656,11.213275493326895,21.551724137931405,74.97357381417686
2010-04-26 13:00:00,AAPL,8.17,1.0012254901960784,8.123,1.0007391893556732,8.144,0.9996317662943415,8.15,31968972,8.1893125,0.99983975581839,8.155626772003284,0.9957270381690391,41.250000000000036,10.957249160125494,18.965517241379576,71.42607405978056
2010-04-26 14:00:00,AAPL,8.173,1.0003671970624235,8.119,0.9995075710944233,8.134,0.9987721021611002,8.148,35291060,8.1845,0.9994123438322814,8.153567079431543,0.9956351133787534,41.078838174274,11.194902206951266,10.34482758620732,67.03002646954064
2010-04-26 15:00:00,AAPL,8.199,1.0031812064113543,8.095,0.997043970932381,8.148,1.001721170395869,8.137,79766120,8.1819375,0.9996869081800965,8.153036881390443,0.9961557677793932,37.9591836734695,11.79209260751146,22.41379310344817,64.03697832007589
2010-04-26 16:00:00,AAPL,8.176,0.9971947798512014,8.12,1.0030883261272387,8.142,0.9992636229749632,8.15,25514300,8.179125,0.9996562550129479,8.151985749829448,0.9963392839201531,41.79687499999999,12.32060291518764,17.24137931034451,59.43927717065057
2010-04-26 17:00:00,AAPL,8.159,0.9979207436399218,8.124,1.0004926108374386,8.139,0.9996315401621223,8.146,390600,8.175749999999999,0.9995873641740404,8.150749011750454,0.9965306816744399,40.384615384615174,12.818585651196326,14.65517241379268,55.3621490680352
2010-04-26 18:00:00,AAPL,8.159,1.0,8.121,0.9996307237813885,8.142,1.0003685956505712,8.142,1262268,8.17275,0.9996330611870473,8.149915772536126,0.9968401397469501,31.89655172413744,13.297397051764666,17.24137931034451,51.582443828630375
2010-04-26 19:00:00,AAPL,8.152,0.9991420517220245,8.123,1.0002462750892747,8.138,0.9995087202161631,8.139,153664,8.169374999999999,0.9995870423052214,8.148780937056495,0.9970671973395118,32.76595744680806,13.756791308207031,13.793103448275915,47.406668730494395
2010-04-27 04:00:00,AAPL,8.122,0.9963199214916586,8.097,0.9967992121137511,8.11,0.996559351191939,8.113,2800,8.162312499999999,0.9991354907811185,8.145087514479686,0.9970270081223701,28.63436123348015,14.430421461196374,0.0,42.56685959620676
2010-04-27 05:00:00,AAPL,8.13,1.000984979069195,8.067,0.996294924045943,8.08,0.996300863131936,8.111,30800,8.153374999999999,0.9989050284462889,8.138888703576859,0.9971302499845307,24.603174603174466,15.330615393117174,0.0,37.715007744354914
2010-04-27 06:00:00,AAPL,8.085,0.9944649446494465,8.024,0.9946696417503408,8.052,0.9965346534653465,8.077,155036,8.1419375,0.9985972066782162,8.13061358895049,0.9972083448817811,23.220973782771352,16.594519044257513,0.0,32.159452188799364
2010-04-27 07:00:00,AAPL,8.102,1.0021026592455162,8.042,1.0022432701894317,8.09,1.0047193243914556,8.066,354620,8.1326875,0.9988639067789454,8.126745628098062,0.9981341207910357,31.958762886597782,18.0972756201734,22.22222222222222,27.838464534478373
2010-04-27 08:00:00,AAPL,8.109,1.0008639842014317,8.067,1.0031086794329769,8.094,1.0004944375772558,8.085,1257452,8.124625,0.9990086302959508,8.123626996850629,0.9988859152464212,29.78723404255294,19.639622474971873,36.842105263157485,24.32969260465378
2010-04-27 09:00:00,AAPL,8.107,0.9997533604636822,8.028,0.995165489029379,8.072,0.9972819372374598,8.096,83808340,8.1215,0.9996153668630859,8.118710140007712,0.9992719836309629,34.88372093023206,21.046980064000085,17.543859649122314,19.748795918493915
2010-04-27 10:00:00,AAPL,8.109,1.0002467003823856,8.037,1.001121076233184,8.084,1.0014866204162538,8.075,74252668,8.116375,0.9993689589361572,8.11540441238793,0.999249450518738,30.569948186528194,22.320356104107233,33.333333333333336,16.93161703748518
2010-04-27 11:00:00,AAPL,8.098,0.9986434825502529,7.864,0.9784745551822819,7.943,0.9825581395348837,8.087,169648164,8.103687500000001,0.9984368021438144,8.09898494454146,0.9978574110414391,35.14851485148502,24.045788940350143,0.0,16.93161703748518
2010-04-27 12:00:00,AAPL,7.971,0.9843171153371202,7.887,1.0029247202441505,7.945,1.0002517940324815,7.946,76471640,8.0910625,0.9984420672687586,8.084319711727987,0.9976100030668738,21.321321321321236,26.03263209445001,0.9756097560978865,14.878537886003995
2010-04-27 13:00:00,AAPL,8.02,1.0061472839041525,7.933,1.0058323824014201,8.002,1.007174323473883,7.949,71185632,8.082187500000002,0.9989031106854016,8.076479739182464,0.9981976704768334,18.380062305296192,27.956859150316486,28.78048780487855,15.328028587807552
2010-04-27 14:00:00,AAPL,8.014,0.9992518703241895,7.931,0.9997478885667466,7.955,0.9941264683829042,8.005,63588280,8.071,0.9986157831651391,8.064910240212706,0.9978623040127075,31.182795698924977,29.8077050274374,5.853658536585586,14.455913832177227
2010-04-27 15:00:00,AAPL,7.994,0.9975043673571251,7.876,0.9930651872399445,7.928,0.9966059082338152,7.957,115969084,8.05725,0.9982963697187461,8.051871169716257,0.9976299305806291,27.884615384615586,31.768997373587382,0.0,13.402273985433917
2010-04-27 16:00:00,AAPL,8.162,1.0210157618213662,7.898,1.0027932960893855,7.931,1.0003784056508578,7.931,15077132,8.044062499999999,0.9983632753110552,8.04035962974328,0.9979037053266661,25.681818181818358,32.92419286366001,1.401869158878561,12.905442961693431
2010-04-27 17:00:00,AAPL,7.945,0.9734133790737564,7.915,1.002152443656622,7.934,1.0003782625141848,7.932,290696,8.03125,0.9984072102870908,8.030230141196302,0.9982804262393913,26.423690205011553,33.49927698192923,2.803738317757122,11.815995473599482
2010-04-27 18:00:00,AAPL,7.946,1.0001258653241032,7.91,0.9993682880606444,7.933,0.9998739601714142,7.937,1080380,8.0181875,0.9983735408560311,8.020970127749035,0.9987200159064946,28.74396135265721,33.65572718552209,2.3809523809523307,10.990416199744361
2010-04-27 19:00:00,AAPL,7.956,1.0012584948401713,7.918,1.0010113780025285,7.945,1.001512668599521,7.934,249368,8.006124999999999,0.9984956076420013,8.013734877487222,0.9994446846606196,30.909090909091034,33.47343874363477,9.340659340659558,10.695165473459188
2010-04-27 20:00:00,AAPL,7.934,0.9972347913524384,7.91,0.998989643849457,7.923,0.9972309628697293,7.926,8400,7.994437499999998,0.9985401801745538,8.005093460583677,0.9998711562189795,35.50135501355035,33.017294326290994,0.0,9.737311067328935
2010-04-28 04:00:00,AAPL,7.862,0.99092513234182,7.727,0.9768647281921619,7.74,0.9769026883756153,7.779,222684,7.973187499999999,0.9973419017910892,7.979846464337612,0.9981748514936309,26.345609065156054,32.68999188066206,0.0,8.971027542424716
2010-04-28 05:00:00,AAPL,7.784,0.9900788603408801,7.701,0.9966351753591303,7.773,1.0042635658914727,7.743,371952,7.955749999999999,0.9978129825744095,7.9601468010673635,0.9983644309214307,16.729323308270978,32.4307452542527,9.322033898304957,9.48891831455277
2010-04-28 06:00:00,AAPL,7.853,1.0088643371017472,7.736,1.0045448643033372,7.842,1.0088768815129294,7.752,663432,7.940249999999999,0.9980517235961411,7.948894724775233,0.9991383244540406,22.467771639042553,32.06347328978507,28.8135593220338,11.089671610221314
2010-04-28 07:00:00,AAPL,7.944,1.0115879281803133,7.824,1.0113753877973113,7.892,1.006375924509054,7.848,2207716,7.927624999999999,0.9984099996851484,7.9434761795585445,1.0004063070506024,29.833333333333414,31.385468441380404,44.18604651162802,13.544451971978427
2010-04-28 08:00:00,AAPL,7.996,1.0065458207452165,7.883,1.007540899795501,7.972,1.010136847440446,7.903,5685456,7.9213749999999985,0.9992116176030021,7.946192733886303,1.0023421559276964,44.990176817288905,30.306096769520565,67.44186046511645,16.056654096583667
2010-04-28 09:00:00,AAPL,8.004,1.001000500250125,7.856,0.9965749080299379,7.877,0.988083291520321,7.977,113115072,7.908437499999998,0.9983667608211958,7.939602949706655,1.0023011093032026,52.299829642248724,28.997984942863994,52.29007633587761,16.914874711734782
2010-04-28 10:00:00,AAPL,7.901,0.9871314342828587,7.74,0.9852342158859471,7.822,0.9930176463120478,7.88,216117104,7.900874999999998,0.99904374283795,7.928402668782212,1.0025245402498553,39.99999999999998,27.46381203948304,31.297709923664012,17.678977504764873
2010-04-28 11:00:00,AAPL,7.881,0.9974686748512847,7.782,1.0054263565891473,7.84,1.0023012017386856,7.825,103278168,7.894312499999999,0.9991693957947696,7.91998336699343,1.0024185127588312,39.49447077409166,25.794349025533133,38.167938931297506,17.947566704651777
2010-04-28 12:00:00,AAPL,7.902,1.0026646364674534,7.799,1.0021845283988693,7.879,1.0049744897959183,7.842,52118752,7.8866249999999996,0.9990261976581242,7.916080189184532,1.002757388839691,42.948717948717956,24.115027616813297,59.913793103447944,21.27611076595444
2010-04-28 13:00:00,AAPL,7.945,1.0054416603391547,7.854,1.007052186177715,7.913,1.0043152684350807,7.881,52675084,7.8839999999999995,0.99966715800485,7.9157868378336245,1.0036976321092514,46.060606060606034,22.367526585086484,74.56896551724134,25.36463053046241
2010-04-28 14:00:00,AAPL,7.956,1.0013845185651353,7.859,1.000636618283677,7.925,1.0015164918488562,7.916,85190336,7.8838124999999994,0.9999762176560122,7.91666428184947,1.004143110330983,48.48046309696093,20.487283895992004,79.74137931034458,28.195791169654967
2010-04-28 15:00:00,AAPL,7.95,0.9992458521870287,7.856,0.9996182720447894,7.909,0.9979810725552051,7.929,91617876,7.882437500000001,0.9998255919962583,7.9159343502447586,1.0040744056564967,49.43019943019943,18.863089832221984,72.84482758620666,31.917522783522802
2010-04-28 16:00:00,AAPL,7.93,0.9974842767295596,7.841,0.9980906313645621,7.873,0.9954482235427994,7.912,8990464,7.878625000000001,0.9995163298154918,7.911845364507163,1.0037308084595864,47.45042492917844,17.487451028243093,57.327586206896505,35.10238868390594
2010-04-28 17:00:00,AAPL,7.923,0.9991172761664565,7.857,1.002040556051524,7.906,1.0041915407087514,7.872,451052,7.876937500000001,0.9997858128797855,7.911288663125529,1.004145858335119,46.52777777777779,16.31869715262968,71.55172413793075,38.99960284940884
2010-04-28 18:00:00,AAPL,7.92,0.9996213555471413,7.867,1.0012727504136438,7.885,0.9973437895269416,7.903,338492,7.873187500000002,0.9995239266529664,7.908784980923097,1.0040431298233732,64.5614035087719,15.34838335325182,62.49999999999976,42.316061831755654
2010-04-28 19:00:00,AAPL,7.902,0.9977272727272728,7.863,0.9994915469683489,7.876,0.998858592263792,7.891,384272,7.870250000000002,0.9996268982543601,7.905662601787564,1.0041247718014543,60.03584229390682,14.540068303577469,58.62068965517241,45.44049168032344
2010-04-29 04:00:00,AAPL,7.944,1.0053151100987092,7.918,1.0069947857052015,7.933,1.0072371762315895,7.933,8820,7.882312500000001,1.0015326704996663,7.908266163522082,1.0048303628883555,53.41365461847396,13.449866600051976,80.40201005025104,49.388344497522965
2010-04-29 05:00:00,AAPL,7.968,1.0030211480362539,7.903,0.9981055822177317,7.957,1.003025337199042,7.939,53424,7.893812500000001,1.0014589627092303,7.912907481281884,1.0038814727634666,54.059405940594026,12.062464713702276,89.99999999999964,54.388344497522944
2010-04-29 06:00:00,AAPL,7.977,1.0011295180722892,7.939,1.0045552321903075,7.96,1.0003770265175318,7.96,111608,7.9011875,1.0009342760548212,7.917392483064561,1.0029871476000425,48.329621380846255,10.719689660275018,91.99999999999972,59.499455608634044
2010-04-29 07:00:00,AAPL,7.987,1.0012536041118214,7.947,1.0010076835873536,7.966,1.0007537688442212,7.963,413840,7.9058125,1.0005853550494783,7.922021770391746,1.0026368530542713,61.624649859944086,9.617369313288465,95.99999999999986,64.31489816983931
2010-04-29 08:00:00,AAPL,7.979,0.998998372355077,7.924,0.9971058260978987,7.948,0.9977403966859152,7.963,2513140,7.9043125,0.9998102661807373,7.924495887497294,1.0023632469777515,73.37662337662354,8.552051871057966,87.50000000000016,67.5752559852819
2010-04-29 09:00:00,AAPL,8.05,1.0088983581902495,7.909,0.9981070166582533,8.039,1.0114494212380472,7.948,95285260,7.914437499999999,1.0012809463188608,7.93540104106898,1.0039331113324506,67.53246753246773,7.702352182660147,100.0,70.67603117908033
2010-04-29 10:00:00,AAPL,8.097,1.00583850931677,8.004,1.0120116323176127,8.083,1.0054733175768131,8.041,102359656,7.930749999999999,1.002061106680039,7.949458084776697,1.004424898772237,72.22222222222238,7.451208336196629,100.0,72.48481670879609
2010-04-29 11:00:00,AAPL,8.129,1.0039520810176608,8.061,1.0071214392803598,8.104,1.0025980452802177,8.085,74590292,7.947249999999999,1.0020805094095766,7.964176362417011,1.0042147794870615,72.97297297297312,7.786252183968324,100.0,75.13536802346955
2010-04-29 12:00:00,AAPL,8.158,1.003567474474105,8.087,1.0032254062771369,8.143,1.0048124383020733,8.107,55387892,7.963749999999999,1.0020761898770016,7.981207185043963,1.0042728220508936,73.61477572559377,8.626396363834383,100.0,78.95216191659932
2010-04-29 13:00:00,AAPL,8.171,1.0015935278254473,8.111,1.0029677259799679,8.154,1.0013508534937983,8.146,56367164,7.978812499999998,1.0018913828284413,7.9976636436112045,1.0042585017876258,79.10447761194052,9.810037047642561,100.0,82.38727642041613
2010-04-29 14:00:00,AAPL,8.174,1.000367152123363,8.09,0.9974109234373073,8.118,0.9955849889624725,8.158,79314480,7.990874999999999,1.001511816451383,8.009124248981566,1.0037990301165203,87.26790450928398,11.18054647810555,87.18861209964426,83.90254414242703
2010-04-29 15:00:00,AAPL,8.157,0.9979202348911183,8.095,1.00061804697157,8.121,1.000369549150037,8.119,75369560,8.004125,1.0016581413174404,8.019779082411894,1.0036171360973478,77.89473684210549,12.704927381068511,88.2562277580073,84.66294760024736
2010-04-29 16:00:00,AAPL,8.151,0.9992644354542111,8.074,0.9974058060531191,8.129,1.0009851003570989,8.123,10988768,8.020124999999998,1.001998969281464,8.030181074563142,1.003255330790454,82.59668508287317,14.319836481777477,91.00719424460418,85.28882620770622
2010-04-29 17:00:00,AAPL,8.141,0.9987731566678936,8.111,1.004582610849641,8.128,0.999876983638824,8.132,230300,8.033999999999999,1.0017300229111143,8.039497162699986,1.0024154439862205,85.04155124653748,15.993521479695364,90.64748201438854,86.27786256482744
2010-04-29 18:00:00,AAPL,8.148,1.000859845227859,8.109,0.9997534212797434,8.132,1.0004921259842519,8.13,277060,8.0494375,1.0019215210355987,8.04830695672856,1.0017808011860294,81.96721311475436,17.70568231165771,92.0863309352517,88.20890393862494
2010-04-29 19:00:00,AAPL,8.144,0.9995090819833088,8.093,0.9980268837094586,8.105,0.9966797835710773,8.135,344456,8.06375,1.0017780745548992,8.053706294182982,1.0005303220483397,80.70175438596516,19.380349696372296,77.82805429864277,88.55758894755338
2010-04-30 04:00:00,AAPL,8.192,1.005893909626719,8.123,1.0037069072037563,8.18,1.0092535471930906,8.152,42000,8.0791875,1.0019144318710276,8.065734266165556,1.000246072381405,73.46278317152137,21.018577086916967,100.0,90.64092228088674
2010-04-30 05:00:00,AAPL,8.174,0.9978027343749999,8.148,1.0030776806598547,8.161,0.997677261613692,8.166,28000,8.0919375,1.001578128988837,8.074807193197408,0.9994578283023396,78.30687830687856,22.622566509327847,91.81034482758612,92.48479201268749
2010-04-30 06:00:00,AAPL,8.174,1.0,8.137,0.9986499754540993,8.15,0.9986521259649553,8.159,47516,8.1038125,1.0014675100987867,8.081968412892893,0.9987680222311273,78.10026385224293,24.114228492480756,87.06896551724162,92.85517842752033
2010-04-30 07:00:00,AAPL,8.18,1.0007340347443112,8.13,0.9991397320879931,8.152,1.000245398773006,8.153,160188,8.1154375,1.0014345099914392,8.088638087855474,0.9981274971324267,68.56187290969936,25.459437052482414,87.93103448275838,92.7402358987847
2010-04-30 08:00:00,AAPL,8.179,0.9998777506112471,8.123,0.9991389913899137,8.144,0.999018645731109,8.155,2468144,8.1276875,1.0015094688363997,8.093910650916857,0.9973474197684176,63.424124513618786,26.746561085379398,74.46808510638327,91.76624062691711
2010-04-30 09:00:00,AAPL,8.192,1.0015894363614133,8.032,0.9887972423981288,8.069,0.9907907662082516,8.157,74227776,8.1295625,1.000230692924648,8.091538207972395,0.9955523275190384,58.19672131147579,27.49026085591069,0.0,86.43290729358381
2010-04-30 10:00:00,AAPL,8.107,0.9896240234374999,8.002,0.9962649402390439,8.075,1.0007435865658691,8.072,83885004,8.1290625,0.9999384960752807,8.089963140546452,0.9951289679544811,36.78571428571395,27.544030531064273,5.405405405404065,81.87209648277289
2010-04-30 11:00:00,AAPL,8.092,0.9981497471321082,8.027,1.0031242189452636,8.056,0.9976470588235294,8.077,42995960,8.126062500000002,0.9996309537538924,8.086728555732504,0.9947922722617158,35.636363636363086,26.958824047391374,0.0,76.31654092721733
2010-04-30 12:00:00,AAPL,8.072,0.9975284231339593,7.912,0.9856733524355301,7.949,0.9867179741807349,8.058,76878340,8.113937500000002,0.9985078874301054,8.073611550424646,0.9935453425843875,37.9844961240304,25.29823468175562,0.0,70.76098537166179
2010-04-30 13:00:00,AAPL,7.999,0.99095639246779,7.924,1.001516683518706,7.953,1.0005032079506857,7.951,58562000,8.101375,0.9984517381357693,8.06212473609849,0.9936143501349977,26.243093922651283,22.79200139781174,1.7316017316019263,65.30162991230634
2010-04-30 14:00:00,AAPL,7.984,0.9981247655956995,7.908,0.9979808177688037,7.935,0.9977367031308939,7.956,60472720,8.0899375,0.9985882026199254,8.050017618374824,0.9936606586381723,25.418994413407404,20.549806978357896,0.0,59.74607435675078
2010-04-30 15:00:00,AAPL,7.967,0.9978707414829658,7.878,0.996206373292868,7.891,0.9944549464398236,7.937,111846000,8.0755625,0.9982231012291505,8.034873083291508,0.993193468217957,24.266666666666183,19.46868222258376,0.0,54.190518801195225
2010-04-30 16:00:00,AAPL,8.023,1.0070289946027362,7.878,1.0,7.901,1.0012672665061462,7.894,21125860,8.061312500000001,0.9982354170375131,8.022123265835175,0.9933825991483781,20.963855421686347,19.007682819555395,3.4602076124566774,49.53894077412925
2010-04-30 17:00:00,AAPL,8.052,1.0036146080019943,7.888,1.0012693577050011,7.904,1.0003796987723073,7.904,343084,8.0473125,0.9982633100999371,8.01087343099373,0.9937430698777312,24.371859296481972,18.905746488832698,4.498269896193742,44.885720892917384
2010-04-30 18:00:00,AAPL,7.917,0.9832339791356185,7.881,0.9991125760649088,7.897,0.9991143724696356,7.908,454412,8.032625,0.9981748565126555,8.00002834232766,0.9941242299621966,7.668711656441133,19.11407081245788,2.076124567474129,39.94510591085461
2010-04-30 19:00:00,AAPL,7.921,1.0005052418845524,7.884,1.0003806623524933,7.904,1.0008864125617323,7.9,174636,8.0200625,0.9984360654207063,7.9908827859155025,0.9948034155603558,7.9617834394898495,19.495453212019168,4.498269896193742,35.15903857095489
2010-05-03 04:00:00,AAPL,7.943,1.0027774270925387,7.92,1.004566210045662,7.932,1.0035425101214575,7.935,2800,8.0045625,0.9980673467320237,7.9852749015425974,0.9956624280100806,10.322580645160585,20.105879025070045,15.185185185185347,30.88675269595121
2010-05-03 06:00:00,AAPL,7.941,0.9997482059675186,7.887,0.9958333333333332,7.93,0.9997478567826524,7.912,86800,7.990125000000001,0.9981963411491884,7.980010625205207,0.9969327649331499,17.261904761904617,20.961080426538885,14.942528735632113,27.39311238689506
2010-05-03 07:00:00,AAPL,7.984,1.005414935146707,7.929,1.0053252187143402,7.971,1.0051702395964692,7.944,537880,7.978937500000001,0.998599834170304,7.979152470423759,0.9986267386835322,17.575757575757336,21.78963319071058,30.6513409961687,23.54040910890443
2010-05-03 08:00:00,AAPL,8.014,1.00375751503006,7.881,0.993946273174423,7.999,1.0035127336595158,7.974,3902080,7.969374999999999,0.9988015321588869,7.981042711335782,1.0002638460742148,33.44594594594578,22.578881893923263,42.68774703557297,20.811375898237035
2010-05-03 09:00:00,AAPL,8.017,1.0003743448964313,7.935,1.00685192234488,7.986,0.9983747968496062,8.001,81767952,7.959499999999999,0.9987608814994903,7.981514834065708,1.0015233106819177,38.05031446540888,23.297476751556207,51.630434782608766,18.84256863520188
2010-05-03 10:00:00,AAPL,8.08,1.007858301110141,7.966,1.0039067422810335,8.045,1.0073879288755323,7.989,90888980,7.958,0.999811545951379,7.987561040345164,1.0035254777743783,38.78205128205139,23.576192187747672,83.69565217391333,18.60726961804382
2010-05-03 11:00:00,AAPL,8.076,0.9995049504950495,8.007,1.0051468742154155,8.055,1.0012430080795525,8.047,44183216,7.956750000000001,0.9998429253581304,7.9939837984075295,1.0045217137983826,68.18181818181812,23.450385624638077,99.39393939393973,19.992039300685846
2010-05-03 12:00:00,AAPL,8.102,1.0032194155522536,8.031,1.002997377294867,8.09,1.0043451272501551,8.058,53302704,7.958875000000001,1.0002670688409212,8.003128198559192,1.005828786697985,68.88888888888874,22.92582023237961,100.0,25.5475948562414
2010-05-03 13:00:00,AAPL,8.11,1.000987410515922,8.064,1.0041090773253643,8.092,1.000247218788628,8.093,29155252,7.967812500000002,1.0011229602173675,8.011592179648794,1.006623697400549,77.00348432055755,21.798545249086253,100.0,30.802850111496735
2010-05-03 14:00:00,AAPL,8.105,0.999383477188656,8.02,0.9945436507936507,8.082,0.9987642115669798,8.095,55359584,7.975875,1.0010118837510293,8.018297686348909,1.0063361413623761,91.02040816326524,20.316386413375902,95.02487562189067,36.08200986826844
2010-05-03 15:00:00,AAPL,8.096,0.9988895743368291,8.026,1.0007481296758105,8.053,0.9964117792625587,8.086,75201420,7.98325,1.0009246634381808,8.021602668601394,1.0057332479008754,86.93877551020412,18.530979754978603,80.59701492537333,40.55962180856696
2010-05-03 16:00:00,AAPL,8.079,0.9979001976284586,7.882,0.9820583104909045,8.034,0.9976406308208121,8.057,12065872,7.992187500000001,1.0011195315191184,8.022783366829833,1.0049520391857742,77.49077490774917,16.850151241607822,70.25641025641039,44.36655561550075
2010-05-03 17:00:00,AAPL,8.053,0.9967817799232579,8.017,1.0171276325805634,8.039,1.000622354991287,8.043,508200,8.0008125,1.0010791788856304,8.024327808084134,1.004021465723137,74.2049469964664,15.442968862750622,72.82051282051243,48.41213966108478
2010-05-03 18:00:00,AAPL,8.064,1.0013659505774244,8.016,0.9998752650617438,8.03,0.9988804577683791,8.042,461216,8.0086875,1.0009842750345668,8.024868016838026,1.003006634243463,74.02135231316717,14.324476665098112,68.20512820512765,52.20131345025854
2010-05-03 19:00:00,AAPL,8.053,0.9986359126984128,8.015,0.999875249500998,8.034,1.0004981320049815,8.039,348740,8.017249999999999,1.0010691514683272,8.025737729520118,1.0021289667651683,68.70229007633566,13.43018683057907,69.14893617021296,55.850687259022784
2010-05-04 04:00:00,AAPL,8.055,1.0002483546504406,8.022,1.000873362445415,8.034,1.0,8.046,19600,8.025375,1.001013439770495,8.026524612422964,1.0011568321335826,69.6969696969698,12.7291338639659,64.19753086419782,59.16731286835635
2010-05-04 05:00:00,AAPL,8.036,0.99764121663563,7.999,0.9971328845674394,8.012,0.997261638038337,8.025,33600,8.030375000000001,1.000623023846238,8.02514131600173,0.9999708818593186,64.12556053811667,12.316962006926603,50.617283950617484,61.86404394519765
2010-05-04 06:00:00,AAPL,8.033,0.9996266799402688,7.99,0.9988748593574197,8.003,0.9988766849725411,8.018,67200,8.034937500000002,1.0005681552854009,8.02303261923966,0.9990856739865396,52.99539170506929,12.07407017115765,26.446280991735463,63.08337789494996
2010-05-04 07:00:00,AAPL,8.03,0.9996265405203535,7.95,0.9949937421777222,7.967,0.9955016868674247,8.015,486108,8.034687500000002,0.9999688858811908,8.017696179312074,0.9978542059987489,53.990610328638546,12.209390006211837,0.0,62.239756495772994
2010-05-04 08:00:00,AAPL,7.99,0.9950186799501869,7.931,0.9976100628930817,7.969,1.0002510355215264,7.972,3435376,8.032812500000002,0.9997666368480417,8.01305844794902,0.9973080406610733,29.47368421052647,12.671951685363648,1.600000000000523,61.49850489934902
2010-05-04 09:00:00,AAPL,7.983,0.9991239048811013,7.856,0.9905434371453788,7.895,0.9907140168151587,7.974,90889064,8.027125,0.9992919665434737,8.001814786239589,0.9961411132451538,26.373626373626934,13.585954137724672,0.0,59.79565262178408
2010-05-04 10:00:00,AAPL,7.912,0.9911061004634849,7.758,0.9875254582484725,7.809,0.9891070297656746,7.9,170241792,8.012375,0.9981624803400969,7.98345147326439,0.9945592566783736,5.882352941177146,15.287034337386933,0.0,57.42411111980781
2010-05-04 11:00:00,AAPL,7.856,0.9929221435793731,7.75,0.9989688063934004,7.844,1.0044820079395569,7.812,84309456,7.9991875,0.9983541084884319,7.970170380572543,0.9947325706263801,3.6065573770494836,17.580141718495902,12.367491166077773,55.24283647444497
2010-05-04 12:00:00,AAPL,7.856,1.0,7.764,1.0018064516129033,7.815,0.9963029066802652,7.846,96538848,7.981999999999999,0.997851344277153,7.955392249089444,0.9945250375853103,13.939393939394165,20.396431678907536,2.1201413427562614,50.7108636504918
2010-05-04 13:00:00,AAPL,7.868,1.0015274949083504,7.796,1.0041215868109221,7.842,1.003454894433781,7.817,64515472,7.966374999999999,0.9980424705587572,7.944592987271402,0.9953135789615889,13.939393939394165,23.56160418812318,12.087912087911869,45.860528800156914
2010-05-04 14:00:00,AAPL,7.855,0.9983477376715811,7.768,0.9964084145715751,7.8,0.9946442234123948,7.846,60104604,7.948749999999999,0.9977875759049755,7.930822226578887,0.9955371453865639,21.59763313609467,26.929577647268133,0.0,40.30497324460136
2010-05-04 15:00:00,AAPL,7.841,0.9982176957352005,7.753,0.9980690010298662,7.82,1.0025641025641026,7.801,129450272,7.934187499999998,0.9981679509356817,7.92026772880947,0.9964167609761876,18.13333333333358,30.429309379431217,8.36820083682028,35.21431773553582
2010-05-04 16:00:00,AAPL,8.064,1.0284402499681162,7.785,1.004127434541468,7.82,1.0,7.816,13460468,7.9208124999999985,0.9983142571309287,7.910718421303806,0.9970420312481659,22.79792746114022,32.805165351821984,8.36820083682028,30.400058025254136
2010-05-04 17:00:00,AAPL,7.836,0.9717261904761905,7.792,1.0008991650610148,7.806,0.9982097186700767,7.824,592872,7.906249999999999,0.998161489114911,7.900745238322492,0.9974665147448565,21.98952879581158,34.297480484451754,2.564102564102652,26.06489622740577
2010-05-04 18:00:00,AAPL,7.819,0.9978305257784583,7.788,0.9994866529774128,7.8,0.9992313604919293,7.808,218792,7.891874999999999,0.9981818181818182,7.89115045372035,0.9980901759646293,21.212121212121247,35.14663502326758,0.0,22.161762324271862
2010-05-04 19:00:00,AAPL,7.816,0.9996163192224069,7.782,0.9992295839753467,7.803,1.0003846153846154,7.806,688576,7.877437499999999,0.9981705868377287,7.88275517241365,0.9988444029351264,22.105263157894782,35.502372280394,1.282051282051326,18.187403349912913
2010-05-05 04:00:00,AAPL,7.772,0.9943705220061413,7.724,0.9925469031097405,7.737,0.9915417147251058,7.751,22400,7.858874999999999,0.9976435865089377,7.868873727421874,0.9989128733070716,23.26203208556157,35.58395856961971,0.0,14.398229560739148
2010-05-05 05:00:00,AAPL,7.813,1.0052753474009264,7.749,1.0032366649404454,7.793,1.0072379475248805,7.764,130872,7.8451875,0.9982583385026483,7.8616476581436,1.0003528059860476,21.53465346534665,35.27903838461966,21.052631578947388,11.726212639002174
2010-05-05 06:00:00,AAPL,7.802,0.9985920901062332,7.776,1.0034843205574913,7.791,0.9997433594251252,7.791,30520,7.831937499999999,0.9983110664977731,7.854919309748971,1.0012404814733837,30.78602620087335,34.67664487010442,23.275862068965612,9.452786594822605
2010-05-05 07:00:00,AAPL,7.806,1.0005126890540887,7.758,0.9976851851851852,7.782,0.9988448209472468,7.785,361564,7.820374999999999,0.998523673101324,7.8479746135824024,1.0020476559704932,36.528497409326505,33.809122413837144,19.396551724137883,7.718301471129296
2010-05-05 08:00:00,AAPL,7.799,0.9991032539072509,7.657,0.9869811807166795,7.678,0.9866358262657414,7.783,7358204,7.8021875,0.997674344260985,7.831786555145983,1.0014592081768436,45.63106796116502,32.90383388399321,0.0,6.249063638255103
2010-05-05 09:00:00,AAPL,7.689,0.9858956276445697,7.508,0.9805406817291368,7.602,0.9901015889554572,7.679,211171632,7.783874999999999,0.9976529018304161,7.809902121322556,1.0009887767145504,28.04232804232801,32.11723630834695,0.0,6.249063638255103
2010-05-05 10:00:00,AAPL,7.741,1.0067629080504616,7.566,1.007725093233884,7.705,1.0135490660352537,7.605,201409012,7.777374999999999,0.9991649403414109,7.79991144310136,1.002060213338647,24.941176470588218,31.1194435137155,42.561983471074285,8.52472938664809
2010-05-05 11:00:00,AAPL,7.806,1.008396847952461,7.65,1.0111022997620935,7.792,1.0112913692407528,7.71,95331488,7.774125,0.9995821212169916,7.799157972329802,1.0028008129130719,36.32734530938129,29.795190319133347,79.16666666666669,12.922877534796239
2010-05-05 12:00:00,AAPL,7.815,1.001152959262106,7.678,1.003660130718954,7.724,0.9912731006160165,7.792,79592828,7.7684375,0.9992684064122973,7.792000070203153,1.002299303163141,49.26739926739927,28.23513536820066,50.83333333333343,15.746951608870319
2010-05-05 13:00:00,AAPL,7.776,0.9950095969289826,7.703,1.0032560562646522,7.743,1.0024598653547385,7.725,46524324,7.76225,0.9992035077839012,7.787333396850472,1.0024323934961787,41.919191919191896,26.55976820183097,64.67889908256882,18.653140937564263
2010-05-05 14:00:00,AAPL,7.766,0.9987139917695473,7.646,0.9926002856030117,7.712,0.9959963838305566,7.745,82810308,7.75675,0.9992914425585365,7.780158787626617,1.0023071644982597,43.71941272430668,24.88095120987608,50.45871559633002,21.33861728498503
2010-05-05 15:00:00,AAPL,7.757,0.9988411022405356,7.653,1.0009155113784984,7.743,1.0040197095435686,7.712,100877980,7.7519374999999995,0.9993795726302896,7.776619855471702,1.0025616212294712,42.53968253968252,23.20384651048391,64.67889908256882,24.26033878468819
2010-05-05 16:00:00,AAPL,7.756,0.9998710841820292,7.323,0.9568796550372404,7.722,0.9972878729174739,7.748,9458764,7.7458124999999995,0.9992098749506172,7.771417964474397,1.0025129800742585,45.6488549618321,22.609088146829727,58.82352941176483,27.528312640897347
2010-05-05 17:00:00,AAPL,7.75,0.9992264053635894,7.704,1.052027857435477,7.737,1.001942501942502,7.723,380800,7.741499999999999,0.9994432475611822,7.768140063095883,1.0028825333812152,43.982169390787554,22.81745777914801,67.16417910447763,30.794755877989424
2010-05-05 18:00:00,AAPL,7.755,1.0006451612903227,7.716,1.001557632398754,7.744,1.00090474344061,7.738,693476,7.737999999999999,0.9995478912355485,7.765841009467703,1.0031442239188404,50.0,23.597115065596345,70.64676616915409,34.254676174230184
2010-05-05 19:00:00,AAPL,7.761,1.0007736943907157,7.727,1.0014256091238984,7.743,0.9998708677685951,7.746,518196,7.7342499999999985,0.9995153786508142,7.763665675232684,1.0033168357757412,45.72425828970328,24.76517608474412,73.82198952879588,38.21344767226871
2010-05-05 20:00:00,AAPL,7.752,0.9988403556242752,7.729,1.0002588326646822,7.741,0.9997417021826165,7.744,210000,7.734499999999999,1.0000323237547273,7.761507039496237,1.0035241994370803,45.80419580419579,26.137730719340745,72.77486910994736,42.25649595615467
2010-05-06 04:00:00,AAPL,7.872,1.0154798761609907,7.702,0.9965066632164575,7.74,0.9998708177238084,7.717,134400,7.731187499999998,0.9995717240933479,7.759458750020405,1.003226937749099,46.37168141592917,27.483114938989385,72.63157894736855,46.220358604227854
2010-05-06 05:00:00,AAPL,7.75,0.9845020325203252,7.715,1.0016878732796677,7.728,0.9984496124031007,7.742,5600,7.727249999999998,0.9994906991972449,7.75646267858989,1.0032692492052342,56.70995670995675,28.783438510532232,66.31578947368409,49.904569130543635
2010-05-06 06:00:00,AAPL,7.769,1.002451612903226,7.72,1.000648088139987,7.758,1.0038819875776397,7.736,25200,7.725749999999999,0.9998058817820054,7.756609090152757,1.0037994228416007,65.82914572864316,29.97375172030278,82.1052631578948,53.29638199604071
2010-05-06 07:00:00,AAPL,7.792,1.0029604839747714,7.727,1.0009067357512955,7.746,0.9984532095901006,7.767,227752,7.729999999999999,1.0005501084037147,7.755598700614399,1.0038635343642237,58.15384615384614,30.90560341480904,75.78947368421079,56.21380486355432
2010-05-06 08:00:00,AAPL,7.77,0.99717659137577,7.652,0.9902937750744144,7.666,0.9896720888200361,7.753,2983148,7.733999999999999,1.0005174644243209,7.7470654910320755,1.0022076961231665,40.80000000000012,31.546334313400024,0.0,55.136218656657775
2010-05-06 09:00:00,AAPL,7.806,1.0046332046332047,7.637,0.9980397281756402,7.769,1.0134359509522566,7.667,94677212,7.737999999999999,1.00051719679338,7.749154491886164,1.0019594636522065,38.93129770992371,32.00227668343561,81.74603174603192,59.677664864770655
2010-05-06 10:00:00,AAPL,7.819,1.00166538560082,7.699,1.0081183710881236,7.731,0.9951087656068992,7.773,102607204,7.734187499999999,0.9995073016283278,7.747425492658911,1.0012180786584275,53.75722543352599,32.42611338352068,63.10679611650452,63.183597982354236
2010-05-06 11:00:00,AAPL,7.748,0.990919554930298,7.644,0.9928562150928693,7.714,0.9978010606648559,7.735,110559036,7.733562499999999,0.9999191899601606,7.744242112405681,1.0013000218065158,52.691218130311626,32.90087002203231,46.601941747572965,63.408040108826384
2010-05-06 12:00:00,AAPL,7.738,0.9987093443469283,7.59,0.9929356357927787,7.654,0.992221934145709,7.718,88154136,7.727999999999999,0.9992807325213962,7.735647625509902,1.0002696203088683,45.722713864306776,33.46724387956282,0.0,59.009891960678246
2010-05-06 13:00:00,AAPL,7.681,0.9926337554923752,7.562,0.9963109354413703,7.598,0.9926835641494643,7.658,94182032,7.7208749999999995,0.9990780279503106,7.722538327842292,0.9992932618843547,41.005291005290914,34.06593350909689,0.0,56.185817886604156
2010-05-06 14:00:00,AAPL,7.614,0.9912771774508528,6.014,0.7952922507273208,7.347,0.9669649907870493,7.599,417971708,7.696124999999999,0.9967944047792511,7.686772772809693,0.9955831136768428,33.41288782816224,35.991354752733535,0.0,52.59254571535034
2010-05-06 15:00:00,AAPL,7.675,1.0080115576569477,7.238,1.203525108081144,7.439,1.0125221178712398,7.348,338303504,7.678437499999999,0.9977017654988711,7.6631753658754365,0.9957186721727411,20.06033182503772,38.26721866230686,21.800947867298508,51.00044750818192
2010-05-06 16:00:00,AAPL,7.614,0.9920521172638437,7.285,1.0064935064935066,7.385,0.9927409598064255,7.442,20575324,7.6564375,0.9971348337471003,7.6366824738873,0.994562041286043,29.84084880636601,40.68472065976776,9.004739336492747,47.90743863339993
2010-05-06 17:00:00,AAPL,7.46,0.9797741003414763,7.249,0.9950583390528482,7.301,0.9886255924170617,7.392,3456544,7.62875,0.9963837620303176,7.6047127144694615,0.9932442750913152,27.91563275434241,43.1440081083085,0.0,44.63946477719077
2010-05-06 18:00:00,AAPL,7.338,0.9836461126005362,7.215,0.9953096978893641,7.241,0.9917819476784001,7.304,2753856,7.597375,0.9958872685564477,7.570073408329513,0.9923084919979699,25.309336332958353,45.5839150085617,0.0,40.908121493608675
2010-05-06 19:00:00,AAPL,7.778,1.0599618424638866,7.201,0.998059598059598,7.316,1.0103576854025687,7.255,2350460,7.5708125,0.9965037266161009,7.54587594086956,0.9932214667394408,24.012806830309472,47.30868124652824,14.204545454545476,37.77244256501931
2010-05-07 04:00:00,AAPL,7.39,0.9501157109796863,7.316,1.0159700041660882,7.328,1.001640240568617,7.343,177800,7.545062500000001,0.9965987798535496,7.525125851262935,0.9939654232967644,27.49490835030548,48.657231471076585,16.477272727272833,34.58662496493471
2010-05-07 05:00:00,AAPL,7.371,0.997428958051421,7.305,0.9984964461454346,7.357,1.003957423580786,7.325,59500,7.5218750000000005,0.9969267981544221,7.50911386542837,0.9952354755747045,28.716904276985744,49.71476184392087,21.969696969697054,31.76411540158747
2010-05-07 06:00:00,AAPL,7.457,1.0116673450006783,7.336,1.0042436687200549,7.43,1.0099225227674322,7.361,678160,7.501375000000001,0.9972746157041962,7.501579211578049,0.9973017647299441,33.40494092373791,50.463805814856286,35.795454545454525,29.71766404592558
2010-05-07 07:00:00,AAPL,7.5,1.0057663939922221,7.414,1.0106324972737186,7.442,1.0016150740242262,7.443,2712640,7.482375000000001,0.9974671310259785,7.495905000951568,0.999270800480121,31.187569367369562,50.9543626607715,38.068181818181884,28.148352509508783
2010-05-07 08:00:00,AAPL,7.497,0.9995999999999999,7.358,0.9924467224170488,7.418,0.9967750604676162,7.44,13485864,7.466875000000002,0.9979284652266159,7.4884854770514195,1.0008166493996116,33.48571428571431,51.24226176234131,33.52272727272734,25.449322738110588
2010-05-07 09:00:00,AAPL,7.465,0.9957316259837268,7.2,0.9785267735797771,7.327,0.9877325424642761,7.418,213250072,7.439250000000001,0.9963003264417845,7.473105907808428,1.0008344732981904,33.21995464852607,51.458257729366444,17.551020408163318,22.213853111663504
2010-05-07 10:00:00,AAPL,7.344,0.9837910247823175,6.798,0.9441666666666666,7.099,0.9688822164596698,7.33,475713644,7.399750000000002,0.9946903249655544,7.437476773731435,0.9997616391076296,32.092004381161004,51.74974753213012,0.0,22.213853111663504
2010-05-07 11:00:00,AAPL,7.333,0.9985021786492374,7.069,1.0398646660782582,7.263,1.0231018453303282,7.103,253603868,7.371562500000002,0.9961907496874896,7.420859938137965,1.002852790721033,27.00460829493089,52.07272672769112,29.54954954954951,19.314048545192257
2010-05-07 12:00:00,AAPL,7.353,1.00272739669985,7.169,1.0141462724572075,7.192,0.9902244251686632,7.265,154447888,7.342687500000002,0.9960829200050871,7.3990637535533965,1.0037307224287109,45.79158316633265,52.37909365322706,18.637274549098205,16.843519569225247
2010-05-07 13:00:00,AAPL,7.234,0.9838161294709643,7.124,0.9937229739154694,7.168,0.996662958843159,7.196,122048724,7.315812500000002,0.996339895984951,7.377057681786407,1.0046808721992329,37.35926305015354,52.67153625817196,20.116618075801735,15.372112698571284
2010-05-07 14:00:00,AAPL,7.205,0.9959911528891346,7.066,0.9918585064570467,7.123,0.9937220982142857,7.17,139912080,7.301812500000001,0.9980863369584718,7.352861712092463,1.0050642648499346,38.542766631467806,52.547735391875115,6.997084548104963,15.760839617910449
2010-05-07 15:00:00,AAPL,7.199,0.9991672449687716,6.997,0.9902349278233795,7.13,1.0009827319949458,7.126,265250944,7.2825000000000015,0.997355108748684,7.331636787131276,1.0040845046529576,40.19823788546256,52.14775838761814,9.037900874635481,16.262945222056864
2010-05-07 16:00:00,AAPL,7.185,0.9980552854563134,7.076,1.0112905530941831,7.127,0.9995792426367461,7.133,20422108,7.266375,0.9977857878475797,7.31214756930925,1.0040710702793338,43.50877192982457,51.51576164426373,8.163265306122327,16.71645996128588
2010-05-07 17:00:00,AAPL,7.137,0.9933194154488517,7.08,1.0005652911249294,7.114,0.998175950610355,7.129,1275764,7.254687500000001,0.9983915638815779,7.293276372232179,1.0037021722980413,37.931034482758605,50.678566450904334,4.373177842565505,15.748250515467381
2010-05-07 18:00:00,AAPL,7.141,1.0005604595768531,7.083,1.0004237288135593,7.095,0.9973292100084341,7.116,359296,7.2455625,0.9987421925479215,7.274392908210066,1.0027162311553826,36.352040816326486,49.65623067462812,0.0,15.24798721899556
2010-05-07 19:00:00,AAPL,7.124,0.9976193810390701,7.079,0.999435267542002,7.113,1.0025369978858352,7.097,492240,7.232875,0.998248928223309,7.2590221550472025,1.001857641148938,33.07493540051675,48.93984086887504,5.187319884726415,15.536171657035917
2010-05-10 04:00:00,AAPL,7.75,1.087871982032566,7.581,1.0709139708998447,7.663,1.0773232110220723,7.712,338604,7.2538124999999996,1.0028947686777387,7.2974962355188975,1.0089343774804482,27.955493741307436,47.802169425636436,100.0,21.091727212591472
2010-05-10 05:00:00,AAPL,7.674,0.9901935483870968,7.562,0.9974937343358395,7.619,0.9942581234503458,7.666,385616,7.270187499999999,1.0022574335909564,7.328115641659955,1.0102433226196508,58.790771678599846,46.34131131750274,92.25352112676049,25.427781416603423
2010-05-10 06:00:00,AAPL,7.632,0.9945269741985926,7.576,1.0018513620735254,7.598,0.9972437327733299,7.621,410984,7.280687499999999,1.0014442543607025,7.353818913882816,1.0115033365897121,57.870007830853545,44.726574958713606,88.55633802816895,29.432173933319874
2010-05-10 07:00:00,AAPL,7.648,1.0020964360587001,7.501,0.9901003167898628,7.526,0.9905238220584365,7.591,5313336,7.285937499999999,1.0007210857491138,7.370217112560643,1.0122968624268853,61.2261806130903,43.07354893024941,75.88028169014079,32.427206417788966
2010-05-10 08:00:00,AAPL,7.568,0.9895397489539749,7.478,0.9969337421677109,7.5,0.9965453095934096,7.528,14933716,7.2910625,1.0007034098220031,7.382577387554868,1.013263891922607,70.31398667935298,41.389195148941894,71.30281690140843,34.39983765978641
2010-05-10 09:00:00,AAPL,7.644,1.0100422832980973,7.445,0.9955870553623964,7.572,1.0096,7.503,251176100,7.306375,1.0021001740144184,7.400617636359167,1.0150259494222094,62.97918948521358,39.543574864494275,83.9788732394366,36.95043162763389
2010-05-10 10:00:00,AAPL,7.69,1.0060177917320774,7.533,1.0118200134318334,7.653,1.0106973058637083,7.574,226476292,7.341,1.004739012164035,7.424654051944008,1.0161884726617518,70.78774617067832,37.27374511159532,98.23943661971819,40.54580436913338
2010-05-10 11:00:00,AAPL,7.71,1.0026007802340702,7.626,1.0123456790123457,7.677,1.0031360250882007,7.656,93537024,7.366875,1.0035247241520229,7.4486869993779115,1.014669254785167,74.97425334706486,34.638903606126625,100.0,45.126303235346526
2010-05-10 12:00:00,AAPL,7.701,0.9988326848249027,7.628,1.000262260687123,7.652,0.9967435196040121,7.679,61859056,7.395625,1.0039026045643504,7.468050142294301,1.0137337938127498,79.15789473684207,31.73715648468453,95.70446735395198,50.443218088343855
2010-05-10 13:00:00,AAPL,7.673,0.9963641085573303,7.601,0.9964604090194021,7.652,1.0,7.653,94869600,7.425875,1.004090256063551,7.48556917636151,1.0121618086857447,76.96280991735539,28.61729017232806,95.70446735395198,54.118491299699556
2010-05-10 14:00:00,AAPL,7.684,1.0014335983318128,7.607,1.0007893698197605,7.665,1.0016989022477782,7.655,75990460,7.4597500000000005,1.0045617519820897,7.502657826231843,1.0103399028709537,77.20207253886012,25.271714511118116,97.93814432989699,58.5240951764106
2010-05-10 15:00:00,AAPL,7.69,1.0007808433107757,7.61,1.0003943736032601,7.676,1.0014350945857795,7.665,127574748,7.493875000000001,1.0045745500854586,7.519166604685953,1.0079649592393782,78.54922279792747,22.914315148744812,99.82817869415817,62.95251521076372
2010-05-10 16:00:00,AAPL,7.7,1.001300390117035,7.582,0.9963206307490144,7.676,1.0,7.677,26017320,7.5281875000000005,1.0045787393037646,7.534103118525386,1.005368133112093,80.35527690700107,21.413317846935385,99.82817869415817,68.1097982188778
2010-05-10 17:00:00,AAPL,7.69,0.9987012987012988,7.661,1.0104194144025322,7.674,0.9997394476289735,7.678,193368,7.563187500000002,1.0046491934479584,7.547426631046777,1.0025556126287738,79.97870074547392,20.629408987535644,99.48453608247436,73.13461128597996
2010-05-10 18:00:00,AAPL,7.722,1.0041612483745124,7.662,1.0001305312622373,7.705,1.0040396142819912,7.679,1123528,7.601312500000001,1.0050408640536808,7.562433618566132,0.9999003222604398,51.406649616368306,20.464530609719947,100.0,78.2366521023065
2010-05-10 19:00:00,AAPL,7.72,0.9997409997409996,7.67,1.0010441138084052,7.684,0.9972744970798183,7.709,955080,7.6370000000000005,1.0046949128851104,7.574011369178882,0.9964083662102935,61.375661375661466,20.80889700765661,89.75609756097566,82.98014764221817
2010-05-11 04:00:00,AAPL,7.675,0.9941709844559585,7.59,0.9895697522816167,7.602,0.989328474752733,7.667,27440,7.633187500000001,0.9995007856488151,7.576676953066608,0.9921012116101359,61.375661375661466,20.889051987492145,49.756097560975746,85.74437528449461
2010-05-11 05:00:00,AAPL,7.586,0.9884039087947883,7.547,0.99433465085639,7.559,0.9943435937911076,7.578,50120,7.629437500000001,0.9995087242387273,7.574993433726931,0.9923761775440378,59.793814432989805,20.69558755258011,28.780487804878117,87.05510683561414
2010-05-11 06:00:00,AAPL,7.612,1.0034273662008963,7.554,1.0009275208692197,7.601,1.0055562905146183,7.569,26180,7.629625,1.0000245758615887,7.577470249562461,0.9931885869125293,57.28395061728399,20.289505736421283,49.2682926829268,84.23667865133228
2010-05-11 07:00:00,AAPL,7.62,1.001050972149238,7.549,0.9993380990203866,7.596,0.9993421918168662,7.574,767508,7.634,1.0005734226780478,7.57923498769937,0.9933954798170775,53.866666666666674,19.806204633056442,46.829268292682954,81.71310904943908
2010-05-11 08:00:00,AAPL,7.635,1.0019685039370079,7.56,1.0014571466419393,7.581,0.9980252764612955,7.6,4680816,7.6390625000000005,1.0006631516898088,7.579403084108954,0.9928481902160012,40.468227424749195,19.315551574122125,15.068493150685107,77.63045100068999
2010-05-11 09:00:00,AAPL,7.671,1.0047151277013753,7.556,0.9994708994708995,7.626,1.005935892362485,7.58,115711988,7.642437500000001,1.000441808140724,7.5838408856223865,0.9927711529552724,33.44827586206901,18.817793549001106,45.890410958904255,75.96434707117686
2010-05-11 10:00:00,AAPL,7.698,1.0035197497066874,7.585,1.0038380095288513,7.667,1.0053763440860215,7.629,105011144,7.643312500000001,1.000114492267683,7.591760801277397,0.9933690398223599,45.80645161290324,18.284578578236584,73.97260273972583,76.11266850663894
2010-05-11 11:00:00,AAPL,7.823,1.01623798389192,7.655,1.009228740936058,7.797,1.0169557845311072,7.671,155972348,7.650812500000001,1.0009812499488933,7.611307391631931,0.9958126652066012,52.1367521367521,17.888356804826046,100.0,77.00273110444802
2010-05-11 12:00:00,AAPL,7.867,1.0056244407516297,7.779,1.0161985630306989,7.845,1.0061562139284341,7.8,104924848,7.6628750000000005,1.0015766299330953,7.633563830524128,0.9977455114112557,64.10256410256412,17.681784843160614,100.0,77.10054018113034
2010-05-11 13:00:00,AAPL,7.868,1.0001271132579128,7.811,1.0041136392852552,7.851,1.0007648183556406,7.848,72858380,7.6753125,1.0016230853302448,7.654272037140878,0.9988773191707913,66.73267326732676,17.69927906060106,100.0,77.10054018113033
2010-05-11 14:00:00,AAPL,7.868,1.0,7.737,0.9905261810267572,7.771,0.9898102152592027,7.853,132339312,7.6819375,1.0008631570375799,7.665388985984603,0.9987070866475604,67.12328767123292,17.705408889718598,72.60273972602735,75.81711086846786
2010-05-11 15:00:00,AAPL,7.808,0.9923741738688358,7.708,0.9962517771746155,7.757,0.9981984300604813,7.774,133279328,7.687,1.0006590134324838,7.67411384446226,0.9989815517845935,58.23429541595923,17.621304079327466,67.80821917808207,74.26731930314173
2010-05-11 16:00:00,AAPL,7.81,1.0002561475409837,7.721,1.0016865594187856,7.733,0.9969060203686992,7.753,10525620,7.690562500000001,1.000463444776896,7.679722049751568,0.9990532131848013,54.54545454545451,17.52039945180514,59.58904109589027,72.13681356791916
2010-05-11 17:00:00,AAPL,7.761,0.9937259923175417,7.664,0.9926175365885248,7.748,1.001939738781844,7.738,1256500,7.6951875,1.0006013864395484,7.68622471167999,0.9994359595517218,54.260869565217355,17.265128533911774,64.72602739726034,70.18669405142484
2010-05-11 18:00:00,AAPL,7.766,1.0006442468754027,7.691,1.0035229645093946,7.711,0.9952245740836345,7.75,1122632,7.695562500000001,1.000048731756049,7.688584262948562,0.9991419004343379,64.37007874015748,16.840774068188814,52.05479452054802,67.53261715289095
2010-05-11 19:00:00,AAPL,7.733,0.9957507082152974,7.698,1.0009101547263035,7.717,1.0007781091946568,7.717,523012,7.697625,1.0002680115975926,7.691290523620127,0.999444877956631,65.13944223107572,16.286492537830448,54.109589041095745,65.01178676170323
2010-05-12 04:00:00,AAPL,7.781,1.006207164101901,7.735,1.0048064432320083,7.747,1.0038875210574059,7.758,21980,7.706687500000001,1.0011773111836444,7.696596188037258,0.9998663468325955,62.446351931330454,15.927020186977904,64.38356164383556,63.03309574191631
2010-05-12 05:00:00,AAPL,7.784,1.0003855545559697,7.736,1.0001292824822237,7.773,1.0033561378598166,7.758,16744,7.7200625,1.0017355056890525,7.703872741557519,0.999634764165216,65.37678207739307,15.844916754308187,71.11111111111096,61.99726316136829
2010-05-12 06:00:00,AAPL,7.788,1.000513874614594,7.765,1.0037487073422957,7.777,1.0005146018268365,7.78,2800,7.7310625,1.00142485893087,7.710837242361565,0.9988050281149362,69.12350597609556,15.946320948694634,72.59259259259261,63.26595732979144
2010-05-12 07:00:00,AAPL,7.835,1.006034925526451,7.756,0.9988409529942048,7.815,1.0048862029060048,7.777,1037008,7.74475,1.0017704552252682,7.720757504993798,0.9986670661366142,66.37744034707154,16.260463978318693,86.6666666666668,66.48185615544637
2010-05-12 08:00:00,AAPL,7.84,1.0006381620931717,7.782,1.0033522434244455,7.818,1.000383877159309,7.816,5742520,7.7595624999999995,1.0019125859453177,7.7300186949943885,0.9980978979301318,66.1572052401747,16.721847708480034,85.33333333333314,68.4854695249134
2010-05-12 09:00:00,AAPL,7.925,1.0108418367346939,7.798,1.0020560267283474,7.906,1.0112560757226912,7.821,114327024,7.7770624999999995,1.002255281789405,7.746778819280638,0.9983525255812603,53.17220543806645,17.39934354686562,100.0,71.43939906420877
2010-05-12 10:00:00,AAPL,7.958,1.0041640378548897,7.882,1.0107719928186714,7.94,1.0043005312420947,7.908,121259936,7.794124999999999,1.002193951765207,7.765180836492006,0.9984722170475043,58.221024258760096,18.247949299987475,100.0,76.15781611139295
2010-05-12 11:00:00,AAPL,7.966,1.0010052777079668,7.876,0.9992387718853084,7.919,0.9973551637279596,7.941,98849968,7.801749999999999,1.000978300963867,7.7798302806356245,0.9981659622646064,61.15288220551381,18.988817703512197,90.82969432314376,78.6544429649618
2010-05-12 12:00:00,AAPL,7.954,0.9984935977906101,7.905,1.0036820721178263,7.926,1.0008839499936861,7.922,48187104,7.8068124999999995,1.0006488928765982,7.793751206289374,0.9989747436523055,71.76470588235279,19.55103150350131,93.88646288209597,79.76076852842681
2010-05-12 13:00:00,AAPL,7.943,0.9986170480261504,7.864,0.9948134092346615,7.886,0.9949533181932879,7.93,91253540,7.808999999999999,1.0002802039885037,7.802536805690386,0.9994523124118053,75.3753753753753,19.82905768954326,76.41921397379902,78.45072486030453
2010-05-12 14:00:00,AAPL,7.939,0.9994964119350372,7.86,0.9994913530010173,7.92,1.0043114379913771,7.887,74057760,7.818312499999999,1.0011925342553465,7.8137237765770164,1.000604914403511,71.91977077363892,20.099519890376673,91.26637554585133,77.96552350174072
2010-05-12 15:00:00,AAPL,7.944,1.000629802242096,7.879,1.002417302798982,7.923,1.000378787878788,7.923,87953012,7.8286875,1.0013270127025493,7.824131035950634,1.0007442189028175,73.36956521739118,20.47083819956431,92.57641921397365,77.55310234696147
2010-05-12 16:00:00,AAPL,7.938,0.9992447129909365,7.743,0.9827389262596777,7.914,0.9988640666414237,7.927,9029244,7.84,1.0014450059476765,7.8326899849077165,1.0005112587400782,81.73652694610762,20.450953584018098,88.6462882096067,78.44441059604921
2010-05-12 17:00:00,AAPL,7.932,0.9992441421012851,7.898,1.0200180808472168,7.921,1.0008845084660096,7.917,273168,7.8508125,1.0013791454081633,7.841100462535553,1.0001403651193308,79.22848664688408,20.314938596224557,91.7030567685589,79.77190157329794
2010-05-12 18:00:00,AAPL,7.938,1.0007564296520424,7.905,1.0008863003291972,7.921,1.0,7.925,426580,7.8639375000000005,1.001671801485515,7.848709942294072,0.9997321859736265,77.70700636942658,20.08984798764551,91.47982062780267,81.54361154729305
2010-05-12 19:00:00,AAPL,7.938,1.0,7.905,1.0,7.927,1.000757480116147,7.921,292152,7.877062500000001,1.0016690112300612,7.856166138266065,0.9990117721899576,75.69444444444429,19.796295483293587,93.26424870466282,83.1290682865932
2010-05-13 05:00:00,AAPL,7.927,0.9986142605190224,7.875,0.9962049335863378,7.888,0.9950801059669484,7.898,24360,7.885875,1.0011187546118874,7.859197934621679,0.9977320777411222,75.86206896551698,19.232679738943848,68.86227544910163,84.0628172270684
2010-05-13 06:00:00,AAPL,7.934,1.0008830579033683,7.889,1.0017777777777779,7.923,1.0044371196754565,7.904,8400,7.895250000000001,1.0011888344666888,7.865274321800566,0.9973876483967303,62.542955326460344,18.469480027857937,89.57055214723907,86.03287073296525
2010-05-13 07:00:00,AAPL,7.977,1.0054197126291908,7.907,1.0022816580048168,7.956,1.0041650889814464,7.923,531580,7.906437500000002,1.0014169912289035,7.873914862581465,0.9972977249081998,66.25386996904021,17.659158607146857,100.0,88.01156175275217
2010-05-13 08:00:00,AAPL,8.006,1.0036354519242823,7.936,1.0036676362716581,7.961,1.0006284565108094,7.957,5226928,7.915562500000002,1.0011541228271266,7.882208685192754,0.996935558548683,59.32835820895527,16.80485161072217,100.0,89.61650002435712
2010-05-13 09:00:00,AAPL,8.017,1.0013739695228578,7.905,0.99609375,7.993,1.0040195955282,7.963,96129292,7.926500000000001,1.0013817716681537,7.892760238983921,0.9971193126178864,54.3933054393305,15.841762901451471,100.0,91.13913376921309
2010-05-13 10:00:00,AAPL,8.023,1.0007484096295374,7.948,1.0054395951929158,7.967,0.9967471537595395,7.996,98531104,7.9303125,1.0004809815176938,7.899830692414023,0.9966354245144795,64.8000000000001,14.586035720392069,75.70093457943865,90.52992643103374
2010-05-13 11:00:00,AAPL,7.992,0.9961361086875234,7.913,0.9955963764469049,7.933,0.995732396134053,7.97,63002688,7.929875000000001,0.9999448319344288,7.902989674088877,0.9965546343966744,57.62081784386604,12.898493387982736,43.92523364485945,88.22947644834075
2010-05-13 12:00:00,AAPL,7.957,0.9956206206206206,7.893,0.9974725135852395,7.923,0.9987394428337325,7.936,48424320,7.930125,1.0000315263481454,7.904895419413746,0.9968499401836404,58.93536121672996,11.946704491284477,34.57943925233631,84.59500085124832
2010-05-13 13:00:00,AAPL,7.977,1.0025135101168783,7.905,1.0015203344735844,7.936,1.0016407926290547,7.927,44850792,7.93075,1.0000788133856653,7.907857760421961,0.9971920695350907,50.62761506276153,11.57493149571167,46.72897196261657,81.6354992936159
2010-05-13 14:00:00,AAPL,7.969,0.9989971167105428,7.887,0.9977229601518026,7.915,0.9973538306451613,7.939,43045884,7.9325625,1.0002285408063551,7.908537973715108,0.9971992527459708,52.610441767068245,11.600432970586724,25.71428571428574,78.01797659312378
2010-05-13 15:00:00,AAPL,7.938,0.996109925963107,7.739,0.9812349435780399,7.808,0.986481364497789,7.918,189485128,7.925562500000002,0.9991175613176702,7.898962928599382,0.9957643483551982,50.19157088122612,12.320005342037954,0.0,72.80206198856291
2010-05-13 16:00:00,AAPL,7.973,1.0044091710758378,7.777,1.004910195115648,7.815,1.0008965163934427,7.81,8538096,7.918812500000001,0.9991483254343145,7.890966459208966,0.9956348788125718,34.34903047091406,13.428692562930953,3.783783783784077,68.76676031133985
2010-05-13 17:00:00,AAPL,7.826,0.9815627743634767,7.791,1.0018001800180019,7.805,0.9987204094689699,7.818,430556,7.912000000000003,0.9991397068689278,7.882779177379541,0.9954496557886097,35.597826086956545,14.495488316858525,0.0,63.696406114348115
2010-05-13 18:00:00,AAPL,7.83,1.0005111167901866,7.792,1.0001283532280836,7.815,1.0012812299807816,7.807,256004,7.905375000000001,0.999162664307381,7.876324017629108,0.9954909021270356,33.6021505376345,15.501043256313949,5.319148936170555,58.848779987803496
2010-05-13 19:00:00,AAPL,7.843,1.0016602809706259,7.8,1.0010266940451746,7.83,1.0019193857965452,7.815,512316,7.8996875000000015,0.999280552788451,7.871912206426336,0.9957670833358739,39.35860058309053,16.41941483636876,13.297872340425677,54.66275688396012
2010-05-14 04:00:00,AAPL,7.787,0.9928598750478134,7.758,0.9946153846153847,7.77,0.9923371647509578,7.779,8400,7.889875,0.9987578622572093,7.86220628200478,0.9952553543421532,35.60371517027875,17.353441521925767,0.0,49.56814261904018
2010-05-14 05:00:00,AAPL,7.759,0.9964042635161167,7.688,0.9909770559422532,7.7,0.9909909909909911,7.751,57764,7.878125,0.9985107495365896,7.846758064670992,0.9945351560919522,23.428571428571487,18.37290085020073,0.0,44.485930361940035
2010-05-14 06:00:00,AAPL,7.735,0.9969068178889032,7.682,0.999219562955255,7.717,1.002207792207792,7.703,90440,7.86525,0.9983657278857596,7.834400153749945,0.9944498410154631,18.554216867470004,19.477666226609845,5.802047781569779,39.62691919954597
2010-05-14 07:00:00,AAPL,7.781,1.0059469941822883,7.705,1.0029940119760479,7.764,1.0060904496566023,7.727,1168524,7.85325,0.9984743015161629,7.827695377202331,0.9952252474113767,15.500000000000014,20.617470420578528,21.843003412969292,37.01473741976085
2010-05-14 08:00:00,AAPL,7.781,1.0,7.714,1.001168072680078,7.745,0.997552807831015,7.767,4199944,7.8397499999999996,0.9982809664788462,7.819819626992586,0.9957431161611544,25.8907363420429,21.872578956051075,15.358361774743996,32.89183795462223
2010-05-14 09:00:00,AAPL,7.765,0.9979437090348284,7.623,0.9882032667876588,7.652,0.9879922530664945,7.747,120760304,7.8184375,0.9972814821901209,7.803836805374244,0.9954190893044095,26.847290640394206,23.35124661626334,0.0,27.336282399066672
2010-05-14 10:00:00,AAPL,7.696,0.9911139729555699,7.614,0.998819362455726,7.661,1.0011761630946157,7.655,109091976,7.7993125,0.997553859067109,7.790233300100507,0.9963926040337991,22.290388548057365,25.012062645958736,3.169014084506852,21.956783181539272
2010-05-14 11:00:00,AAPL,7.674,0.9971413721413722,7.569,0.9940898345153665,7.599,0.9919070617412871,7.664,118646304,7.7784375,0.9973234820376796,7.772020604852839,0.9965007306545083,21.64948453608251,26.799450642232337,0.0,16.401227625983715
2010-05-14 12:00:00,AAPL,7.65,0.99687255668491,7.531,0.9949795217333861,7.637,1.0050006579813133,7.602,105339612,7.7605625,0.997701980635571,7.7591614996287595,0.9975218672938826,19.96197718631184,28.68032670640887,11.275964391691216,12.822062615553307
2010-05-14 13:00:00,AAPL,7.664,1.001830065359477,7.566,1.0046474571770017,7.585,0.9931910436035093,7.641,75542936,7.738625,0.9971732074833494,7.742574690140306,0.9976821512796664,31.29102844638946,30.62236560358351,0.0,10.381771857505559
2010-05-14 14:00:00,AAPL,7.655,0.9988256784968685,7.561,0.9993391488236849,7.612,1.0035596572181937,7.588,70495040,7.7196875,0.9975528598426723,7.7301390053650385,0.9989034234589528,27.091633466135363,32.56097391890144,11.020408163265357,9.072936797001615
2010-05-14 15:00:00,AAPL,7.714,1.0077073807968648,7.564,1.0003967729136358,7.679,1.0088018917498687,7.614,121625224,7.711625,0.9989555924381653,7.725268623901702,1.0007229727759968,31.406551059730234,34.03470664500092,38.36734693877562,8.608402073454899
2010-05-14 16:00:00,AAPL,7.822,1.0140005185377237,7.594,1.0039661554732946,7.695,1.0020836046360204,7.678,20698272,7.7041249999999994,0.9990274423354351,7.722385897815825,1.0013954124864508,38.19444444444439,34.846745630213604,44.89795918367358,9.674161710643112
2010-05-14 17:00:00,AAPL,7.714,0.9861927895678855,7.675,1.0106663155122464,7.692,0.9996101364522417,7.705,744212,7.6970624999999995,0.9990832833060211,7.7194920027857465,1.0019946460870959,38.30155979202771,35.1370491942084,43.67346938775517,12.100465565518398
2010-05-14 18:00:00,AAPL,7.711,0.9996110967072854,7.662,0.9983061889250815,7.682,0.99869994799792,7.696,740208,7.68875,0.9989200425486996,7.71592133585377,1.0024501341718053,42.50000000000002,35.056860808162995,39.591836734694034,14.089801840568951
2010-05-14 19:00:00,AAPL,7.705,0.999221890805343,7.67,1.0010441138084052,7.685,1.0003905233012236,7.685,341096,7.679687500000001,0.9988213298650628,7.71297644672484,1.0031508953633348,48.043478260869584,34.737311574515296,54.05405405405398,17.09280484357195
2010-05-14 20:00:00,AAPL,7.628,0.9900064892926671,7.605,0.9915254237288136,7.617,0.9911515940143136,7.62,602000,7.6701250000000005,0.9987548321464903,7.703835832751045,1.0031444421079692,46.412556053811635,34.278058153304144,17.877094972067027,17.790468512232863
2010-05-17 04:00:00,AAPL,7.659,1.0040639748295752,7.637,1.0042077580539117,7.649,1.0042011290534332,7.651,7000,7.666937500000001,0.9995844265901795,7.69861337248904,1.0037141992456498,34.26124197002129,33.488262724178455,35.754189944134055,19.038041712438886
2010-05-17 05:00:00,AAPL,7.687,1.0036558297427862,7.64,1.0003928244074898,7.676,1.0035298731860374,7.678,14000,7.664375000000002,0.9996657726765088,7.696459717966275,1.0038505880563489,39.99999999999993,32.3496624470988,50.837988826815675,21.862374425039757
2010-05-17 06:00:00,AAPL,7.705,1.0023416157148433,7.682,1.005497382198953,7.694,1.0023449713392392,7.697,5600,7.660000000000002,0.9994291771997064,7.696225459112344,1.0041556498882611,52.89855072463771,31.044407075278926,68.12499999999993,25.647096647261975
2010-05-17 07:00:00,AAPL,7.736,1.0040233614536016,7.672,0.9986982556625877,7.72,1.003379256563556,7.691,222880,7.658437500000002,0.9997960182767623,7.698489701101645,1.0050247651568724,53.90070921985822,29.552114483497828,100.0,30.880316214952547
2010-05-17 08:00:00,AAPL,7.734,0.999741468459152,7.648,0.9968717413972888,7.672,0.9937823834196892,7.715,3319008,7.6596875,1.000163218672216,7.695966872425297,1.0049003954690883,65.63307493540054,27.79254071088502,64.44444444444436,33.24706293892338
2010-05-17 09:00:00,AAPL,7.756,1.0028445823635894,7.651,1.000392259414226,7.686,1.0018248175182483,7.675,108158652,7.661250000000001,1.000203990045286,7.69501764648003,1.0046124788354656,54.40806045340053,25.757948656799527,74.81481481481492,36.55019921892732
2010-05-17 10:00:00,AAPL,7.746,0.9987106756059825,7.656,1.0006535093451836,7.681,0.9993494665625813,7.689,92694224,7.6663749999999995,1.000668950889215,7.693682632529551,1.004233334316143,64.06685236768806,23.422486594440347,71.11111111111128,40.500816502877946
2010-05-17 11:00:00,AAPL,7.704,0.9945778466305188,7.55,0.9861546499477534,7.566,0.985027991146986,7.684,113880004,7.6619375,0.9994211736316055,7.681522381812451,1.0019758206208869,60.23738872403563,21.047275406564577,0.0,40.324760164849785
2010-05-17 12:00:00,AAPL,7.595,0.9858515057113187,7.477,0.9903311258278147,7.535,0.9959027227068464,7.568,135787064,7.658812499999999,0.9995921397166185,7.6675678692588844,1.0007348492804704,35.324675324675226,18.899209223759886,0.0,40.324760164849785
2010-05-17 13:00:00,AAPL,7.602,1.0009216589861751,7.517,1.005349739200214,7.575,1.0053085600530856,7.539,64008224,7.656499999999999,0.9996980602410622,7.658751881710419,0.9999920851581652,29.999999999999915,16.92816496363557,21.621621621621685,40.89951889984592
2010-05-17 14:00:00,AAPL,7.644,1.005524861878453,7.544,1.0035918584541705,7.63,1.0072607260726072,7.577,85516648,7.653437500000001,0.9996000130607982,7.656013607261808,0.9999364732269064,36.61327231121277,15.167693777007155,51.351351351351326,43.75237175269878
2010-05-17 15:00:00,AAPL,7.699,1.0071951857666144,7.561,1.002253446447508,7.684,1.0070773263433814,7.631,144919600,7.652749999999999,0.9999101710832549,7.658678977998779,1.0006848527865784,44.60580912863064,13.733330109438498,80.54054054054072,47.61460132921408
2010-05-17 16:00:00,AAPL,7.698,0.9998701130016886,7.578,1.002248379843936,7.687,1.0003904216553878,7.688,8553244,7.6524375,0.9999591650060436,7.661376218189371,1.0011272050164153,49.906191369606056,12.573588873761302,82.1621621621624,50.04764661940223
2010-05-17 17:00:00,AAPL,7.703,1.0006495193556768,7.577,0.9998680390604381,7.693,1.0007805385716144,7.591,574196,7.653124999999999,1.0000898406553467,7.66438800693324,1.0015616601812483,57.47863247863251,11.601524655000793,85.4054054054053,52.298060298387334
2010-05-17 18:00:00,AAPL,7.704,1.0001298195508244,7.67,1.0122739870661213,7.685,0.9989600935915768,7.695,421008,7.653124999999999,1.0,7.6663510538919795,1.0017281899736357,54.977375565610814,10.786754703057532,81.08108108108097,54.376260948016544
2010-05-17 19:00:00,AAPL,7.7,0.9994807892004154,7.67,1.0,7.688,1.0003903708523096,7.691,371252,7.657562499999999,1.0005798285014291,7.66841285828322,1.0019975968357004,51.063829787233985,9.943642435569528,82.70270270270265,56.77130905735035
2010-05-18 04:00:00,AAPL,7.744,1.0057142857142856,7.69,1.002607561929596,7.709,1.0027315296566077,7.731,33600,7.6613125,1.0004897119677445,7.6722783003514845,1.0019217342792155,49.264705882352914,9.050726291518394,94.05405405405398,58.99353127957257
2010-05-18 05:00:00,AAPL,7.728,0.9979338842975206,7.697,1.0009102730819246,7.709,1.0,7.712,47684,7.663375,1.0002692097470245,7.675775605079915,1.0018878103562432,48.63523573200991,8.204950788445599,94.05405405405398,63.22558456190518
2010-05-18 07:00:00,AAPL,7.755,1.0034937888198758,7.712,1.0019488112251527,7.736,1.0035023997924504,7.738,599004,7.666000000000001,1.0003425383724536,7.6815112617389705,1.0023666154584592,55.2112676056338,7.380636169640536,100.0,66.7947962316755
2010-05-18 08:00:00,AAPL,7.766,1.0014184397163122,7.698,0.9981846473029047,7.752,1.0020682523267839,7.742,5070212,7.668000000000001,1.0002608922515002,7.688224474906688,1.0028990966484068,56.793478260869556,6.650005330800298,100.0,69.5260190746302
2010-05-18 09:00:00,AAPL,7.828,1.0079835178985321,7.736,1.0049363471031436,7.777,1.0032249742002064,7.753,97686456,7.6745625,1.0008558294209702,7.696679286820337,1.0037401260850725,59.36675461741422,5.976403180383594,100.0,71.29685240796353
2010-05-18 10:00:00,AAPL,7.802,0.9966785896780787,7.606,0.983195449844881,7.667,0.9858557284299858,7.78,162496236,7.673375,0.9998452680527391,7.693852688075543,1.0025135228328055,86.50519031141877,5.372429702298017,54.54545454545441,68.771599882711
2010-05-18 11:00:00,AAPL,7.717,0.9891053576006152,7.616,1.0013147515119643,7.649,0.9976522759880005,7.67,87896648,7.671375,0.9997393584960985,7.68958100349692,1.0021119785618349,67.9347826086956,5.016053678142883,47.107438016528874,67.80843285893792
2010-05-18 12:00:00,AAPL,7.725,1.0010366722819748,7.61,0.9992121848739497,7.682,1.0043142894496013,7.652,75649952,7.678625,1.000945071776572,7.68885900316388,1.002279122473335,60.69364161849709,4.566968173727822,60.743801652892664,67.0267099054978
2010-05-18 13:00:00,AAPL,7.692,0.9957281553398059,7.59,0.9973718791064389,7.605,0.9899765686019266,7.684,93947812,7.683000000000001,1.0005697634667665,7.680872431433986,1.000292686702891,58.02469135802475,4.155483755698755,14.851485148514978,63.901175129798
2010-05-18 14:00:00,AAPL,7.662,0.9960998439937597,7.554,0.9952569169960475,7.59,0.9980276134122287,7.606,104583752,7.683937500000002,1.0001220226474035,7.672217914154559,0.9985966307633162,38.61671469740639,3.9129107213203733,0.0,63.901175129798
2010-05-18 15:00:00,AAPL,7.662,1.0,7.558,1.0005295207836906,7.629,1.0051383399209486,7.593,129986808,7.683875000000001,0.9999918661493538,7.668101922330315,0.9979391324214069,36.49025069637881,3.6909178644907255,20.85561497326184,65.05982040609032
2010-05-18 16:00:00,AAPL,7.788,1.0164447924823807,7.568,1.0013231013495634,7.624,0.9993446061082711,7.628,15586172,7.680125,0.999511964991622,7.663901739251237,0.9974006265395046,41.836734693877574,3.6858362347975935,18.181818181818052,64.86872021499012
2010-05-18 17:00:00,AAPL,7.691,0.9875449409347714,7.584,1.0021141649048626,7.598,0.9965897166841553,7.627,1013348,7.6745625,0.9992757279341157,7.657625383132072,0.9970704100691163,42.15938303341906,3.849303058562363,4.278074866310158,62.253538188043386
2010-05-18 18:00:00,AAPL,7.64,0.9933688727083604,7.558,0.996571729957806,7.57,0.996314819689392,7.6,698600,7.666875000000001,0.9989983142361536,7.649280108548066,0.9967056895488264,39.07766990291266,4.0530663535648275,0.0,57.7790637135689
2010-05-18 19:00:00,AAPL,7.59,0.993455497382199,7.537,0.997221487165917,7.558,0.9984147952443857,7.573,1101324,7.6589375,0.99896470204614,7.640586764876821,0.9965711929406467,33.41288782816238,4.219883267869406,0.0,53.21449914900431
2010-05-18 20:00:00,AAPL,7.575,0.9980237154150198,7.546,1.001194109061961,7.558,1.0,7.564,19600,7.650812499999999,0.9989391478909442,7.632721358698076,0.9965770524564374,32.48259860788869,4.355836232062755,0.0,48.46975440425958
2010-05-19 04:00:00,AAPL,7.555,0.9973597359735973,7.488,0.9923138086403392,7.5,0.9923260121725325,7.547,9660,7.637749999999999,0.9982926649947309,7.620081229298259,0.9959832670449394,27.97029702970302,4.184078296327965,0.0,43.96524989975508
2010-05-19 05:00:00,AAPL,7.557,1.0002647253474521,7.506,1.002403846153846,7.546,1.0061333333333333,7.521,15400,7.627562500000001,0.9986661647736574,7.613025874126997,0.996762904536938,21.74887892376688,3.785683946763998,16.606498194945935,40.293238538213046
2010-05-19 06:00:00,AAPL,7.554,0.999603017070266,7.503,0.9996003197442046,7.538,0.9989398356745296,7.546,57120,7.615187499999999,0.9983775944149915,7.605880552781569,0.9971574212314311,25.267665952890823,3.542183258191291,13.718411552346655,35.830147288118184
2010-05-19 07:00:00,AAPL,7.576,1.002912364310299,7.518,1.001999200319872,7.561,1.0030512072167683,7.54,492744,7.603249999999999,0.9984324089196753,7.60160621442142,0.9982165527009572,32.32876712328775,3.5194627771800175,22.021660649819463,31.828347654549606
2010-05-19 08:00:00,AAPL,7.611,1.0046198521647307,7.513,0.9993349295025273,7.596,1.0046290173257506,7.563,5783148,7.5919375,0.998512149409792,7.601072289238427,0.9997135815918756,38.1081081081081,3.757918145522762,52.74725274725268,29.203195029396984
2010-05-19 09:00:00,AAPL,7.657,1.0060438838523191,7.495,0.9976041528018103,7.534,0.9918378093733543,7.6,139970628,7.5836250000000005,0.9989050884573273,7.594684452168101,1.0003618249186195,38.440860215053725,3.775104349638234,18.681318681318537,24.685490511692457
2010-05-19 10:00:00,AAPL,7.551,0.9861564581428758,7.403,0.9877251501000667,7.5,0.9954871250331829,7.537,231625436,7.5743125000000004,0.998772025251776,7.585666885294949,1.0002692492435938,40.05602240896351,3.860436932454194,0.0,19.129934956136903
2010-05-19 11:00:00,AAPL,7.523,0.996291881869951,7.391,0.9983790355261382,7.442,0.9922666666666667,7.503,152582668,7.559312500000001,0.9980196222429429,7.571984324790668,0.9996926222400604,38.03191489361703,4.0355959773458965,0.0,16.099631925833883
2010-05-19 12:00:00,AAPL,7.506,0.9977402631928752,7.405,1.00189419564335,7.496,1.0072561139478635,7.443,113068088,7.552499999999999,0.9990987937064381,7.564747722429652,1.0007190101520014,26.329113924050688,4.226143320390005,28.877005347593823,15.086830110893045
2010-05-19 13:00:00,AAPL,7.543,1.0049293898214762,7.451,1.0062120189061443,7.507,1.0014674493062965,7.499,103835760,7.547312499999999,0.9993131413439259,7.559247939341113,1.00089347094884,35.585585585585676,4.225936435721178,34.7593582887699,13.643249923997336
2010-05-19 14:00:00,AAPL,7.569,1.0034469044146892,7.46,1.0012078915581801,7.501,0.9992007459704277,7.51,95939676,7.5393125,0.9989400200402462,7.553700516546721,1.0008463961902627,39.393939393939355,4.004123623720865,32.417582417582594,14.619144216723315
2010-05-19 15:00:00,AAPL,7.55,0.997489760866693,7.434,0.996514745308311,7.507,1.0007998933475535,7.505,158844840,7.532000000000001,0.99903008397649,7.549252848304176,1.0013184687999306,41.523341523341514,4.03864183648105,41.66666666666643,16.933959031538116
2010-05-19 16:00:00,AAPL,7.641,1.0120529801324503,7.454,1.0026903416733925,7.51,1.0003996270147861,7.51,13518820,7.5265,0.9992697822623473,7.5455144817990165,1.0017942753317866,43.64089775561092,4.012912005539215,44.15584415584393,18.228416208348232
2010-05-19 17:00:00,AAPL,7.523,0.9845569951577018,7.483,1.0038905285752615,7.504,0.9992010652463382,7.513,1942724,7.522375000000001,0.999451936491065,7.541560721627681,1.0020010259254208,44.059405940594026,3.871624661109734,40.259740259739885,19.454967434899444
2010-05-19 18:00:00,AAPL,7.52,0.9996012229163898,7.489,1.0008018174528932,7.507,1.0003997867803838,7.505,465472,7.519187500000002,0.9995762641453,7.538269224329807,1.0021129263470387,50.568181818181756,3.584648816129236,42.20779220779191,21.56217395387065
2010-05-19 19:00:00,AAPL,7.529,1.0011968085106384,7.495,1.00080117505675,7.519,1.001598508059145,7.51,555324,7.516750000000002,0.9996758293366138,7.53643406010792,1.0022936733666927,43.689320388349394,3.1645841061131295,50.0,24.33995173164843
2010-05-20 04:00:00,AAPL,7.511,0.9976092442555452,7.486,0.9987991994663108,7.501,0.9976060646362549,7.5,19600,7.516812500000002,1.0000083147636945,7.53305938771669,1.002169739277838,46.96485623003192,3.0858791982263307,38.31168831168844,26.468378860075564
2010-05-20 05:00:00,AAPL,7.528,1.0022633470909332,7.483,0.999599251936949,7.495,0.9992001066524463,7.52,28000,7.513625000000002,0.9995759505774555,7.529434684124625,1.0016791936907596,40.25974025974029,3.3133099591190365,34.41558441558439,28.38035577205248
2010-05-20 06:00:00,AAPL,7.495,0.9956163655685442,7.472,0.9985300013363625,7.484,0.9985323549032689,7.487,3108,7.510250000000001,0.9995508160175679,7.525107571350851,1.0015282332230913,31.899641577060876,3.755702218753205,27.272727272727167,29.895507287203984
2010-05-20 07:00:00,AAPL,7.486,0.9987991994663108,7.352,0.9839400428265525,7.377,0.9857028327097809,7.455,985684,7.49875,0.9984687593622049,7.511002088365056,1.0001001415885031,39.03508771929823,3.9357814583857165,0.0,28.97292405415143
2010-05-20 08:00:00,AAPL,7.407,0.9894469676729896,7.282,0.9904787812840044,7.325,0.9929510641182053,7.376,9254980,7.4818125,0.9977412902150359,7.49328760375886,0.9992715590943637,29.568106312292286,3.6361575347263058,0.0,28.210790079021063
2010-05-20 09:00:00,AAPL,7.368,0.9947347104090726,7.26,0.9969788519637461,7.314,0.9984982935153583,7.328,152703936,7.4680625,0.9981622100259797,7.476212593877064,0.9992515308124955,30.169491525423666,3.5713589294103185,0.0,26.987364487364427
2010-05-20 10:00:00,AAPL,7.353,0.9979641693811074,7.186,0.9898071625344352,7.241,0.9900191413727099,7.316,243743276,7.451875,0.9978324364585861,7.453811394460201,0.9980917265301678,13.888888888888644,3.9242660293332423,0.0,24.0569615569615
2010-05-20 11:00:00,AAPL,7.325,0.9961920304637564,7.226,1.0055663790704148,7.275,1.0046954840491646,7.243,138549768,7.4414375,0.998599345802231,7.436781737844944,0.9979745685273765,7.643312101910837,4.5647884764171645,12.230215827338359,23.698566953962604
2010-05-20 12:00:00,AAPL,7.296,0.9960409556313994,7.13,0.9867146415721008,7.148,0.9825429553264604,7.275,125169828,7.419687499999999,0.9970771776286502,7.409278715193045,0.9956784176703822,16.95906432748552,5.6442520392310165,0.0,23.698566953962604
2010-05-20 13:00:00,AAPL,7.301,1.0006853070175439,7.13,1.0,7.249,1.0141298265249021,7.148,168886872,7.403562499999999,0.9978267278776902,7.3940140756508494,0.9965398240358304,11.231101511879288,7.129806102710248,27.223719676549827,25.210995824882037
2010-05-20 14:00:00,AAPL,7.383,1.011231338172853,7.196,1.0092566619915848,7.309,1.0082770037246518,7.25,206381616,7.3915625,0.9983791586820536,7.385917497017435,0.9976166875092142,26.7379679144386,8.724625470112773,43.39622641509442,26.01761921752096
2010-05-20 15:00:00,AAPL,7.34,0.9941758092916159,7.159,0.9948582545858811,7.182,0.9826241619920646,7.314,206877216,7.37125,0.9972519342155329,7.366496783015775,0.9966088743774777,34.14634146341476,10.392968902284327,9.164420485175379,24.595678228432373
2010-05-20 16:00:00,AAPL,7.282,0.9920980926430518,7.13,0.9959491549099037,7.173,0.9987468671679197,7.183,17285772,7.3501875000000005,0.9971426148889266,7.348068517966653,0.9968551491221507,28.010825439783602,12.422442655237832,6.738544474393619,23.16906500936632
2010-05-20 17:00:00,AAPL,7.19,0.9873661082120297,7.112,0.9974754558204769,7.128,0.9937264742785445,7.176,2577764,7.3266875,0.9968028026495922,7.327109611493639,0.9968602313197641,26.49456521739137,14.729223944315578,0.0,20.85425019455152
2010-05-20 18:00:00,AAPL,7.198,1.0011126564673156,7.072,0.9943757030371203,7.097,0.9956509539842874,7.127,2253020,7.3010625,0.996502512219881,7.3051944103990065,0.9970664656297961,25.55701179554397,17.24771541531022,0.0,18.401147741449076
2010-05-20 19:00:00,AAPL,7.122,0.9894415115309808,7.072,1.0,7.105,1.0011272368606454,7.107,1232616,7.2751874999999995,0.9964559952746603,7.286128276075292,0.997954513617065,24.7461928934011,19.911872375742572,1.9801980198019824,16.27450650589697
2010-05-21 04:00:00,AAPL,7.205,1.0116540297669194,7.115,1.0060803167420815,7.195,1.0126671358198451,7.129,56644,7.256062499999999,0.9973712017731501,7.27744939263955,1.0003109050645844,25.85987261146505,22.35489264699273,24.623115577889433,15.297580026457943
2010-05-21 05:00:00,AAPL,7.217,1.0016655100624565,7.151,1.0050597329585382,7.162,0.9954134815844335,7.197,25200,7.235250000000001,0.9971317088296858,7.266454212388164,1.001432142072669,38.151041666666714,24.60001412070208,16.795865633074825,13.4529058949621
2010-05-21 06:00:00,AAPL,7.169,0.9933490369959816,7.115,0.9949657390574745,7.135,0.9962301033230941,7.162,22400,7.2134375,0.9969852458449949,7.2539347635892915,1.00258246274687,39.11882510013353,26.688997147719498,13.571428571428376,12.078447020503209
2010-05-21 07:00:00,AAPL,7.145,0.996652252754917,6.973,0.9800421644413211,7.067,0.990469516468115,7.128,2519160,7.194062499999999,0.9973140406359657,7.2361314527712635,1.0031460663201508,38.30065359477126,28.650534513549356,0.0,10.1664701085263
2010-05-21 08:00:00,AAPL,7.136,0.9987403778866341,7.039,1.0094650795927147,7.123,1.0079241545210131,7.085,8899604,7.1814375,0.9982450805786023,7.22535702869781,1.0043500495996263,38.55263157894742,30.397204842412467,22.672064777327964,9.910877747670789
2010-05-21 09:00:00,AAPL,7.247,1.015554932735426,6.983,0.9920443244779088,7.176,1.0074406851045907,7.123,293885200,7.172812500000001,0.9987989869716196,7.220656359298019,1.0054611433014655,40.28132992327366,31.660796104075647,45.04132231404958,12.413173431784655
2010-05-21 10:00:00,AAPL,7.29,1.0059334897198842,7.144,1.0230559931261636,7.263,1.012123745819398,7.176,228730740,7.174187500000002,1.0001916960745874,7.224689086983921,1.007232391336581,51.97740112994354,32.33249690722359,80.99173553718997,16.912714294961873
2010-05-21 11:00:00,AAPL,7.402,1.0153635116598079,7.157,1.0018197088465846,7.342,1.0108770480517693,7.265,174247248,7.178375000000002,1.0005836897906557,7.2358615548902145,1.0085966605821512,51.00864553314123,32.2569172103929,100.0,22.46826985051743
2010-05-21 12:00:00,AAPL,7.392,0.9986490137800594,7.297,1.0195612686879978,7.319,0.9968673385998366,7.346,98605640,7.189062500000002,1.0014888467097358,7.243779502043528,1.009111324226378,52.314165497896184,31.5068152266604,91.63636363636374,27.559178941426527
2010-05-21 13:00:00,AAPL,7.345,0.9936417748917749,7.266,0.9957516787720981,7.306,0.9982238010657194,7.322,89360180,7.1926250000000005,1.000495544446859,7.249705263753667,1.0084354203004446,61.24794745484399,30.318756977351764,86.90909090909103,31.70800533485723
2010-05-21 14:00:00,AAPL,7.334,0.998502382573179,7.204,0.9914671070740434,7.234,0.9901450862304955,7.308,120989344,7.1879375,0.9993482907839627,7.248209524348557,1.0077279886478936,60.848287112561195,29.0966557582956,60.727272727272776,35.081742708594604
2010-05-21 15:00:00,AAPL,7.337,1.0004090537223889,7.197,0.9990283176013326,7.326,1.012717721868952,7.237,180518660,7.1969375,1.001252097698401,7.2556181410772655,1.0094158638799051,58.28125000000001,27.817237142907818,94.18181818181816,38.8016370699984
2010-05-21 16:00:00,AAPL,7.338,1.0001362954886193,7.221,1.003334722801167,7.308,0.9975429975429976,7.33,19214300,7.205375,1.0011723736658822,7.260606889546097,1.008846733703898,66.33380884450781,26.466827933561373,87.63636363636368,41.259422471180024
2010-05-21 17:00:00,AAPL,7.334,0.9994548923412373,7.282,1.008447583437197,7.323,1.0020525451559934,7.302,644392,7.2175625,1.0016914456221917,7.266549090541707,1.0084900633959657,64.27566807313642,25.052390373942163,93.09090909090935,45.92200517149858
2010-05-21 18:00:00,AAPL,7.341,1.000954458685574,7.307,1.0034331227684703,7.328,1.0006827802813054,7.326,265860,7.231999999999999,1.0020003290584598,7.272401558109164,1.0075980025263604,60.06289308176103,23.544754235508172,94.90909090909113,50.820368862315114
2010-05-21 19:00:00,AAPL,7.348,1.000953548562866,7.309,1.0002737101409607,7.338,1.0013646288209608,7.331,361592,7.2465625,1.002013620022124,7.278649028765434,1.0064503634907958,63.65131578947374,21.967912027519173,98.5454545454547,56.295116337062595
2010-05-24 04:00:00,AAPL,7.366,1.002449646162221,7.344,1.0047886167738405,7.356,1.0024529844644317,7.358,30800,7.256625,1.0013885894173962,7.286015787930631,1.0054444142213126,67.17428087986471,20.49005010826865,100.0,61.85067189261815
2010-05-24 05:00:00,AAPL,7.357,0.9987781699701331,7.305,0.99468954248366,7.316,0.9945622620989668,7.349,48412,7.266249999999999,1.0013263741753224,7.288871427175333,1.0044437224157694,76.70979667282813,19.20039642011032,86.15916955017299,66.5272814220832
2010-05-24 06:00:00,AAPL,7.327,0.9959222509174935,7.267,0.9947980835044491,7.279,0.9949425915800985,7.319,165536,7.27525,1.0012386031309135,7.287931291253873,1.0029838350254772,68.3809523809524,18.078819658181665,73.35640138408303,69.23468618909396
2010-05-24 07:00:00,AAPL,7.379,1.0070970383513034,7.252,0.9979358745011696,7.358,1.010853139167468,7.266,1614676,7.2934375,1.0024999140922992,7.294604501610647,1.0026603211725573,60.117878192534384,16.766962717015605,100.0,73.85713809836757
2010-05-24 08:00:00,AAPL,7.482,1.0139585309662558,7.322,1.0096525096525097,7.455,1.013182930144061,7.354,8580040,7.3141875,1.0028450233514719,7.309880263362014,1.0022544600350678,59.4810379241517,15.103407306853521,100.0,78.65872539995489
2010-05-24 09:00:00,AAPL,7.554,1.0096230954290297,7.433,1.0151597924064464,7.504,1.0065727699530516,7.46,143601724,7.334687499999999,1.002802772009878,7.328367857327535,1.0019387467613505,60.88631984585748,13.50016336233789,100.0,84.21428095551045
2010-05-24 10:00:00,AAPL,7.582,1.0037066454858352,7.471,1.005112336876093,7.545,1.0054637526652452,7.509,163914604,7.3523125,1.00240296536151,7.348999489963008,1.0019512746743482,66.97247706422019,12.495697903591696,100.0,88.51027735677
2010-05-24 11:00:00,AAPL,7.573,0.9988129781060407,7.497,1.003480123142819,7.545,1.0,7.548,79157456,7.365000000000001,1.001725647542865,7.3676662052046265,1.0020882824559791,70.85514834205935,11.767011514855069,100.0,91.5635372282117
2010-05-24 12:00:00,AAPL,7.591,1.002376865178925,7.525,1.003734827264239,7.579,1.0045062955599735,7.547,65336880,7.3812500000000005,1.0022063815342837,7.387793233280377,1.0030948042471657,81.03792415169664,11.308701157992584,99.99999999999999,92.61955192059003
2010-05-24 13:00:00,AAPL,7.596,1.0006586747464101,7.536,1.0014617940199335,7.558,0.9972291859084312,7.581,64389780,7.397,1.002133784928027,7.404003401539388,1.0030825946200694,78.55530474040636,11.16202681181795,93.91304347826089,92.28138766938231
2010-05-24 14:00:00,AAPL,7.588,0.9989468141126909,7.536,1.0,7.566,1.0010584810796508,7.562,67254712,7.41775,1.0028051912937677,7.419431649011827,1.0030325333259196,78.02690582959643,11.435100434515855,95.6666666666667,92.50529339328803
2010-05-24 15:00:00,AAPL,7.582,0.9992092778070637,7.447,0.9881900212314225,7.46,0.9859899550621201,7.568,139910988,7.426125,1.0011290485659399,7.423295301486891,1.0007475719034602,77.6765375854214,11.826890436073356,60.333333333333385,91.02886241685707
2010-05-24 16:00:00,AAPL,7.579,0.9996043260353469,7.431,0.9978514838189875,7.452,0.9989276139410188,7.467,10158848,7.435124999999998,1.0012119375852142,7.426029082297664,0.999987083747939,62.222222222222214,12.264382256860532,57.666666666666714,90.85882874682339
2010-05-24 17:00:00,AAPL,7.467,0.9852223248449663,7.386,0.9939442874444893,7.415,0.9950348899624262,7.458,1735188,7.440874999999998,1.0007733561977774,7.424978693507409,0.9986353549546794,60.59479553903346,12.607332405554871,45.3333333333334,88.1450240330187
2010-05-24 18:00:00,AAPL,7.471,1.0005356903709657,7.397,1.0014893040888166,7.41,0.9993256911665543,7.417,401492,7.446,1.000688763082299,7.423552151268608,0.9976719339148433,55.29622980251349,12.865383162869076,43.66666666666677,85.70226309025774
2010-05-24 19:00:00,AAPL,7.427,0.9941105608352295,7.395,0.9997296201162632,7.407,0.9995951417004049,7.415,477764,7.4503125,1.0005791700241742,7.421975755909694,0.9967735369204531,59.00383141762456,13.033187023332113,42.66666666666673,82.90091628891093
2010-05-24 20:00:00,AAPL,7.567,1.0188501413760604,7.544,1.0201487491548344,7.556,1.0201161063858513,7.559,2800,7.4628125,1.0016777819722327,7.434739969632581,0.9979098151429998,63.114754098360685,13.379463690346606,92.33333333333343,82.75781864581329
2010-05-25 04:00:00,AAPL,7.357,0.9722479185938946,7.231,0.9585100742311772,7.242,0.9584436209634727,7.258,35280,7.458187499999999,0.9993802604581047,7.416383782048525,0.9937786567796693,67.741935483871,13.136181706230746,0.0,77.28307117106579
2010-05-25 05:00:00,AAPL,7.278,0.9892619274160662,7.231,1.0,7.242,1.0,7.258,58520,7.455875000000001,0.999689938071415,7.3997758028058085,0.9921681109258529,36.25806451612902,12.582803425021146,0.0,71.72751561551023
2010-05-25 06:00:00,AAPL,7.308,1.0041220115416323,7.213,0.9975107177430508,7.298,1.0077326705330019,7.245,124040,7.4521250000000006,0.9994970409241034,7.390082869205256,0.9911758001851232,31.955922865013804,11.774445526546426,16.61721068249261,67.86407345619466
2010-05-25 07:00:00,AAPL,7.308,1.0,7.229,1.0022182171079994,7.298,1.0,7.289,1033536,7.442312500000001,0.9986832614858179,7.381313072138089,0.9904977536123036,33.33333333333333,10.60041374230058,16.61721068249261,64.71189619499518
2010-05-25 08:00:00,AAPL,7.345,1.0050629447181172,7.252,1.0031816295476552,7.275,0.9968484516305838,7.301,7578844,7.428000000000001,0.998076874627342,7.371188017648747,0.9904432281832759,33.33333333333333,9.606385206113135,9.792284866468957,59.70035646535457
2010-05-25 09:00:00,AAPL,7.471,1.0171545268890403,7.159,0.9871759514616657,7.218,0.9921649484536081,7.278,164546200,7.407562500000001,0.9972485864297254,7.356598682634582,0.9903875447811767,29.17808219178086,9.102387402794909,0.0,54.144800909799
2010-05-25 10:00:00,AAPL,7.326,0.9805916209342792,7.194,1.004888950970806,7.246,1.0038791909116098,7.222,192685500,7.3888750000000005,0.9974772403202807,7.346065474764622,0.9916980754147698,27.80678851174936,8.9638505883233,7.756232686980744,49.020147170186824
2010-05-25 11:00:00,AAPL,7.308,0.9975429975429976,7.199,1.0006950236308034,7.279,1.0045542368203146,7.25,113205624,7.370125000000001,0.9974624012451151,7.3396782866918,0.9933417856834498,29.643765903307937,9.131132528313394,17.5287356321839,44.43841026086371
2010-05-25 12:00:00,AAPL,7.331,1.0031472359058566,7.225,1.0036116127239894,7.264,0.9979392773732656,7.283,84898968,7.351749999999999,0.9975068265463609,7.332470830816391,0.9948909727876244,37.30715287517532,9.486774687228607,13.218390804597782,39.61720975000803
2010-05-25 13:00:00,AAPL,7.28,0.9930432410312372,7.204,0.9970934256055364,7.227,0.9949063876651982,7.268,71365028,7.330562499999999,0.9971180331213657,7.322425989786258,0.9960112884396585,36.94444444444446,10.006819444846982,2.6627218934912245,34.209583188535326
2010-05-25 14:00:00,AAPL,7.369,1.0122252747252747,7.199,0.999305941143809,7.331,1.0143904801439048,7.229,146159916,7.3225,0.9989001526144823,7.323242562187566,0.9990014493686626,36.94444444444446,10.348999415572619,33.43195266272201,30.849522587672052
2010-05-25 15:00:00,AAPL,7.471,1.0138417695752477,7.317,1.0163911654396445,7.413,1.0111853771654618,7.332,234553060,7.3200625,0.9996671218846023,7.331790889598274,1.001268813874807,45.177045177045194,10.343933322816534,57.692307692307764,28.73983597798544
2010-05-25 16:00:00,AAPL,7.431,0.9946459643956632,7.252,0.9911165778324449,7.421,1.0010791852151626,7.416,16253048,7.3204375,1.0000512290707901,7.340286995350819,1.0027628856107198,50.33407572383075,10.112592609736987,60.05917159763321,28.72460477044654
2010-05-25 17:00:00,AAPL,7.481,1.006728569506123,7.409,1.0216492002206288,7.464,1.0057943673359386,7.424,2223032,7.3238125,1.000461038018561,7.352069186269789,1.0043210103589832,41.08322324966975,9.643849715621275,72.78106508875752,29.564293571673815
2010-05-25 18:00:00,AAPL,7.477,0.9994653121240477,7.402,0.9990552031313268,7.456,0.9989281886387996,7.467,838992,7.326875000000001,1.0004181565270822,7.361967359006,1.0052096990475932,72.83950617283956,9.016934921659512,70.41420118343207,30.957675118901516
2010-05-25 19:00:00,AAPL,7.482,1.0006687174000268,7.447,1.0060794379897324,7.469,1.0017435622317596,7.463,677012,7.3214375,0.9992578691461228,7.372160943862571,1.0061807992988239,71.65991902834014,8.489663068431197,100.0,34.087304748531146
2010-05-25 20:00:00,AAPL,7.467,0.9979951884522854,7.445,0.9997314354773734,7.457,0.9983933592181015,7.459,103600,7.334875,1.0018353636154103,7.380240853970898,1.0080316678208205,68.95787139689583,7.594627399919221,95.21912350597592,37.00688568404832
2010-05-26 04:00:00,AAPL,7.531,1.0085710459354493,7.486,1.0055070517125586,7.513,1.0075097224084753,7.523,18200,7.3518125,1.0023091736396326,7.392884582164147,1.0079087349360618,67.17062634989199,7.099268330349477,100.0,37.43281160997424
2010-05-26 05:00:00,AAPL,7.538,1.0009294914354003,7.509,1.0030724018167245,7.528,1.0019965393318249,7.523,19852,7.3661875000000006,1.0019553001385713,7.405752717196132,1.0073369957675242,73.9919354838709,7.1209477218542165,100.0,42.988367165529795
2010-05-26 06:00:00,AAPL,7.531,0.9990713717166356,7.484,0.9966706618724197,7.505,0.9969447396386822,7.523,121520,7.379125,1.0017563359607666,7.415204839367929,1.006654370305932,84.14096916299557,7.519818933687884,92.58064516129042,48.131736341157044
2010-05-26 07:00:00,AAPL,7.546,1.0019917673615721,7.495,1.001469802244789,7.528,1.003064623584277,7.511,1183896,7.394937500000001,1.002142869242627,7.425947235618603,1.0063452286847834,78.84187082405346,8.187846353961916,100.0,52.764113525463
2010-05-26 08:00:00,AAPL,7.585,1.0051683010866683,7.495,1.0,7.546,1.0023910733262487,7.51,10012436,7.4154375,1.002772166769496,7.437380832226355,1.0057395119602233,78.35990888382689,9.127087958202699,100.0,57.39649070976898
2010-05-26 09:00:00,AAPL,7.623,1.0050098879367173,7.518,1.0030687124749833,7.598,1.0068910681155578,7.548,135079112,7.437437500000001,1.0029667838209142,7.452677895823845,1.005022009264301,81.90045248868778,10.34803433193716,99.99999999999999,62.408030439409586
2010-05-26 10:00:00,AAPL,7.633,1.0013118194936377,7.566,1.0063846767757383,7.581,0.9977625690971309,7.602,122946096,7.456312500000001,1.0025378364524071,7.4648990486025255,1.0036923400838695,90.59080962800871,11.810268646445023,95.41778975741254,67.70901875926583
2010-05-26 11:00:00,AAPL,7.623,0.9986898991222325,7.498,0.9910124240021148,7.55,0.9959108297058434,7.585,111692196,7.474187500000001,1.0023972975918056,7.473003901116571,1.002238559759475,83.78378378378386,13.265388162533633,87.0619946091644,72.11489442160938
2010-05-26 12:00:00,AAPL,7.583,0.9947527220254493,7.516,1.0024006401707122,7.57,1.0026490066225167,7.553,61357296,7.495625,1.0028682047379731,7.482241624819755,1.0010775920218424,71.47335423197485,14.752008211018481,89.51310861423235,76.1140262539454
2010-05-26 13:00:00,AAPL,7.594,1.0014506132137677,7.528,1.001596593932943,7.564,0.9992073976221928,7.575,53555628,7.510187500000001,1.0019427999666473,7.490028136741683,0.999253315999891,72.5075528700906,16.149192758878726,81.62162162162168,79.91420574378007
2010-05-26 14:00:00,AAPL,7.607,1.0017118777982619,7.455,0.9903028692879916,7.508,0.9925965097831835,7.567,101608612,7.516125,1.0007905927781429,7.491739742766285,0.9975436355971518,67.00680272108835,17.13395448724501,49.15254237288132,82.49697354819062
2010-05-26 15:00:00,AAPL,7.531,0.9900092020507427,7.358,0.9869885982562039,7.38,0.9829515183803942,7.51,214185216,7.5135625,0.9996590663407009,7.481097862502829,0.9953397345710495,57.60233918128648,17.685509673148594,0.0,80.63964284470607
2010-05-26 16:00:00,AAPL,7.537,1.0007967069446289,7.329,0.9960587116064148,7.362,0.9975609756097561,7.382,24635044,7.5071875,0.9991515343087916,7.469755208931131,0.9941695712162015,40.26258205689275,17.724742646874454,0.0,77.43451463957786
2010-05-26 17:00:00,AAPL,7.552,1.001990181769935,7.329,1.0,7.346,0.997826677533279,7.364,1629544,7.500312499999999,0.9990842109644923,7.457968998556738,0.993443816150421,39.74082073434128,17.391611554850996,0.0,74.0978939952649
2010-05-26 18:00:00,AAPL,7.39,0.9785487288135594,7.33,1.000136444262519,7.35,1.000544514021236,7.346,340284,7.492874999999999,0.9990083746510562,7.44768623678943,0.992983457261205,30.260047281323907,16.7495792189221,1.5873015873014138,70.14268491185067
2010-05-26 19:00:00,AAPL,7.382,0.9989174560216508,7.33,1.0,7.372,1.0029931972789117,7.352,446964,7.487562499999999,0.9992909931101214,7.440478023761865,0.9930070932401603,28.398058252427177,15.868916636266162,10.317460317460247,66.80397708596335
2010-05-26 20:00:00,AAPL,7.548,1.022487130858846,7.403,1.0099590723055933,7.538,1.0225176342919153,7.418,254800,7.489124999999999,1.0002086793933271,7.44976583102264,0.9949520729907284,33.81995133819953,15.025251851650088,76.19047619047632,65.48122576321204
2010-05-27 04:00:00,AAPL,7.551,1.0003974562798092,7.459,1.0075645008780225,7.54,1.0002653223666755,7.521,33600,7.489875,1.0001001452105553,7.458359561401436,0.9958919848982942,50.90252707581234,14.213952880702207,76.98412698412703,64.46817040088709
2010-05-27 05:00:00,AAPL,7.554,1.0003972983710767,7.528,1.009250569781472,7.543,1.000397877984085,7.543,8400,7.49225,1.0003170947445719,7.466420555553681,0.9968685132333558,49.44237918215611,13.508227938405293,78.17460317460326,63.25564835503173
2010-05-27 06:00:00,AAPL,7.593,1.005162827640985,7.534,1.000797024442083,7.582,1.0051703566220336,7.549,36400,7.495625,1.0004504654809971,7.477428121691426,0.9980217053210217,44.37627811860945,12.945456015882836,93.65079365079364,62.90291466896471
2010-05-27 07:00:00,AAPL,7.598,1.0006585012511524,7.524,0.9986726838332891,7.55,0.9957794777103667,7.574,1234184,7.495875,1.000033352789127,7.484339729149386,0.9984944189643139,50.09784735812128,12.4045116794789,80.95238095238092,62.25689999069195
2010-05-27 08:00:00,AAPL,7.569,0.9961832061068703,7.516,0.998936735778841,7.543,0.9990728476821192,7.549,5936140,7.4924375,0.9995414144446113,7.489926421611349,0.9992064197457067,50.0,11.7859012219452,83.47457627118655,61.338820894646766
2010-05-27 09:00:00,AAPL,7.614,1.0059453032104637,7.519,1.0003991484832357,7.562,1.0025188916876575,7.546,119987196,7.491250000000001,0.9998415068527432,7.496790571934078,1.0005809954282672,47.2945891783567,11.19039188922548,91.52542372881373,60.86801110180308
2010-05-27 10:00:00,AAPL,7.602,0.9984239558707645,7.531,1.0015959569091635,7.564,1.000264480296218,7.565,117782560,7.4921250000000015,1.0001168029367595,7.503191469845118,1.0015940557110117,49.80468750000002,10.792622257359618,92.37288135593228,60.44428228824376
2010-05-27 11:00:00,AAPL,7.602,1.0,7.546,1.0019917673615721,7.585,1.0027763088313062,7.567,76779360,7.4930625,1.0001251313879571,7.510982758431297,1.002517010652024,56.11353711790394,10.557278485108725,100.0,60.69884952394307
2010-05-27 12:00:00,AAPL,7.598,0.9994738226782425,7.556,1.001325205406838,7.578,0.9990771259063942,7.588,50693272,7.493937499999999,1.0001167746832484,7.5173653528664115,1.0032433805091592,79.20227920227929,10.42987500667536,97.0711297071131,61.25491258494022
2010-05-27 13:00:00,AAPL,7.621,1.0030271123979995,7.547,0.9988088935944944,7.594,1.0021113750329902,7.582,71312612,7.499312499999999,1.0007172464408731,7.524663890688658,1.004100166392989,81.76470588235307,10.58791229916319,100.0,61.8375176619273
2010-05-27 14:00:00,AAPL,7.635,1.0018370292612517,7.574,1.0035775804955611,7.606,1.001580194890703,7.597,69411216,7.513437499999999,1.0018835059880489,7.532410186813548,1.0044134294728415,86.47058823529426,11.29402180418346,100.0,62.858538682948314
2010-05-27 15:00:00,AAPL,7.687,1.0068107400130977,7.582,1.0010562450488514,7.664,1.0076255587693925,7.608,117292840,7.5323125,1.0025121657031153,7.544942549974163,1.0041931605838423,86.78160919540244,12.646740922617388,100.0,65.68339744001047
2010-05-27 16:00:00,AAPL,7.685,0.9997398204761284,7.56,0.997098390925877,7.672,1.001043841336117,7.666,25119864,7.552687499999999,1.0027050125708405,7.557043259500434,1.0032832890962018,88.02083333333346,14.417409145072366,99.99999999999999,71.23895299556602
2010-05-27 17:00:00,AAPL,7.707,1.0028627195836044,7.56,1.0,7.696,1.0031282586027113,7.674,3280284,7.574312499999998,1.0028632192183244,7.570277234786107,1.002328937187737,79.64601769911516,16.55796560627603,100.0,76.79450855112158
2010-05-27 18:00:00,AAPL,7.764,1.0073958738808875,7.647,1.0115079365079367,7.724,1.0036382536382538,7.7,3271716,7.596312499999999,1.002904554043684,7.584917498139811,1.0014001268286479,81.45161290322594,19.076946245761718,100.0,82.35006410667714
2010-05-27 19:00:00,AAPL,7.75,0.9981968057702215,7.698,1.0066692820714005,7.74,1.002071465561885,7.722,809424,7.608937499999999,1.0016619906039936,7.599687260221733,1.0004442629528123,83.15018315018331,21.580333883598307,100.0,87.81743624071595
2010-05-27 20:00:00,AAPL,7.75,1.0,7.727,1.0037672122629255,7.74,1.0,7.742,15876,7.621437499999999,1.0016428049251291,7.6130503782958545,1.000540532537671,81.60000000000018,24.05351753400017,100.0,92.7997995564126
2010-05-28 04:00:00,AAPL,7.789,1.0050322580645161,7.731,1.0005176653293646,7.776,1.0046511627906975,7.746,22400,7.635999999999999,1.00191072878312,7.628569389886725,1.000935767023836,93.57798165137642,26.55084424825955,100.0,94.12255087916391
2010-05-28 06:00:00,AAPL,7.805,1.0020541789703428,7.749,1.0023282887077998,7.762,0.9981995884773662,7.779,151396,7.64725,1.0014732844421164,7.64127706704037,1.0006910774018296,97.16599190283412,29.00870556860314,93.99141630901276,95.067400286102
2010-05-28 07:00:00,AAPL,7.82,1.0019218449711724,7.75,1.0001290489095367,7.794,1.004122648801855,7.765,1251348,7.6625,1.001994180914708,7.65582210827462,1.0011209399816432,91.32231404958678,31.48289849433991,100.0,96.27992233195738
2010-05-28 08:00:00,AAPL,7.864,1.005626598465473,7.775,1.0032258064516129,7.827,1.00423402617398,7.801,12870228,7.680249999999999,1.00231647634584,7.672124764629419,1.0012560867379339,92.2794117647059,34.06356669108828,100.0,96.6326560180244
2010-05-28 09:00:00,AAPL,7.853,0.9986012207527976,7.733,0.9945980707395498,7.795,0.9959115880925004,7.831,134084580,7.6948124999999985,1.0018960971322548,7.683827167998046,1.000465761921558,92.60563380281693,36.40750628592302,87.83269961977184,97.01489594399057
2010-05-28 10:00:00,AAPL,7.826,0.99656182350694,7.72,0.9983188930557352,7.748,0.9939704939063503,7.8,106807064,7.706312499999999,1.001494513349091,7.689938866283946,0.9993666338567635,85.11326860841416,38.46636893450711,68.27309236947798,96.17036906056232
2010-05-28 11:00:00,AAPL,7.776,0.9936110401226681,7.675,0.9941709844559585,7.722,0.9966442953020135,7.751,107104704,7.714874999999999,1.0011111020997396,7.692992307590237,0.9982715218971768,72.6470588235294,40.034370684454025,57.83132530120495,94.29847470347293
2010-05-28 12:00:00,AAPL,7.767,0.9988425925925927,7.647,0.9963517915309447,7.705,0.9977984977984977,7.725,109972660,7.7228125,1.0010288565919734,7.694135897343548,0.9973118031521637,66.38418079096053,41.05653982757899,47.63948497854074,91.81328601584008
2010-05-28 13:00:00,AAPL,7.744,0.9970387537015578,7.678,1.0040538773375178,7.703,0.9997404282933161,7.709,55500956,7.7296249999999995,1.0008821268158459,7.6949800975965434,0.9963960794848435,56.54952076677321,41.649454658872486,43.8914027149323,88.69614172222522
2010-05-28 14:00:00,AAPL,7.811,1.0086518595041323,7.655,0.9970044282365199,7.775,1.0093470076593536,7.702,103917184,7.7401875,1.0013664957873118,7.702601040682587,0.9965038460058007,55.0488599348535,41.88979168527132,68.09815950920274,87.08653226678575
2010-05-28 15:00:00,AAPL,7.841,1.003840737421585,7.749,1.0122795558458524,7.77,0.9993569131832797,7.778,158335296,7.7468125,1.0008559224179001,7.709019989189008,0.9959732873640345,61.12676056338035,41.82052517632668,63.22580645161271,85.04352151409756
2010-05-28 16:00:00,AAPL,7.836,0.9993623262338988,7.709,0.9948380436185315,7.773,1.0003861003861003,7.772,19614028,7.753125,1.0008148512694737,7.715113323551959,0.9959081007255512,56.927710843373376,41.43626656739295,58.77862595419834,82.75344517821969
2010-05-28 17:00:00,AAPL,7.787,0.993746809596733,7.754,1.0058373329874173,7.774,1.000128650456709,7.776,503608,7.757999999999999,1.0006287787182586,7.720721578451773,0.9958205985911195,55.17241379310335,40.775926520494124,57.25806451612897,80.37889320689354
2010-05-28 18:00:00,AAPL,7.797,1.0012841916013868,7.754,1.0,7.787,1.0016722408026755,7.777,352128,7.7619375,1.0005075406032484,7.727033809075413,0.996008482737228,55.31249999999995,39.81339421123391,67.74193548387085,78.58677851155302
2010-05-28 19:00:00,AAPL,7.798,1.0001282544568424,7.754,1.0,7.768,0.9975600359573649,7.788,463540,7.7636875000000005,1.0002254591717596,7.730935351068231,0.9960058749594712,51.85185185185187,38.627949780593504,52.41935483870942,75.94340933592576
2010-06-01 04:00:00,AAPL,7.779,0.9975634778148244,7.709,0.9941965437193706,7.752,0.9979402677651905,7.767,195720,7.7644375,1.0000966035791625,7.732941508109352,0.9960397695179452,50.993377483443744,37.098877285471985,39.51612903225776,72.58319428216231
2010-06-01 05:00:00,AAPL,7.74,0.9949865021210953,7.709,1.0,7.725,0.996517027863777,7.724,18928,7.7612499999999995,0.9995894744467967,7.7321851740037,0.9958461477735766,42.657342657342724,35.23220375746753,17.741935483870495,68.013301809044
2010-06-01 06:00:00,AAPL,7.778,1.0049095607235141,7.718,1.0011674665974835,7.743,1.0023300970873787,7.733,70224,7.760062499999999,0.9998469962956997,7.733215157431919,0.9963878444106193,31.785714285714306,33.184341326317956,32.258064516129146,64.24986094882895
2010-06-01 07:00:00,AAPL,7.832,1.0069426587811776,7.754,1.004664420834413,7.818,1.009686168151879,7.77,1083600,7.761562499999999,1.000193297412231,7.741289904343165,0.997580870559118,40.22556390977457,31.131316912402248,92.74193548387068,63.84663514237732
2010-06-01 08:00:00,AAPL,7.855,1.0029366700715017,7.754,1.0,7.834,1.0020465592223076,7.816,5915000,7.762,1.0000563675162057,7.750119437262864,0.9985256753730791,61.90476190476174,29.051098028492813,100.0,64.18044534743217
2010-06-01 09:00:00,AAPL,7.938,1.0105665181413113,7.754,1.0,7.901,1.0085524636201175,7.836,126289856,7.768624999999999,1.000853517134759,7.764489014666401,1.0003206666666324,69.71830985915469,27.354461705434446,100.0,64.18044534743217
2010-06-01 10:00:00,AAPL,8.029,1.0114638447971782,7.887,1.0171524374516379,7.972,1.0089862042779396,7.905,178710840,7.782624999999998,1.0018021207099066,7.7842519656505536,1.002011548459419,79.34131736526929,26.251531193148978,100.0,64.18044534743215
2010-06-01 11:00:00,AAPL,7.993,0.9955162535807698,7.915,1.0035501458095601,7.936,0.9954841946813848,7.975,88721416,7.795999999999999,1.0017185718186348,7.79870415939812,1.0020660329128184,83.37468982630256,25.76473977102754,86.61710037174704,64.11291205587523
2010-06-01 12:00:00,AAPL,8.008,1.001876642061804,7.918,1.0003790271636135,7.973,1.0046622983870968,7.94,70726264,7.8127499999999985,1.0021485377116468,7.815303763264966,1.0024761112448648,71.93460490463194,25.884923754664197,100.0,65.87551803534866
2010-06-01 13:00:00,AAPL,8.051,1.0053696303696305,7.958,1.0050517807527153,7.988,1.0018813495547474,7.974,100461172,7.8305625,1.0022799270423348,7.831751023906398,1.0024320532343156,75.438596491228,26.549542822408647,100.0,68.21822218528173
2010-06-01 14:00:00,AAPL,8.023,0.9965221711588622,7.939,0.9976124654435787,7.99,1.000250375563345,7.988,93899316,7.843999999999999,1.001716032532784,7.846822354962932,1.0020764606582135,76.15571776155713,27.502301621107176,100.0,71.12713968647391
2010-06-01 15:00:00,AAPL,8.009,0.9982550168266235,7.857,0.989671243229626,7.885,0.9868585732165206,7.993,183104796,7.851187499999999,1.0009163054563996,7.850458321156938,1.000823345379518,76.21359223300962,28.296742136956944,60.37735849056596,72.04302611845357
2010-06-01 16:00:00,AAPL,7.908,0.98738918716444,7.839,0.997709049255441,7.897,1.0015218769816108,7.888,14889364,7.8589375,1.0009871118222562,7.854890861999134,1.000471694504702,59.722222222222165,29.04002571551359,64.90566037735857,71.86566505557333
2010-06-01 17:00:00,AAPL,7.915,1.0008851795649973,7.865,1.0033167495854063,7.896,0.9998733696340382,7.9,2566396,7.8665625,1.0009702329354317,7.858806017999217,0.9999832697485146,62.97786720321929,29.745315175165643,64.52830188679242,71.93802591308332
2010-06-01 18:00:00,AAPL,7.915,1.0,7.873,1.0010171646535282,7.9,1.0005065856129687,7.898,905408,7.8736250000000005,1.0008977873118023,7.862729254380244,0.9995127165620618,64.9377593360995,30.392865992880555,66.03773584905673,72.341309796131
2010-06-01 19:00:00,AAPL,7.924,1.0011370814908402,7.886,1.0016512130064779,7.913,1.001645569620253,7.901,900676,7.8826875,1.0011509946181079,7.867516944439268,0.9992242384466199,69.06318082788665,31.00046003660601,70.94339622641517,73.10160600225802
2010-06-02 04:00:00,AAPL,7.995,1.0089601211509338,7.915,1.0036774029926452,7.929,1.0020219891318085,7.954,89600,7.893750000000001,1.0014033919269285,7.87337247354029,0.9988182930682321,68.72246696035232,31.857025811864084,76.98113207547176,73.61489470179139
2010-06-02 05:00:00,AAPL,7.99,0.9993746091307067,7.962,1.005938092229943,7.979,1.0063059654433093,7.977,5600,7.909625000000001,1.0020110847189232,7.883432237965025,0.998692920090581,64.05063291139237,32.88983143104967,95.54655870445339,76.0108504721105
2010-06-02 06:00:00,AAPL,8.003,1.0016270337922404,7.96,0.9997488068324542,7.978,0.9998746710114049,7.981,30520,7.9243125,1.001856914834774,7.892438691492165,0.9978271651933137,66.89976689976683,33.995275719791266,93.02325581395324,78.98346862664916
2010-06-02 07:00:00,AAPL,8.0,0.9996251405722854,7.94,0.9974874371859297,7.963,0.9981198295312109,7.981,681968,7.933375,1.0011436323340352,7.899158816111959,0.9968257582108175,60.60606060606051,34.982114126104825,82.69230769230766,82.59182263822898
2010-06-02 08:00:00,AAPL,8.015,1.001875,7.946,1.0007556675062972,7.979,1.0020092929800326,7.966,6411076,7.9424375,1.001142325933162,7.906762738387011,0.9966455308600703,48.53420195439735,35.8506075482173,89.52380952380945,85.77325291643346
2010-06-02 09:00:00,AAPL,8.017,1.0002495321272613,7.881,0.9918197835388876,7.944,0.9956134853991728,7.982,117158048,7.945124999999999,1.0003383721936747,7.9103091442549145,0.9959548494092544,57.49128919860625,36.23507841351996,56.19047619047612,83.74261628902264
2010-06-02 10:00:00,AAPL,7.987,0.9962579518523139,7.893,1.0015226494099734,7.928,0.9979859013091641,7.949,112694848,7.942374999999999,0.9996538758043455,7.9119939876592085,0.9958300200008444,44.91228070175443,36.06829262307978,40.95238095238093,80.46219300859936
2010-06-02 11:00:00,AAPL,7.974,0.9983723550770002,7.915,1.0027872798682378,7.951,1.0029011099899092,7.93,70479920,7.943312499999998,1.0001180377406003,7.915708845977378,0.9966425465905827,39.51048951048948,35.44858079696687,62.85714285714245,78.39870094510727
2010-06-02 12:00:00,AAPL,7.986,1.00150489089541,7.933,1.0022741629816803,7.965,1.0017607848069425,7.954,42762076,7.942812499999999,0.999937053968354,7.920403241598581,0.9971159061913505,43.648208469055305,34.45634339996991,76.19047619047595,77.07594962235594
2010-06-02 13:00:00,AAPL,7.988,1.0002504382669672,7.898,0.9955880499180637,7.92,0.9943502824858758,7.967,68616268,7.938562499999999,0.9994649250501633,7.920364837636811,0.9971738395734272,68.51851851851845,32.94220220649224,33.333333333333336,74.11574034244406
2010-06-02 14:00:00,AAPL,7.953,0.9956184276414621,7.858,0.9949354266903013,7.921,1.0001262626262626,7.924,119552104,7.9342500000000005,0.9994567656297978,7.920425329290448,0.9977153079402535,54.618473895582255,30.940509675360833,38.29787234042591,70.68784436135661
2010-06-02 15:00:00,AAPL,7.991,1.0047780711681127,7.901,1.0054721303130567,7.98,1.007448554475445,7.923,123862312,7.9401875,1.0007483379021331,7.926099107453262,0.9989726952709156,55.0200803212852,28.96342047250418,100.0,70.68784436135661
2010-06-02 16:00:00,AAPL,7.991,1.0,7.928,1.0034172889507658,7.971,0.9988721804511278,7.983,13701324,7.9448125,1.0005824799477343,7.930375382933904,0.9987642461760384,63.15789473684211,27.08921697453276,89.28571428571395,70.0926062661185
2010-06-02 17:00:00,AAPL,8.004,1.001626830183957,7.957,1.0036579212916246,7.992,1.0026345502446368,7.975,2915808,7.950812500000001,1.0007552097673797,7.936244394083056,0.9989215471205968,59.66666666666662,25.332197863731878,100.0,72.29386412775372
2010-06-02 18:00:00,AAPL,8.003,0.9998750624687657,7.954,0.9996229734824682,7.966,0.9967467467467468,7.995,665280,7.954937500000001,1.0005188149009927,7.939078261313242,0.9985241459678794,60.32786885245895,23.674967932873766,67.08860759493685,72.41513897317473
2010-06-02 19:00:00,AAPL,7.99,0.9983756091465701,7.954,1.0,7.978,1.0015064022093898,7.978,568428,7.9590000000000005,1.0005106891160365,7.942785093569123,0.9984723441974399,47.68683274021354,22.08633807104234,80.55555555555524,73.30554195477266
2010-06-02 20:00:00,AAPL,7.963,0.9966207759699625,7.939,0.998114156399296,7.952,0.9967410378540988,7.954,184800,7.9604375,1.0001806131423545,7.943662703705397,0.9980729618928755,50.0,20.275733601588886,44.44444444444444,72.10591465451643
2010-06-03 04:00:00,AAPL,8.102,1.0174557327640337,7.99,1.006423982869379,8.042,1.011317907444668,8.094,25200,7.964375,1.000494633617813,7.953028160495359,0.9990692296114829,48.18481848184817,18.772331809780397,100.0,73.72017041971559
2010-06-03 05:00:00,AAPL,8.068,0.9958035053073314,8.03,1.0050062578222778,8.054,1.0014921661278289,8.045,14000,7.969125,1.0005964058698893,7.962644526162467,0.9997827232096012,58.35543766578247,17.492529485797302,100.0,74.99899641552271
2010-06-03 06:00:00,AAPL,8.065,0.9996281606346058,8.022,0.9990037359900374,8.034,0.9975167618574622,8.057,25732,7.9735625,1.0005568365410256,7.9694402855755655,1.000039563386892,65.53672316384186,16.45060699344576,85.074626865672,74.4172224244793
2010-06-03 07:00:00,AAPL,8.063,0.9997520148791074,8.011,0.9986287708800796,8.041,1.0008712969878018,8.037,862204,7.9774375,1.0004859810153868,7.97625549647313,1.0003377406865663,64.80446927374314,15.51668528141871,90.29850746268667,74.26584751607561
2010-06-03 08:00:00,AAPL,8.056,0.9991318367853155,7.986,0.9968792909749096,8.022,0.9976371098122124,8.041,3798592,7.982312500000001,1.0006110984887067,7.980612115856642,1.0003979493235318,63.15789473684223,14.830359790619573,76.11940298507467,73.90068614345154
2010-06-03 09:00:00,AAPL,8.04,0.9980139026812314,7.951,0.9956173303280741,7.986,0.9955123410620792,8.026,101931592,7.9859375,1.0004541290509485,7.981125247679819,0.9998512646153378,58.21325648414993,14.20876437280639,49.253731343283334,71.66345957786677
2010-06-03 10:00:00,AAPL,7.997,0.9946517412935324,7.908,0.9945918752358195,7.969,0.997871274730779,7.989,117675152,7.987062500000001,1.000140872627666,7.979970462186503,0.9992528068478501,59.763313609467424,13.477154733526904,36.567164179104665,70.57327557723502
2010-06-03 11:00:00,AAPL,8.006,1.0011254220332626,7.934,1.0032878098128477,7.952,0.9978667335926715,7.972,74807432,7.98625,0.9998982729883482,7.977306608644931,0.998778538247939,56.77966101694917,12.663552116248473,23.880597014925332,69.62484313626527
2010-06-03 12:00:00,AAPL,7.971,0.9956282787909068,7.861,0.9907990925132342,7.891,0.9923289738430584,7.957,91096236,7.9844375,0.9997730474252622,7.969086931631129,0.9978509227273287,45.51282051282043,11.653592722151329,0.0,66.13277964420179
2010-06-03 13:00:00,AAPL,7.95,0.9973654497553632,7.867,1.0007632616715432,7.915,1.003041439614751,7.895,57162924,7.984062500000001,0.9999530336357446,7.963935795285307,0.9974322919160312,39.010989010988965,10.655397080987813,14.723926380368088,62.71797132141803
2010-06-03 14:00:00,AAPL,7.966,1.0020125786163523,7.88,1.0016524723528664,7.935,1.0025268477574225,7.918,68995696,7.981250000000001,0.9996477357235116,7.961180005258135,0.9971339785050698,39.50953678474113,9.606166099446735,26.993865030674556,62.365778637936984
2010-06-03 15:00:00,AAPL,7.991,1.0031383379362289,7.893,1.0016497461928935,7.96,1.0031505986137366,7.938,113666532,7.9805625000000004,0.9999138606108064,7.961067623804979,0.9974712762794021,45.706371191135645,8.617271754905172,42.331288343558185,62.589857304777674
2010-06-03 16:00:00,AAPL,7.986,0.9993742960830935,7.917,1.0030406689471685,7.95,0.9987437185929648,7.966,11182304,7.977937500000001,0.9996710758170243,7.960013564394981,0.9974251269124177,47.593582887700556,7.6448951326323895,36.19631901840495,59.045208361355726
2010-06-03 17:00:00,AAPL,7.991,1.000626095667418,7.927,1.0012631047113805,7.949,0.9998742138364779,7.983,304864,7.976875,0.9998668202151243,7.958964653500221,0.997621835656173,49.72067039106149,6.764331259881235,35.58282208588941,56.06171435025436
2010-06-03 18:00:00,AAPL,7.966,0.9968714804154675,7.931,1.0005046045162105,7.947,0.9997483960246573,7.948,203504,7.9749375,0.9997571103972421,7.957825162690677,0.9976118671397856,32.71375464684016,6.0404031250375185,34.355828220858875,52.41481591807985
2010-06-03 19:00:00,AAPL,7.97,1.0005021340697966,7.93,0.9998739124952717,7.959,1.0015100037750093,7.949,367248,7.975375000000001,1.0000548593641017,7.957937051958231,0.9978682656708258,29.34362934362926,5.3863881917734995,41.71779141104265,51.00532613008572
2010-06-04 04:00:00,AAPL,7.992,1.0027603513174403,7.968,1.0047919293820933,7.981,1.0027641663525568,7.984,8400,7.9715625,0.9995219660517529,7.960133523200304,0.9980889328966103,35.059760956175055,5.217519445907241,55.214723926380195,49.59750215068711
2010-06-04 05:00:00,AAPL,7.99,0.9997497497497497,7.966,0.9997489959839357,7.978,0.9996241072547299,7.981,23772,7.966812499999999,0.9994041318750243,7.961835092419323,0.9987797363966378,38.7218045112781,5.461880641760361,57.999999999999694,50.35058857044018
2010-06-04 06:00:00,AAPL,8.015,1.0031289111389237,7.951,0.9981169972382625,7.963,0.9981198295312109,7.992,44100,7.962374999999999,0.9994430018278955,7.961946035998435,0.9993891579597782,41.199999999999896,5.966395280258813,47.99999999999993,47.46169968155129
2010-06-04 07:00:00,AAPL,7.984,0.9961322520274485,7.869,0.9896868318450509,7.888,0.990581439156097,7.962,480760,7.952812499999999,0.9987990392313851,7.954903556379536,0.9990616564001993,44.97816593886468,6.911486089753258,0.0,41.90614412599572
2010-06-04 08:00:00,AAPL,7.94,0.9944889779559118,7.788,0.9897064430041937,7.818,0.9911257606490872,7.894,11208736,7.9400625,0.9983967935871744,7.941865122438628,0.9986234583599989,35.8885017421602,8.351874839009497,0.0,37.17977596679173
2010-06-04 09:00:00,AAPL,7.928,0.9984886649874055,7.761,0.9965331278890601,7.89,1.0092095165003838,7.822,128773596,7.9340625,0.9992443384419203,7.936925586968282,0.9996049259018154,30.29411764705877,10.113987673305004,44.17177914110427,34.617179948926044
2010-06-04 10:00:00,AAPL,7.929,1.0001261352169526,7.85,1.0114675943821672,7.866,0.996958174904943,7.892,105490868,7.927624999999999,0.9991886249950765,7.930170769161779,0.9995094907762296,49.857549857549806,11.970566668404592,29.447852760736176,32.02431604757391
2010-06-04 11:00:00,AAPL,7.891,0.9952074662630849,7.821,0.9963057324840764,7.857,0.9988558352402747,7.868,84583072,7.921687499999999,0.9992510367228521,7.923202124479705,0.9994420932473099,43.019943019942964,13.99022142106438,23.926380368098485,30.617240993396976
2010-06-04 12:00:00,AAPL,7.867,0.996958560385249,7.809,0.9984656693517454,7.855,0.9997454499172712,7.859,61698728,7.9194375,0.9997159696087482,7.916706684053066,0.9993712430657062,38.52941176470597,15.953389790526542,22.699386503067945,29.84680890028382
2010-06-04 13:00:00,AAPL,7.868,1.0001271132579128,7.777,0.9959021641695479,7.796,0.992488860598345,7.858,68524848,7.912000000000001,0.9990608550165339,7.905210809381345,0.9982035730923244,33.438485804416445,17.923203367291887,0.0,28.520109066121297
2010-06-04 14:00:00,AAPL,7.819,0.9937722419928825,7.731,0.9940851227979941,7.747,0.9937147255002565,7.797,97034140,7.900250000000001,0.9985149140546006,7.890143113249789,0.9972375016746446,28.96174863387978,20.057018940890636,0.0,28.520109066121297
2010-06-04 15:00:00,AAPL,7.773,0.9941168947435733,7.686,0.9941792782305006,7.742,0.9993545888731122,7.75,176467984,7.886625000000001,0.9982753710325624,7.876034245321238,0.9969348115972579,25.603864734299506,22.504053610735152,0.0,27.70211315610085
2010-06-04 16:00:00,AAPL,7.779,1.0007719027402548,7.713,1.003512880562061,7.752,1.0012916559028675,7.741,16354324,7.87425,0.9984308877371497,7.864221460052549,0.9971592994535111,25.41966426858511,25.117907944207445,4.184100418409955,26.434904010975043
2010-06-04 17:00:00,AAPL,7.763,0.9979431803573724,7.722,1.001166861143524,7.747,0.9993550051599588,7.751,1049076,7.861625,0.9983966726989872,7.853057511476115,0.9973086340256044,25.06024096385545,27.8408619459385,2.0920502092049773,24.199390781288752
2010-06-04 18:00:00,AAPL,7.759,0.9994847352827516,7.723,1.0001295001295,7.738,0.998838259971602,7.746,1251096,7.848562500000001,0.9983384478399823,7.842099653240295,0.99751637266345,20.60301507537686,30.603858359886583,0.0,22.18848416915514
2010-06-04 19:00:00,AAPL,7.749,0.9987111741203762,7.697,0.9966334326039105,7.715,0.9970276557249934,7.741,524888,7.833312500000001,0.9980569690309531,7.829994924360268,0.997634270525369,20.297029702970306,33.41411256475958,0.0,20.21166071993906
2010-06-07 05:00:00,AAPL,7.778,1.0037424183765646,7.755,1.0075354034039237,7.767,1.0067401166558652,7.77,2800,7.8199375,0.9982925486503953,7.823995407754527,0.998810580805314,19.902912621359192,36.176970779967235,19.771863117870918,19.401440436439728
2010-06-07 06:00:00,AAPL,7.815,1.0047570069426588,7.773,1.002321083172147,7.8,1.004248744689069,7.788,40348,7.8088125,0.9985773543586506,7.821710130825524,1.000226680945407,34.44730077120829,38.66348026004185,34.27419354838705,18.987907221847752
2010-06-07 07:00:00,AAPL,7.839,1.0030710172744721,7.773,1.0,7.8,1.0,7.803,737380,7.7986249999999995,0.9986953842213524,7.8196424993183316,1.001386894526963,47.44318181818185,40.883332544201075,48.5714285714286,18.61883525768378
2010-06-07 08:00:00,AAPL,7.847,1.0010205383339712,7.773,1.0,7.81,1.0012820512820513,7.804,4670652,7.793749999999999,0.9993748898042925,7.818724166049919,1.0025772704867741,33.928571428571416,42.711087091943256,54.2857142857142,18.412486051334586
2010-06-07 09:00:00,AAPL,7.846,0.9998725627628393,7.735,0.9951112826450534,7.818,1.0010243277848911,7.816,98509404,7.79375,1.0000000000000002,7.818655197854689,1.0031955346084604,39.47368421052627,44.14344908000412,58.857142857142776,19.015660654509187
2010-06-07 10:00:00,AAPL,7.83,0.9979607443283202,7.615,0.9844861021331609,7.641,0.9773599386032233,7.82,130178272,7.7781875,0.9980032076984763,7.8017356552018615,1.0010246229609445,42.64150943396214,45.38382791529345,0.0,19.015660654509187
2010-06-07 11:00:00,AAPL,7.714,0.9851851851851853,7.611,0.9994747209455023,7.702,1.0079832482659337,7.644,94881584,7.7679374999999995,0.9986822122763176,7.792237021373113,1.0018062718818637,25.6818181818181,46.4688330476493,28.24074074074069,20.584590695661447
2010-06-07 12:00:00,AAPL,7.769,1.0071298936997666,7.667,1.0073577716463014,7.747,1.0058426382757726,7.704,62349196,7.7610624999999995,0.9991149516844079,7.787928733623294,1.0025735574756225,39.366515837104025,47.10493633985868,49.53271028037368,20.882420203398638
2010-06-07 13:00:00,AAPL,7.788,1.0024456171965503,7.667,1.0,7.702,0.9941912998580096,7.751,141987636,7.7515,0.9987678877730981,7.7797450447067895,1.0024072148248762,50.0,47.282396586866724,34.46327683615824,21.161054874255417
2010-06-07 14:00:00,AAPL,7.732,0.9928094504365691,7.582,0.9889135254988913,7.65,0.9932485068813296,7.707,156527952,7.742375000000001,0.9988228084886798,7.7673883737823335,1.0020497160268764,45.81589958158994,47.20200993742772,5.0847457627120685,20.114297396178397
2010-06-07 15:00:00,AAPL,7.683,0.9936627004655975,7.563,0.9974940648905302,7.587,0.9917647058823529,7.656,175296576,7.732375,0.9987084066581636,7.750208528660206,1.0010117733460604,40.19230769230772,46.887359494139496,0.0,18.853220368230176
2010-06-07 16:00:00,AAPL,7.608,0.9902381882077314,7.572,1.00119000396668,7.594,1.0009226308158694,7.59,13792380,7.7231250000000005,0.998803731065811,7.735331525930662,1.0003823567701595,36.15916955017299,46.323727424066156,3.030303030303275,19.02157053658036
2010-06-07 17:00:00,AAPL,7.618,1.0013144058885384,7.57,0.9997358689910196,7.597,1.0003950487226758,7.594,757568,7.7134374999999995,0.998745650238731,7.722157094889647,0.999874674421254,37.5,45.5621217718201,4.329004329004624,19.262070777080616
2010-06-07 18:00:00,AAPL,7.612,0.9992123917038592,7.575,1.000660501981506,7.596,0.999868369093063,7.6,274876,7.704,0.998776485840457,7.710142133471586,0.9995727758825539,39.388489208633146,44.65858256965647,3.8961038961040457,19.47852099353084
2010-06-07 19:00:00,AAPL,7.635,1.0030215449290594,7.58,1.0006600660066007,7.625,1.0038177988414956,7.595,571200,7.6969375,0.9990832684319834,7.702033358855244,0.9997447246696839,33.06930693069303,43.56580203032621,16.45021645021657,20.15997188418676
2010-06-07 20:00:00,AAPL,7.712,1.0100851342501638,7.689,1.0143799472295514,7.702,1.0100983606557377,7.704,5600,7.696124999999999,0.9998944385348069,7.702030181821412,1.0006616504059456,32.534930139720586,41.99783507305808,49.7835497835499,22.809499638317035
2010-06-08 04:00:00,AAPL,7.688,0.9968879668049793,7.666,0.9970087137469112,7.678,0.9968839262529213,7.68,2800,7.6905624999999995,0.9992772336727899,7.699741593076515,1.0004699239002115,41.52249134948099,40.253954345640594,39.3939393939395,24.99805182686923
2010-06-08 05:00:00,AAPL,7.649,0.9949271592091572,7.608,0.9924341247064962,7.638,0.9947903099765564,7.623,25340,7.680437499999999,0.9986834513080155,7.693861441354943,1.0004289596963738,38.8513513513514,38.65782511254595,22.077922077922157,26.224603053420463
2010-06-08 06:00:00,AAPL,7.632,0.9977774872532357,7.61,1.0002628811777077,7.622,0.9979052107881644,7.624,13720,7.669312499999999,0.9985515148062855,7.6870174945592336,1.0008567213207886,35.57692307692311,37.28438437203901,15.151515151515222,25.96791705528959
2010-06-08 07:00:00,AAPL,7.659,1.0035377358490567,7.607,0.9996057818659658,7.619,0.9996064025190239,7.629,420280,7.657375,0.9984434719539725,7.680539637934545,1.0014639040897793,47.94816414686824,36.042772209326785,13.852813852813872,24.83339596109108
2010-06-08 08:00:00,AAPL,7.709,1.0065282673978326,7.605,0.9997370842644933,7.655,1.0047250295314347,7.629,6276900,7.6471875,0.998669583244911,7.678107291464588,1.0027074932943192,39.753086419753096,34.68105420974706,42.50000000000028,24.496094373789507
2010-06-08 09:00:00,AAPL,7.684,0.9967570372292127,7.547,0.9923734385272845,7.584,0.9907250163291965,7.658,119775208,7.643625000000001,0.9995341424543338,7.669144692277484,1.0028712768292243,38.38383838383848,33.12268436118884,0.0,21.480221357916495
2010-06-08 10:00:00,AAPL,7.641,0.9944039562727746,7.481,0.9912548032330728,7.546,0.9949894514767933,7.588,174553148,7.633875000000001,0.9987244272187606,7.657416626346295,1.0018043305821902,36.0189573459716,31.565925239866736,0.0,18.21038008807523
2010-06-08 11:00:00,AAPL,7.666,1.003271823059809,7.486,1.0006683598449404,7.615,1.0091439173071826,7.549,145543916,7.625625,0.9989192906616888,7.653376947646649,1.0025546590226653,37.254901960784366,30.129677159208043,44.23076923076928,20.66764504534019
2010-06-08 12:00:00,AAPL,7.644,0.9971301852334985,7.516,1.0040074806305104,7.555,0.9921208141825344,7.619,85983492,7.6164375,0.9987951807228915,7.6440077145374445,1.0024106502139096,53.38164251207734,28.867110167382197,5.76923076923043,19.41922782470073
2010-06-08 13:00:00,AAPL,7.578,0.9913657770800628,7.459,0.9924161788185204,7.497,0.9923229649238915,7.557,107995552,7.606875,0.998744491765343,7.630006979819592,1.001781604565073,45.824411134903585,27.697540958940277,0.0,16.667410586902193
2010-06-08 14:00:00,AAPL,7.566,0.9984164687252572,7.437,0.9970505429682264,7.478,0.9974656529278377,7.501,140433608,7.6000625,0.9991044285596911,7.615530124598679,1.0011378029215254,40.42145593869729,26.622516091084563,0.0,14.752784096004511
2010-06-08 15:00:00,AAPL,7.553,0.9982817869415808,7.415,0.9970418179373403,7.54,1.0082909868948917,7.48,202211660,7.596687500000001,0.9995559247045667,7.608336779398804,1.001088712020303,39.07407407407406,25.683420727761582,27.678571428571527,16.0079966329967
2010-06-08 16:00:00,AAPL,7.6,1.006222692969681,7.485,1.00944032366824,7.537,0.9996021220159151,7.542,11979464,7.592937500000001,0.9995063637934297,7.601542800408441,1.0006391338867684,42.58289703315884,24.743229871873318,26.339285714285765,17.471290283790356
2010-06-08 17:00:00,AAPL,7.568,0.9957894736842106,7.525,1.0053440213760856,7.553,1.0021228605545973,7.54,646632,7.59025,0.999646052664071,7.596919676560018,1.000524457966369,33.466933867735506,23.816795343594237,33.482142857142904,19.163059163059227
2010-06-08 18:00:00,AAPL,7.569,1.000132135306554,7.526,1.0001328903654485,7.555,1.0002647954455184,7.552,355600,7.585875,0.999423602648134,7.592927326411445,1.0003527323094028,37.27087576374749,22.981743975303758,34.37499999999995,20.832281144781188
2010-06-08 19:00:00,AAPL,7.579,1.0013211784912142,7.539,1.0017273452032953,7.558,1.000397088021178,7.553,352604,7.576874999999999,0.9988135844579563,7.58960091437226,1.0004911647466193,40.83885209713025,22.43588131034336,40.0,22.838053150553186
2010-06-08 20:00:00,AAPL,7.604,1.0032985882042487,7.581,1.0055710306406687,7.593,1.004630854723472,7.596,193200,7.5715625,0.9992988534191207,7.589924636812997,1.0017222980203577,42.72727272727274,21.997657644318693,64.97175141242931,25.53369398178723
2010-06-09 04:00:00,AAPL,7.632,1.003682272488164,7.506,0.9901068460625247,7.543,0.9934149874884762,7.624,45220,7.565625000000002,0.9992158157579762,7.585455623783188,1.0018349084199185,47.24576271186443,21.59783065379873,36.72316384180803,24.808116985023794
2010-06-09 05:00:00,AAPL,7.579,0.9930555555555556,7.539,1.0043964828137488,7.56,1.0022537451942197,7.571,25032,7.561750000000001,0.9994878149524988,7.58303127866098,1.002300705977494,38.47736625514404,21.233432368341468,46.327683615819,25.193324997350434
2010-06-09 06:00:00,AAPL,7.584,1.0006597176408496,7.558,1.0025202281469692,7.57,1.0013227513227514,7.576,5600,7.558687500000001,0.9995950011571396,7.581790204502791,1.002650207227532,47.222222222222214,20.965108952627187,51.97740112994366,26.854407166907183
2010-06-09 07:00:00,AAPL,7.639,1.0072521097046414,7.55,0.9989415189203493,7.628,1.007661822985469,7.576,280980,7.557000000000001,0.9997767469550766,7.586191137407288,1.0036386789911986,52.97029702970297,20.77275889930088,100.0,31.568211880711893
2010-06-09 08:00:00,AAPL,7.636,0.9996072784395863,7.565,1.0019867549668875,7.603,0.9967226009438909,7.621,3168452,7.558187500000001,1.000157139076353,7.587791981463736,1.0040746303379298,51.653944020356214,20.514867297805488,83.33333333333313,35.42824074074073
2010-06-09 09:00:00,AAPL,7.626,0.99869041382923,7.501,0.9915399867812293,7.529,0.990266999868473,7.605,109551764,7.557125000000001,0.9998594239690403,7.582192745133857,1.0031760584311855,56.703910614525135,20.202621889366714,34.00000000000002,34.956018518518505
2010-06-09 10:00:00,AAPL,7.551,0.9901652242328874,7.438,0.9916011198506864,7.517,0.9984061628370302,7.532,148750728,7.551,0.9991895065914616,7.575983912263966,1.0024955141358605,54.27807486631016,20.077405003908805,26.00000000000033,36.40046296296296
2010-06-09 11:00:00,AAPL,7.585,1.0045027148722023,7.505,1.0090077977951062,7.538,1.0027936676865772,7.519,112132524,7.5499374999999995,0.9998592901602436,7.572366396810255,1.0028296115494972,55.31335149863768,19.98702831306101,40.000000000000234,38.6226851851852
2010-06-09 12:00:00,AAPL,7.611,1.0034278180619645,7.513,1.0010659560293138,7.53,0.998938710533298,7.54,75357296,7.551999999999999,1.0002731810693797,7.568331501875945,1.0024363118073423,49.69325153374236,19.710594339893404,34.66666666666691,38.091346153846175
2010-06-09 13:00:00,AAPL,7.555,0.9926422283536986,7.445,0.9909490216957274,7.482,0.9936254980079681,7.534,80722768,7.552249999999999,1.0000331038135593,7.560109454078236,1.0010738154234955,48.942598187311226,19.398589471171356,0.0,37.77083333333337
2010-06-09 14:00:00,AAPL,7.52,0.9953673064195897,7.416,0.9961047683008731,7.428,0.9927826784282278,7.487,103793928,7.545249999999999,0.9990731239034725,7.547527601308881,0.9993747030764185,40.22038567493116,19.080095935968767,0.0,37.77083333333337
2010-06-09 15:00:00,AAPL,7.459,0.9918882978723405,7.32,0.9870550161812298,7.353,0.989903069466882,7.431,200684876,7.533749999999999,0.9984758622974719,7.529001163088987,0.9978464813079736,34.698795180722925,19.124282180732223,0.0,37.77083333333337
2010-06-09 16:00:00,AAPL,7.622,1.0218527952808687,7.335,1.0020491803278688,7.359,1.0008159934720522,7.36,10630340,7.5216249999999985,0.9983905757424921,7.512810576128131,0.9972205841882372,28.952772073921977,18.933948732062113,2.1818181818182616,36.35434704184708
2010-06-09 17:00:00,AAPL,7.372,0.9672002099186565,7.327,0.9989093387866393,7.349,0.9986411197173529,7.364,1501248,7.508749999999999,0.9982882688248883,7.497209568877833,0.996753968574322,24.45414847161574,18.601442994020246,0.0,34.89105339105343
2010-06-09 18:00:00,AAPL,7.367,0.9993217580032556,7.333,1.000818889040535,7.355,1.0008164376105593,7.348,508088,7.4960625,0.9983103046445814,7.483665800413277,0.9966593374946933,26.79425837320575,18.20154600175195,2.150537634408684,33.150408656457074
2010-06-09 19:00:00,AAPL,7.367,1.0,7.332,0.9998636301650075,7.352,0.9995921142080217,7.36,401240,7.481000000000001,0.9979906117378291,7.471126200373917,0.9966734135919915,24.815724815724977,17.8282971997338,1.075268817204342,31.30042359074622
2010-06-09 20:00:00,AAPL,7.553,1.0252477263472242,7.53,1.0270049099836334,7.542,1.0258433079434166,7.545,539000,7.4809375000000005,0.9999916455019382,7.477876086052592,0.9995824202717004,22.750000000000043,16.941444858013103,69.17562724014326,32.92129177075418
2010-06-10 04:00:00,AAPL,7.438,0.9847742618826956,7.416,0.9848605577689243,7.428,0.984884645982498,7.431,2800,7.4726875,0.9988971970424829,7.4731259826190115,0.9989558103672181,41.91729323308268,15.923624583881152,28.31541218637984,30.884828480418093
2010-06-10 05:00:00,AAPL,7.469,1.004167787039527,7.43,1.0018878101402373,7.451,1.003096392030156,7.462,33600,7.465249999999999,0.9990047088145997,7.471018746179105,0.9997766862563308,35.90982286634461,14.782113488093263,36.55913978494604,30.87571603281465
2010-06-10 06:00:00,AAPL,7.448,0.9971883786316776,7.426,0.9994616419919247,7.437,0.9981210575761643,7.44,42000,7.4533125,0.998400924282509,7.467778865590619,1.0003387516279587,43.157894736842074,13.682091971941736,34.64566929133867,30.22671523701019
2010-06-10 07:00:00,AAPL,7.454,1.0008055853920514,7.347,0.9893617021276596,7.38,0.9923356192012908,7.44,930440,7.439375,0.9981300260790085,7.4594189736296075,1.0008192966053158,43.006993006992985,12.761795158103089,16.06217616580298,28.231424961224597
2010-06-10 08:00:00,AAPL,7.431,0.9969144083713443,7.356,1.0012249897917516,7.384,1.0005420054200542,7.379,4463872,7.430312499999999,0.9987818197093169,7.452236214236311,1.0017288030562126,37.00657894736838,11.882641668753738,18.134715025906846,23.683353573774973
2010-06-10 09:00:00,AAPL,7.448,1.0022877136320818,7.311,0.9938825448613376,7.411,1.0036565547128926,7.383,130619748,7.4236875,0.9991083820498802,7.448308955737615,1.0024220321470485,37.91390728476822,10.98862297669674,32.12435233160596,20.838410184790135
2010-06-10 10:00:00,AAPL,7.502,1.0072502685284639,7.395,1.0114895363151415,7.47,1.0079611388476588,7.413,152996900,7.4194375,0.9994275082295693,7.45037476947689,1.003594880506068,43.91080617495706,10.063687207751267,62.69430051813461,22.432537991353165
2010-06-10 11:00:00,AAPL,7.503,1.0001332977872568,7.42,1.0033806626098716,7.456,0.9981258366800536,7.471,79788492,7.4148125,0.9993766373798553,7.450910505717186,1.0042419665530151,53.57142857142856,9.175667042524012,55.44041450777224,24.06811657511827
2010-06-10 12:00:00,AAPL,7.479,0.9968012794882047,7.389,0.9958221024258761,7.436,0.9973175965665235,7.459,73357564,7.411937499999999,0.9996122626162157,7.449490457553645,1.004676848882375,59.77229601518036,8.269097275317211,45.07772020725384,24.350212142187914
2010-06-10 13:00:00,AAPL,7.492,1.001738200294157,7.407,1.002436053593179,7.469,1.0044378698224852,7.44,61640236,7.4145,1.0003457260669024,7.451348509215202,1.0053172344228758,57.11645101663588,7.30091114019569,62.17616580310899,25.87851764976803
2010-06-10 14:00:00,AAPL,7.565,1.0097437266417513,7.434,1.0036452004860268,7.543,1.0099076181550408,7.471,95969104,7.426375,1.0016015914761616,7.460077222623278,1.0061470392640472,60.63829787234045,6.886904652933722,100.0,31.434073205323582
2010-06-10 15:00:00,AAPL,7.598,1.0043621943159287,7.518,1.0112994350282485,7.581,1.0050377833753148,7.546,148087688,7.44025,1.001868340879635,7.471593677611537,1.0060889300111477,64.87341772151899,6.702691534732933,100.0,36.989628760879135
2010-06-10 16:00:00,AAPL,7.599,1.0001316135825218,7.55,1.0042564511838254,7.587,1.0007914523149979,7.583,19802804,7.455125000000001,1.0019992607775277,7.482584755934248,1.0056899641724737,67.16641679160423,6.72208608081735,100.0,42.54518431643469
2010-06-10 17:00:00,AAPL,7.598,0.9998684037373338,7.563,1.0017218543046358,7.581,0.9992091735863978,7.59,523236,7.4692500000000015,1.0018946697741489,7.491957636321462,1.0049405793090607,54.65838509316771,6.905131327998793,97.44680851063858,47.837683779146936
2010-06-10 18:00:00,AAPL,7.594,0.9994735456699132,7.562,0.9998677773370357,7.582,1.0001319087191662,7.584,267596,7.483625000000001,1.001924557351809,7.500533099528942,1.004188251769447,70.40000000000016,7.217460583018299,97.58454106280199,53.25904717152483
2010-06-10 19:00:00,AAPL,7.599,1.000658414537793,7.566,1.000528960592436,7.586,1.0005275652862042,7.588,761096,7.486375000000001,1.0003674689739264,7.50867280433571,1.0033470148939463,68.55524079320126,7.327321197462724,99.51690821256065,58.66828998142215
2010-06-11 05:00:00,AAPL,7.622,1.0030267140413212,7.599,1.0043616177636796,7.611,1.0032955444239389,7.614,2800,7.497812500000001,1.0015277754587502,7.518418251541833,1.0042802092523861,71.72011661807586,7.5485397748417995,100.0,64.16410838046636
2010-06-11 06:00:00,AAPL,7.614,0.998950406717397,7.592,0.9990788261613369,7.604,0.9990802785442123,7.606,2800,7.507375000000001,1.001275371983495,7.526568894252135,1.0038353045307726,87.13826366559505,7.791188020104556,96.96969696969711,65.70822336544158
2010-06-11 07:00:00,AAPL,7.607,0.9990806409246126,7.556,0.9952581664910433,7.57,0.995528669121515,7.599,110236,7.5156875,1.0011072445428661,7.530705190037646,1.0031076361627926,85.03184713375822,7.975207567674948,82.25108225108247,68.70464948014727
2010-06-11 08:00:00,AAPL,7.597,0.9986854213224662,7.485,0.9906034939121229,7.499,0.9906208718626155,7.579,4870348,7.523125,1.0009895967601101,7.527685648129299,1.0015964139181277,74.76635514018719,8.116152436503361,50.66079295154168,69.48807465606926
2010-06-11 09:00:00,AAPL,7.554,0.9943398710017112,7.467,0.9975951903807614,7.538,1.0052006934257902,7.503,86244956,7.532749999999999,1.0012793885519646,7.52866796735508,1.0007367905431692,54.35435435435436,8.173905991302131,63.50000000000028,71.09109302877268
2010-06-11 10:00:00,AAPL,7.612,1.007678051363516,7.513,1.0061604392661043,7.537,0.9998673388166622,7.538,102530484,7.5406249999999995,1.0010454349341211,7.529461494273644,0.9995634388866808,61.45251396648043,8.371618956693508,57.71428571428576,73.4050991147995
2010-06-11 11:00:00,AAPL,7.567,0.994088281660536,7.48,0.9956076134699854,7.553,1.0021228605545973,7.542,71500800,7.545812500000001,1.0006879403232494,7.531703256723773,0.9988168429969364,64.8967551622419,8.47109406535133,66.85714285714292,76.11190066097929
2010-06-11 12:00:00,AAPL,7.571,1.000528611074402,7.507,1.003609625668449,7.552,0.9998676022772408,7.556,38067344,7.5518125000000005,1.0007951430014992,7.533636279892938,0.9983863606328591,63.04347826086954,8.495264990633164,66.28571428571416,78.00975410287418
2010-06-11 13:00:00,AAPL,7.606,1.004622903183199,7.53,1.0030638071133609,7.557,1.0006620762711866,7.555,53593428,7.559375,1.0010014152231665,7.53586139609361,0.9978877780789194,51.80722891566255,8.632157698702358,61.97183098591579,77.96961690663981
2010-06-11 14:00:00,AAPL,7.599,0.9990796739416251,7.518,0.998406374501992,7.574,1.0022495699351595,7.561,46587268,7.565937499999999,1.0008681273253408,7.539493644084694,0.9973699735870616,44.444444444444436,8.792312951017188,66.96428571428581,78.60983197366835
2010-06-11 15:00:00,AAPL,7.686,1.0114488748519541,7.557,1.0051875498802874,7.664,1.0118827567995774,7.577,124667200,7.5735,1.0009995456610634,7.5513513922671045,0.9980721347839717,47.136563876652005,9.005060211447672,100.0,81.66106973993202
2010-06-11 16:00:00,AAPL,7.704,1.0023419203747073,7.497,0.9920603414053195,7.667,1.000391440501044,7.667,8679692,7.578875000000001,1.0007097114940253,7.562365545384523,0.9985298138752918,63.34405144694519,9.033647814590399,100.0,83.76239386198151
2010-06-11 17:00:00,AAPL,7.679,0.9967549325025962,7.536,1.005202080832333,7.666,0.9998695708882224,7.551,2563484,7.583812500000001,1.000651481915192,7.57223549344314,0.9991239456308673,63.578274760383316,8.914120110075045,99.40476190476224,83.72932507891274
2010-06-11 18:00:00,AAPL,7.682,1.0003906758692538,7.652,1.0153927813163484,7.666,1.0,7.671,222096,7.589125,1.0007005051878588,7.581165446448555,0.9996509600479381,62.90322580645161,8.687383012497763,99.40476190476224,83.69625629584397
2010-06-11 19:00:00,AAPL,7.683,1.0001301744337412,7.648,0.9994772608468374,7.665,0.9998695538742499,7.67,843052,7.5943125,1.0006835438868118,7.58914968964393,1.000003253292564,59.64912280701761,8.372993653109447,98.80952380952394,83.63011872970641
2010-06-14 04:00:00,AAPL,7.717,1.0044253546791617,7.685,1.0048378661087867,7.707,1.0054794520547945,7.701,14000,7.601875,1.000995811009884,7.600373528725461,1.0007981010427818,60.93189964157698,8.072033219634408,100.0,83.7719627013376
2010-06-14 05:00:00,AAPL,7.776,1.0076454580795646,7.708,1.002992843201041,7.748,1.005319839107305,7.723,40656,7.6104375,1.0011263668502837,7.614433192656369,1.001651986208188,73.86759581881512,7.880912393207642,100.0,83.90615486451526
2010-06-14 06:00:00,AAPL,7.769,0.9990997942386831,7.727,1.0024649714582252,7.74,0.9989674754775426,7.761,31528,7.6189374999999995,1.0011168871697587,7.626391936212906,1.0020963888361092,98.4435797665368,7.797224074145567,96.78714859437751,83.75450155239398
2010-06-14 07:00:00,AAPL,7.75,0.9975543828034495,7.702,0.9967645916914715,7.735,0.9993540051679587,7.731,405776,7.62925,1.0013535351878133,7.636735561335486,1.0023360293132064,94.69026548672548,7.829773206941949,94.77911646586351,83.4644524671642
2010-06-14 08:00:00,AAPL,7.757,1.0009032258064516,7.665,0.9951960529732538,7.743,1.0010342598577893,7.737,2602068,7.6445,1.0019988858668938,7.64685598406544,1.0023076952604044,93.04347826086958,8.071298766728447,97.63033175355456,83.50115439960071
2010-06-14 09:00:00,AAPL,7.789,1.0041253061750677,7.705,1.005218525766471,7.767,1.0030995738086013,7.745,89004804,7.658812499999999,1.0018722611027535,7.658298271297303,1.0018049933020214,92.7927927927928,8.606180300531063,100.0,84.4872053856517
2010-06-14 10:00:00,AAPL,7.827,1.0048786750545642,7.752,1.0060999351070732,7.803,1.0046349942062571,7.771,97159664,7.675437499999999,1.0021707020507422,7.672079388316607,1.0017322382962905,93.8775510204083,9.314048302043028,100.0,87.22827244389939
2010-06-14 11:00:00,AAPL,7.846,1.002427494570078,7.784,1.0041279669762642,7.813,1.001281558374984,7.806,62136480,7.6916875,1.0021171431595919,7.685500398953121,1.0013110521651856,94.56521739130444,10.29906691787624,100.0,89.25605022167714
2010-06-14 12:00:00,AAPL,7.839,0.9991078256436401,7.777,0.9991007194244604,7.793,0.997440163829515,7.817,41587924,7.7067499999999995,1.0019582828865576,7.695738456195682,1.0005266667679469,94.42379182156144,11.457388001953444,92.18750000000014,91.17122879310573
2010-06-14 13:00:00,AAPL,7.813,0.9966832504145936,7.74,0.9952423813809953,7.753,0.9948671885025022,7.796,68765256,7.718999999999999,1.0015895156843027,7.701191936557997,0.9992788057946602,82.41206030150782,12.53359282598079,74.8953974895399,91.61779849490556
2010-06-14 14:00:00,AAPL,7.779,0.9956482785101753,7.691,0.9936692506459948,7.743,0.9987101767057913,7.758,100812404,7.7295625,1.0013683767327375,7.705173656885807,0.9982087908907641,68.220338983051,13.406391370084544,53.02013422818833,90.880821825043
2010-06-14 15:00:00,AAPL,7.785,1.0007713073659854,7.667,0.9968794695098167,7.685,0.99250936329588,7.745,122204572,7.730875,1.0001698026246635,7.703252356230016,0.9965961665010169,65.71428571428575,13.845103120054477,13.513513513513255,88.18869307657619
2010-06-14 16:00:00,AAPL,7.803,1.0023121387283236,7.669,1.0002608582235555,7.692,1.000910865322056,7.688,11990804,7.7324375,1.0002021116626514,7.702180703255729,0.996288350704898,53.135313531353006,14.132826003637422,18.243243243243374,85.48196849485161
2010-06-14 17:00:00,AAPL,7.837,1.0043572984749456,7.677,1.0010431607771548,7.701,1.001170046801872,7.829,219128,7.734625000000001,1.0002828991504944,7.702068255326611,0.9960724875340553,54.36893203883497,14.378835447823208,24.3243243243241,81.27776429064738
2010-06-14 18:00:00,AAPL,7.719,0.9849432180681383,7.675,0.999739481568321,7.697,0.9994805869367616,7.705,417620,7.7365625,1.0002504969536337,7.701585564343125,0.9957283726545403,48.913043478260825,14.574578507053335,21.621621621621685,76.92340993629303
2010-06-14 19:00:00,AAPL,7.72,1.0001295504599041,7.686,1.0014332247557003,7.709,1.001559048980122,7.709,472920,7.7393125000000005,1.000355455022822,7.702291701072351,0.995570280867291,39.33054393305431,14.741874496806691,18.75,72.44258983047291
2010-06-15 04:00:00,AAPL,7.714,0.9992227979274613,7.673,0.9983086130627115,7.7,0.9988325334025167,7.69,75600,7.738875000000001,0.9999434704309976,7.7020734438273655,0.9951883250388668,43.621399176954576,14.75295413457326,11.718750000000433,67.57114472465281
2010-06-15 05:00:00,AAPL,7.726,1.001555613170858,7.688,1.0019549068161084,7.715,1.001948051948052,7.703,18200,7.7368125,0.9997334883946308,7.703304544415236,0.9954036658319504,42.914979757084936,14.513491589962177,23.437500000000174,63.383810068568174
2010-06-15 06:00:00,AAPL,7.753,1.003494693243593,7.73,1.0054630593132154,7.742,1.00349967595593,7.745,2800,7.736937500000002,1.0000161565244086,7.706989825899498,0.9961453539037554,44.48818897637781,14.147114897540387,44.53125000000026,60.30221284634596
2010-06-15 07:00:00,AAPL,7.756,1.0003869469882627,7.72,0.9987063389391978,7.738,0.9994833376388531,7.742,130340,7.737125000000001,1.000024234395069,7.709943175813832,0.9965109807095934,45.136186770427905,13.744335826285594,41.406250000000604,57.047004513012666
2010-06-15 08:00:00,AAPL,7.75,0.9992264053635894,7.689,0.9959844559585492,7.72,0.9976738175239079,7.742,2469544,7.735687500000001,0.9998142074737063,7.710900968593467,0.9966106232733045,35.55555555555553,13.317467002495091,27.343750000000085,53.18903792443613
2010-06-15 09:00:00,AAPL,7.826,1.0098064516129033,7.707,1.0023410066328522,7.808,1.01139896373057,7.722,78598800,7.738250000000001,1.0003312569180178,7.720148495394089,0.9979912574537284,30.042918454935517,13.005770405807159,96.09375000000009,53.26207312077706
2010-06-15 10:00:00,AAPL,7.823,0.9996166624073601,7.762,1.0071363695341897,7.803,0.999359631147541,7.809,81579540,7.738250000000001,1.0,7.728039114880366,0.9986804658521456,52.49169435215942,12.676324641474924,92.18750000000017,52.95969357891292
2010-06-15 11:00:00,AAPL,7.817,0.9992330308065959,7.745,0.9978098428240145,7.803,1.0,7.806,58685144,7.7376249999999995,0.9999192323845829,7.735178246796522,0.9996030429097692,59.3984962406015,12.215493245506782,95.93495934959358,52.73385798722367
2010-06-15 12:00:00,AAPL,7.825,1.001023410515543,7.777,1.0041316978695933,7.808,1.000640779187492,7.806,46497360,7.7385625000000005,1.0001211612090275,7.742113651863519,1.0005801071857992,61.71874999999995,11.70566505831902,100.0,52.733857987223686
2010-06-15 13:00:00,AAPL,7.839,1.0017891373801917,7.782,1.0006429214350006,7.826,1.0023053278688525,7.81,55993896,7.743124999999999,1.0005895797830668,7.750102827876518,1.0014912753985663,80.29556650246333,11.345489483631006,100.0,52.73385798722367
2010-06-15 14:00:00,AAPL,7.855,1.0020410766679424,7.81,1.003598046774608,7.826,1.0,7.829,62041980,7.748312499999999,1.000669949148438,7.757331129983515,1.0018346765657944,81.30841121495348,11.352267302568379,100.0,53.16788576500145
2010-06-15 15:00:00,AAPL,7.867,1.0015276893698282,7.806,0.9994878361075544,7.855,1.0037055967288526,7.828,102412100,7.758937499999999,1.001371266324119,7.766632927127942,1.002364440918967,80.48780487804903,11.76155603150262,100.0,54.562585904471455
2010-06-15 16:00:00,AAPL,7.868,1.0001271132579128,7.73,0.9902638995644376,7.848,0.9991088478676002,7.854,25385752,7.768687499999999,1.001256615354873,7.774382172163376,1.0019905653529722,84.34782608695667,12.115508075052556,95.56962025316422,56.92644623919234
2010-06-15 17:00:00,AAPL,7.864,0.9994916115912557,7.835,1.0135834411384217,7.853,1.0006371049949032,7.851,275212,7.778187499999999,1.0012228577864666,7.781869584338293,1.0016968225763097,80.88888888888887,12.312640939353152,98.73417721518945,61.66092755595212
2010-06-15 18:00:00,AAPL,7.862,0.9997456765005087,7.818,0.9978302488832163,7.837,0.9979625620781867,7.853,550312,7.786937499999999,1.001124940739729,7.787120100115598,1.001148416660771,84.61538461538437,12.317572716833133,88.38709677419313,65.55780830767156
2010-06-15 19:00:00,AAPL,7.847,0.9980920885270924,7.803,0.9980813507290868,7.83,0.9991068010718388,7.839,891688,7.794499999999998,1.0009711776934127,7.7912039001045885,1.0005478919157358,77.4774774774773,12.103204285320565,83.87096774193527,68.86595516420552
2010-06-16 05:00:00,AAPL,7.826,0.9973238180196252,7.792,0.9985902857875176,7.805,0.9968071519795657,7.818,9100,7.801062499999999,1.0008419398293669,7.792517814380342,0.9997456943203982,71.78217821782171,11.727810724424739,64.28571428571392,71.23618253443287
2010-06-16 06:00:00,AAPL,7.819,0.9991055456171736,7.792,1.0,7.805,1.0,7.808,26600,7.806687500000001,1.0007210556254358,7.793706593963166,0.9990570635683494,65.0224215246634,11.188101729125524,62.96296296296262,73.69245825459745
2010-06-16 07:00:00,AAPL,7.868,1.0062667860340198,7.809,1.0021817248459959,7.832,1.0034593209481102,7.838,370440,7.812312499999999,1.0007205360788425,7.797353585014293,0.998804369332613,70.73170731707306,10.605194509312263,82.96296296296262,77.65047008587312
2010-06-16 08:00:00,AAPL,7.86,0.9989832231825114,7.782,0.996542451018056,7.845,1.0016598569969357,7.836,3936996,7.818999999999999,1.000856020544493,7.801891338822456,0.998666059354699,58.33333333333328,9.917192261210676,92.59259259259213,81.49241967435046
2010-06-16 09:00:00,AAPL,7.989,1.0164122137404579,7.826,1.0056540735029555,7.966,1.015423836838751,7.845,123430496,7.834374999999999,1.0019663639851644,7.817520735125079,0.9998108115008415,63.81578947368406,9.737550019796192,100.0,84.57401689657267
2010-06-16 10:00:00,AAPL,7.991,1.000250344223307,7.921,1.0121390237669308,7.98,1.0017574692442883,7.969,107479624,7.8451249999999995,1.0013721579577184,7.832994950827453,0.9998238469344974,79.85347985347974,9.69141838218784,100.0,87.82922522990596
2010-06-16 11:00:00,AAPL,8.049,1.0072581654361157,7.952,1.0039136472667591,8.035,1.0068922305764412,7.983,133483224,7.859624999999999,1.001848281576138,7.8522335269391235,1.0009061075431078,80.49645390070913,9.935167615630176,100.0,91.86568356323929
2010-06-16 12:00:00,AAPL,8.068,1.0023605416821966,8.0,1.0060362173038229,8.033,0.9997510889856875,8.038,90138076,7.874,1.0018289676670324,7.86944938151635,1.0012499809490085,82.75862068965507,10.515363429283823,99.1304347826084,92.0343882733842
2010-06-16 13:00:00,AAPL,8.068,1.0,8.007,1.000875,8.055,1.0027387028507406,8.036,58700404,7.8894375,1.0019605664211328,7.8871208689909835,1.0016663536945623,82.24299065420534,11.313973143899744,100.0,92.46841605116197
2010-06-16 14:00:00,AAPL,8.106,1.0047099652949927,8.034,1.0033720494567255,8.088,1.0040968342644319,8.058,90529908,7.905812499999998,1.00207555988624,7.906252214801366,1.002131294506277,81.84713375796149,12.329310446845668,100.0,92.69425164285119
2010-06-16 15:00:00,AAPL,8.1,0.9992598075499629,8.025,0.9988797610156833,8.081,0.9991345202769536,8.09,155560664,7.92175,1.0020159218296667,7.92289486101076,1.002160734397731,85.29411764705864,13.41082272513107,97.52650176678456,92.55683507433925
2010-06-16 16:00:00,AAPL,8.106,1.0007407407407407,7.871,0.980809968847352,8.087,1.0007424823660438,8.084,8639232,7.936249999999999,1.0018304036355603,7.938523921866878,1.0021174515563958,83.33333333333324,13.928819400633333,99.64664310954083,92.5372041359804
2010-06-16 17:00:00,AAPL,8.1,0.9992598075499629,8.067,1.0249015372887815,8.087,1.0,8.089,359716,7.9511875000000005,1.0018821861710507,7.952664500736699,1.0020682943123893,87.65060240963848,14.302540031694841,99.64664310954083,92.51757319762156
2010-06-16 18:00:00,AAPL,8.099,0.9998765432098766,8.061,0.9992562290814428,8.084,0.999629034252504,8.09,708932,7.965625,1.0018157665128635,7.96517264352368,1.0017588748251351,89.53846153846136,14.541123217325868,98.58657243816269,92.43904944418615
2010-06-16 19:00:00,AAPL,8.1,1.0001234720335843,8.067,1.0007443245254932,8.087,1.0003711034141514,8.087,443184,7.981250000000001,1.001961553550412,7.976775248902377,1.0013997958606358,96.0396039603959,14.7351754354301,99.64664310954083,92.66555071398483
2010-06-17 04:00:00,AAPL,8.12,1.002469135802469,8.096,1.0035948927730258,8.109,1.0027204154816372,8.112,2800,7.9986875,1.0021848081440876,7.9893680823402455,1.0010171442243063,96.07843137254888,14.991821662439602,100.0,92.73587420202986
2010-06-17 05:00:00,AAPL,8.142,1.0027093596059113,8.118,1.002717391304348,8.131,1.0027130348994944,8.134,8400,8.0190625,1.002547292915244,8.00285683640308,1.0005212525683844,96.01328903654472,15.38055799548085,100.0,93.3810354923525
2010-06-17 07:00:00,AAPL,8.164,1.002702038811103,8.105,0.9983986203498398,8.139,1.000983888820563,8.121,1102444,8.0399375,1.0026031721289117,8.015822851983739,0.9995960066383992,96.12903225806438,15.86869788682826,100.0,94.27709284002273
2010-06-17 08:00:00,AAPL,8.179,1.0018373346398826,8.067,0.995311536088834,8.159,1.0024573043371423,8.142,8336132,8.060375,1.002541997372492,8.02945877084243,0.9986966653462703,93.90862944162414,16.22229864193525,100.0,96.26121982414975
2010-06-17 09:00:00,AAPL,8.247,1.0083139748135468,8.141,1.0091731746622041,8.235,1.0093148670180168,8.162,189468300,8.08475,1.003024052851139,8.049034126000294,0.9985930091342268,94.08866995073873,16.70270315141235,100.0,98.31883299287405
2010-06-17 10:00:00,AAPL,8.262,1.001818843215715,8.135,0.9992629898046923,8.193,0.9948998178506375,8.237,231301112,8.098937500000002,1.0017548470886548,8.062745161619313,0.9972782289643234,94.64285714285694,17.00887779420543,83.52941176470588,98.35030237074868
2010-06-17 11:00:00,AAPL,8.232,0.9963689179375452,8.151,1.0019668100799017,8.213,1.0024411082631515,8.196,90881308,8.1135,1.001798075364824,8.077055146226998,0.9972981204296238,80.3030303030304,17.17054314611627,89.10891089108898,98.15676449844294
2010-06-17 12:00:00,AAPL,8.229,0.9996355685131195,8.165,1.001717580664949,8.193,0.9975648362352368,8.216,49349524,8.123375000000001,1.0012171072903187,8.088097513252999,0.9968691086772661,80.15267175572524,17.087064137802805,79.20792079207929,97.00164898689178
2010-06-17 13:00:00,AAPL,8.241,1.001458257382428,8.168,1.0003674219228413,8.227,1.0041498840473575,8.195,50590484,8.135499999999999,1.00149260621355,8.101326321514618,0.9972857736488364,71.08433734939779,16.79174945817731,95.55555555555604,96.7547354066449
2010-06-17 14:00:00,AAPL,8.245,1.0004853779881082,8.175,1.000857002938296,8.212,0.9981767351403913,8.231,72192484,8.1453125,1.0012061336119478,8.11186667184656,0.997095036795103,76.449275362319,16.339774292048094,85.06493506493526,95.92500957691908
2010-06-17 15:00:00,AAPL,8.239,0.9992722862340815,8.147,0.9965749235474005,8.218,1.0007306380905991,8.214,153318200,8.1534375,1.000997506234414,8.121974607861173,0.997134807026885,71.9298245614035,15.584319374810342,88.9610389610393,95.36004314238747
2010-06-17 16:00:00,AAPL,8.236,0.999635878140551,8.161,1.0017184239597396,8.222,1.0004867364322219,8.222,11828320,8.16225,1.001080832470967,8.131500835683918,0.9973095195350326,72.50859106529211,14.622688846491585,91.39072847682125,94.88175027998867
2010-06-17 17:00:00,AAPL,8.236,1.0,8.207,1.0056365641465508,8.222,1.0,8.225,419776,8.1706875,1.0010337223192134,8.14011980371402,0.9972887137387387,73.63013698630137,13.980275925729075,91.39072847682125,94.40345741758985
2010-06-17 18:00:00,AAPL,8.242,1.0007285089849443,8.205,0.9997563055927866,8.229,1.000851374361469,8.223,1446144,8.1795625,1.0010861999066785,8.148584584312685,0.9972948523992241,73.35640138408303,13.624820921797301,96.02649006622501,94.32012343422542
2010-06-17 19:00:00,AAPL,8.245,1.0003639893229797,8.213,1.0009750152346129,8.226,0.9996354356543932,8.232,459536,8.1884375,1.0010850213565823,8.15595748104481,0.9971141465139255,71.89781021897804,13.546543444557178,93.91891891891987,94.00191653474648
2010-06-18 04:00:00,AAPL,8.206,0.9952698605215282,8.165,0.9941556069645684,8.184,0.9948942377826402,8.197,28112,8.1945,1.0007403732397055,8.15862819713578,0.9963595859571232,68.62745098039248,13.512524181437945,59.52380952380922,91.77287022442806
2010-06-18 05:00:00,AAPL,8.218,1.0014623446258835,8.171,1.000734843845683,8.206,1.0026881720430108,8.192,30408,8.200562499999998,1.0007398254927085,8.163139797408563,0.9961730181717693,57.785467128027676,13.490822144600735,72.11538461538449,90.30224867871816
2010-06-18 06:00:00,AAPL,8.23,1.001460209296666,8.206,1.0042834414392363,8.219,1.0015842066780405,8.221,8400,8.2060625,1.0006706856999141,8.168459816702986,0.9960853071606963,58.07560137457028,13.448190055345897,83.33333333333333,89.39595369115108
2010-06-18 07:00:00,AAPL,8.288,1.0070473876063184,8.211,1.000609310260785,8.261,1.0051101107190656,8.227,1840356,8.213687499999999,1.000929191070626,8.177273167493178,0.9964916995810327,46.49122807017543,13.557525392831176,100.0,89.39595369115106
2010-06-18 08:00:00,AAPL,8.274,0.9983108108108106,8.213,1.0002435756911459,8.237,0.9970947827139572,8.26,3126900,8.218562499999999,1.0005935214847168,8.182961437255733,0.9962591634093376,64.91228070175433,13.906401621251733,68.83116883116993,87.66435195954938
2010-06-18 09:00:00,AAPL,8.262,0.9985496736765774,8.193,0.9975648362352368,8.222,0.9981789486463517,8.241,189913360,8.217749999999999,0.9999011384290135,8.186679395612328,0.9961205984151522,55.17241379310366,14.137495013982948,49.35064935064971,84.85049914569659
2010-06-18 10:00:00,AAPL,8.323,1.0073832001936578,8.208,1.0018308311973636,8.31,1.0107029919727561,8.225,173071052,8.225062499999998,1.0008898421100665,8.198424215077821,0.9976482875577649,56.387665198237855,14.454801760114506,100.0,84.85049914569659
2010-06-18 11:00:00,AAPL,8.326,1.0003604469542233,8.261,1.0064571150097466,8.283,0.9967509025270757,8.313,92454656,8.2294375,1.0005319108517414,8.206479051737077,0.9977406313614126,64.76868327402136,14.85071735461982,78.57142857142797,83.66002295522037
2010-06-18 12:00:00,AAPL,8.307,0.9977179918328128,8.247,0.998305289916475,8.274,0.9989134371604491,8.285,63422996,8.234499999999999,1.0006151696273287,8.212909618238307,0.9979916146441731,62.11604095563131,15.236522403356057,71.42857142857062,82.9877540476573
2010-06-18 13:00:00,AAPL,8.3,0.9991573371855063,8.25,1.000363768643143,8.271,0.9996374184191446,8.276,41844488,8.23725,1.000333960774789,8.218442035548945,0.9980499162728698,59.45945945945928,15.567681914334848,69.04761904761959,81.87323783413123
2010-06-18 14:00:00,AAPL,8.305,1.0006024096385542,8.256,1.0007272727272727,8.284,1.0015717567404183,8.273,53630360,8.241749999999998,1.0005462988254574,8.224685651210951,0.9984746913364231,58.305084745762926,15.855023660527932,79.36507936507972,81.8819688659646
2010-06-18 15:00:00,AAPL,8.299,0.9992775436484046,8.234,0.9973352713178294,8.286,1.0002414292612263,8.287,123203836,8.246,1.000515667182334,8.230525113000384,0.9986380456820926,60.06493506493526,16.13596234621712,80.95238095238041,81.0706813880104
2010-06-18 16:00:00,AAPL,8.302,1.0003614893360646,8.21,0.9970852562545544,8.287,1.0001206854936038,8.289,34052956,8.2500625,1.0004926631093864,8.235903673667014,0.9987756092247166,59.4059405940595,16.29135165709789,81.74603174603217,80.88629787029356
2010-06-18 17:00:00,AAPL,8.301,0.9998795470970852,8.273,1.0076735688185139,8.288,1.0001206709303727,8.29,333284,8.254187500000002,1.0004999962121501,8.240865228555869,0.9988851876644411,60.132890365448425,16.345967531689183,82.53968253968252,80.52955584688485
2010-06-18 18:00:00,AAPL,8.301,1.0,8.271,0.9997582497280311,8.284,0.9995173745173745,8.293,335412,8.257625,1.0004164552840602,8.24497330202674,0.998883694128191,70.0000000000002,16.29764868812703,79.36507936507972,79.86146422956588
2010-06-18 19:00:00,AAPL,8.298,0.9996385977593061,8.269,0.9997581912707048,8.283,0.9998792853693866,8.287,278348,8.261187500000002,1.000431419445664,8.248594892309907,0.9989064521953838,66.11570247933915,16.146432419141224,78.57142857142797,79.14928090148847
2010-06-18 20:00:00,AAPL,8.3,1.000241021932996,8.27,1.0001209336074495,8.288,1.0006036460219727,8.286,100800,8.267687500000001,1.0007868118233607,8.252347759708963,0.9989299673574726,63.91304347826085,16.182700257234238,78.84615384615381,78.19481777815116
2010-06-21 04:00:00,AAPL,8.438,1.0166265060240964,8.367,1.0117291414752119,8.405,1.0141167953667953,8.423,131600,8.280125,1.0015043505212309,8.266886068308109,0.999903064588267,56.99481865284995,16.846281364213105,100.0,78.53265561598896
2010-06-21 05:00:00,AAPL,8.436,0.9997629770087698,8.375,1.000956137205689,8.405,1.0,8.408,61600,8.29175,1.001403964312133,8.28003977608829,0.999989707412423,79.3706293706291,17.920385734847915,100.0,80.78133286466623
2010-06-21 06:00:00,AAPL,8.435,0.9998814604077763,8.393,1.0021492537313434,8.406,1.0001189767995242,8.422,78372,8.300812500000001,1.00109295383966,8.292035987889404,1.0000344906550973,83.76383763837626,19.09882461040364,100.0,82.33047816381152
2010-06-21 07:00:00,AAPL,8.442,1.0008298755186722,8.385,0.999046824734898,8.405,0.9998810373542706,8.42,854056,8.3113125,1.0012649364143569,8.302794465233271,1.0002387676186242,76.08695652173901,20.31939234150565,99.45652173912977,83.22621085302245
2010-06-21 08:00:00,AAPL,8.422,0.9976308931532812,8.356,0.996541443053071,8.38,0.9970255800118979,8.407,5476268,8.3211875,1.0011881396590492,8.310147373306293,0.9998598143561914,88.60759493670852,21.50256743045261,80.74074074074086,82.15625200528582
2010-06-21 09:00:00,AAPL,8.445,1.0027309427689384,8.367,1.0013164193393969,8.431,1.0060859188544151,8.383,99850044,8.328750000000001,1.0009088246118718,8.321657147277122,1.0000564399344591,80.4597701149431,22.52089839013273,100.0,83.88785373688751
2010-06-21 10:00:00,AAPL,8.447,1.0002368265245707,8.325,0.9949802796701325,8.353,0.9907484284189302,8.434,134383312,8.333124999999999,1.0005252889088996,8.324642180869777,0.9995067904391146,86.03603603603574,23.147580341735168,51.24999999999987,83.99337321740694
2010-06-21 11:00:00,AAPL,8.388,0.9930152716940926,8.307,0.997837837837838,8.335,0.9978450855979889,8.355,83028652,8.3369375,1.000457511437786,8.32562863983456,0.9991004142905047,62.02090592334483,23.441188866176777,40.00000000000045,80.66003988407364
2010-06-21 12:00:00,AAPL,8.357,0.9963042441583213,8.293,0.9983146743710123,8.336,1.000119976004799,8.339,53689636,8.341000000000001,1.0004872892474006,8.326616388421744,0.998762002044725,58.08580858085833,23.398109310588065,35.81081081081145,78.28445000848383
2010-06-21 13:00:00,AAPL,8.362,1.0005983008256552,8.266,0.9967442421319186,8.281,0.9934021113243763,8.339,62178704,8.3408125,0.9999775206809733,8.322271970476816,0.997754702131257,58.08580858085807,22.958133137639766,0.0,74.31619604022991
2010-06-21 14:00:00,AAPL,8.34,0.9973690504663956,8.222,0.9946769900798451,8.248,0.9960149740369519,8.283,89186132,8.338437500000001,0.9997152555581367,8.315198449479023,0.9969290700970707,49.019607843137294,22.12005420888165,0.0,70.48021720425103
2010-06-21 15:00:00,AAPL,8.264,0.9908872901678657,8.112,0.986621260034055,8.174,0.9910281280310378,8.249,226443504,8.331375,0.9991530187759995,8.301750978100069,0.9956003121807974,45.33678756476665,20.60318035314004,0.0,66.07104612841329
2010-06-21 16:00:00,AAPL,8.416,1.0183930300096806,8.15,1.0046844181459567,8.188,1.0017127477367263,8.176,10206280,8.325125,0.9992498237085715,8.290917551614347,0.9951439650255027,38.126361655773366,19.174475624408014,5.447470817121066,61.87632889867665
2010-06-21 17:00:00,AAPL,8.204,0.9748098859315589,8.171,1.0025766871165642,8.192,1.0004885197850513,8.191,533736,8.319375,0.9993093196798848,8.28149683241298,0.9947594579556439,39.31623931623932,17.853650208043085,7.003891050583932,57.72398774892952
2010-06-21 18:00:00,AAPL,8.21,1.000731350560702,8.155,0.9980418553420634,8.198,1.000732421875,8.193,3064152,8.3140625,0.9993614303959131,8.273544753135553,0.9944911430408597,20.0,16.611477059815247,9.338521400778577,53.657256574545976
2010-06-21 19:00:00,AAPL,8.225,1.001827040194884,8.183,1.0034334763948498,8.211,1.0015857526225909,8.199,469616,8.309250000000002,0.9994211614358206,8.267588109979787,0.9944101466617297,21.329639889196727,15.491841381433584,14.396887159533408,50.04791256312674
2010-06-22 04:00:00,AAPL,8.233,1.0009726443768998,8.208,1.0030551142612734,8.221,1.0012178784557302,8.224,2800,8.29775,0.9986160002406954,8.263151147124569,0.9944521042361906,23.860589812332222,14.127733816715553,18.287937743190916,46.69882973933578
2010-06-22 05:00:00,AAPL,8.208,0.996963439815377,8.18,0.9965886939571149,8.194,0.9967157280136237,8.2,30800,8.284562500000002,0.9984107137477028,8.256565323588896,0.9950366453061247,25.916230366491988,12.520334605328062,7.7821011673157106,42.75082681273366
2010-06-22 06:00:00,AAPL,8.214,1.0007309941520468,8.17,0.9987775061124695,8.183,0.9986575543080302,8.2,52192,8.270625,0.9983176540704471,8.249559102294716,0.995774864670852,25.7812499999998,11.345294301806817,3.501945525291966,37.38982378636099
2010-06-22 07:00:00,AAPL,8.235,1.0025566106647186,8.171,1.0001223990208077,8.205,1.0026885005499206,8.188,1279824,8.258125000000001,0.9984886269175547,8.245315378266648,0.9969398175188269,13.953488372093062,10.54518565142221,12.062256809338763,32.50439360910204
2010-06-22 08:00:00,AAPL,8.249,1.0017000607164543,8.183,1.0014686084934525,8.234,1.0035344302254723,8.209,4519088,8.248999999999999,0.998895027624309,8.244237723193635,0.9983183498910023,24.305555555555642,9.925267975532687,23.346303501945748,28.245854914765697
2010-06-22 09:00:00,AAPL,8.321,1.0087283307067523,8.203,1.0024440914090187,8.278,1.0053436968666505,8.237,106581552,8.2394375,0.9988407685780095,8.247453178127575,0.9998124837104589,33.11036789297651,9.313772101514555,58.100558659218336,25.948301410326174
2010-06-22 10:00:00,AAPL,8.294,0.9967551976925851,8.195,0.9990247470437645,8.272,0.9992751872432954,8.282,119180768,8.234375,0.9993855769887204,8.249790970686853,1.0012565749405653,41.520467836257396,8.639492004872984,60.49382716049399,24.823472878090232
2010-06-22 11:00:00,AAPL,8.342,1.0057873161321438,8.216,1.0025625381330079,8.289,1.0020551257253385,8.273,112338492,8.2315,0.9996508538899431,8.253525163954771,1.002325636609308,48.464163822525556,7.75550623445748,70.98765432098743,23.21167589592287
2010-06-22 12:00:00,AAPL,8.328,0.9983217453847997,8.274,1.0070593962999026,8.31,1.0025334781035107,8.294,49469868,8.229875,0.9998025876207252,8.258903719768602,1.0033291283203063,57.40072202166069,6.993670863877842,100.0,25.92000922925621
2010-06-22 13:00:00,AAPL,8.355,1.003242074927954,8.29,1.0019337684312304,8.325,1.0018050541516244,8.313,74344816,8.232625,1.0003341484530446,8.265198603600163,1.0042921190905285,80.35714285714282,6.690143132356475,100.0,29.253342562589516
2010-06-22 14:00:00,AAPL,8.337,0.9978456014362657,8.234,0.9932448733413752,8.262,0.9924324324324326,8.328,107404920,8.233500000000001,1.0001062844475488,8.264893974685862,1.003919645882797,80.4444444444442,6.709671012714252,58.278145695364955,30.5015278339536
2010-06-22 15:00:00,AAPL,8.303,0.9959217944104596,8.217,0.997935389846976,8.268,1.000726216412491,8.266,117003152,8.239375000000003,1.0007135483087388,8.265189786620542,1.0038488840250854,62.32394366197193,7.231958870005746,59.859154929578295,33.82703644115239
2010-06-22 16:00:00,AAPL,8.296,0.9991569312296759,8.224,1.0008518924181575,8.279,1.0013304305757136,8.27,13059004,8.245062500000001,1.00069028294015,8.266505045037633,1.003292730945931,62.32394366197193,7.805802941052534,67.60563380281722,37.582904985753345
2010-06-22 17:00:00,AAPL,8.301,1.0006027000964322,8.259,1.0042558365758756,8.275,0.9995168498610943,8.285,844368,8.250250000000001,1.000629164424163,8.267314088367382,1.0026987774037348,62.05673758865249,8.43231666556365,64.78873239436682,41.182279007662615
2010-06-22 18:00:00,AAPL,8.294,0.9991567281050476,8.256,0.9996367598982927,8.282,1.000845921450151,8.276,693672,8.255500000000001,1.0006363443532014,8.268712746618107,1.002237840867623,59.782608695652286,9.12685475137941,69.71830985915534,44.75288117666452
2010-06-22 19:00:00,AAPL,8.301,1.0008439836026042,8.265,1.0010901162790697,8.29,1.000965950253562,8.284,818412,8.2604375,1.0005980861244017,8.270740104083048,1.001846054640306,67.18749999999994,9.854515058413696,75.35211267605614,48.55000460030187
2010-06-23 04:00:00,AAPL,8.341,1.0048186965425852,8.316,1.0061705989110707,8.329,1.0047044632086854,8.332,2800,8.2671875,1.0008171480021488,8.276288665598948,1.001918925674209,71.14624505928869,10.68729240729155,100.0,53.58675341136971
2010-06-23 05:00:00,AAPL,8.386,1.0053950365663589,8.316,1.0,8.375,1.0055228718933844,8.332,57568,8.278500000000001,1.0013683613683615,8.285689745065715,1.0022380338011827,72.96296296296325,11.816340070097775,100.0,58.34248190250675
2010-06-23 06:00:00,AAPL,8.386,1.0,8.355,1.0046897546897546,8.375,1.0,8.378,22400,8.2905,1.0014495379597752,8.294195483630885,1.0018959332766666,74.56445993031383,13.198225904126678,100.0,62.88204091677393
2010-06-23 07:00:00,AAPL,8.356,0.9964226091104222,8.283,0.9913824057450628,8.326,0.9941492537313433,8.348,1522556,8.2980625,1.0009121886496593,8.297224485189847,1.0008111073143775,69.95884773662569,14.431766092931575,65.24822695035498,66.07460346027611
2010-06-23 08:00:00,AAPL,8.348,0.9990426041168025,8.295,1.0014487504527345,8.318,0.9990391544559211,8.329,4747988,8.3033125,1.000632677808826,8.299203105647958,1.0001374544537303,59.44055944055962,15.498467628218018,49.557522123893264,68.63324660464285
2010-06-23 09:00:00,AAPL,8.334,0.9983229516051748,8.135,0.9807112718505123,8.167,0.9818465977398413,8.321,147055076,8.296375,0.9991644900754968,8.286612333681486,0.997988734457662,55.234657039711216,15.618642333122013,0.0,67.96312122634625
2010-06-23 10:00:00,AAPL,8.207,0.9847612191024719,8.087,0.994099569760295,8.186,1.0023264356556876,8.17,177465288,8.291,0.999352126681834,8.2770302066642,0.997668283637637,32.43243243243219,14.884642497590555,9.134615384615438,67.17358299760568
2010-06-23 11:00:00,AAPL,8.211,1.0004873888144266,8.142,1.0068010387040929,8.173,0.9984119227950159,8.189,64040424,8.28375,0.9991255578337955,8.267122567934276,0.9971200781491105,33.09002433090022,13.39842569518955,2.884615384615491,64.10603059346107
2010-06-23 12:00:00,AAPL,8.249,1.0046279381317744,8.129,0.9984033407025301,8.201,1.0034259145968434,8.176,55410264,8.276937499999999,0.9991776067602233,8.260825180511963,0.9972325553658625,37.67313019390573,12.202724954479766,16.346153846154166,61.65338207599776
2010-06-23 13:00:00,AAPL,8.239,0.9987877318462844,8.159,1.0036904908352813,8.222,1.0025606633337396,8.202,50070552,8.2705,0.9992222364854152,8.257127544272729,0.9976066080325882,41.25326370757176,11.78117251738329,26.442307692307534,59.17864059662665
2010-06-23 14:00:00,AAPL,8.268,1.00351984464134,8.139,0.9975487192057848,8.172,0.9939187545609343,8.224,126704116,8.264875,0.9993198718336255,8.249020159103898,0.9974028364795233,42.74809160305337,11.76743883716286,2.4038461538465277,53.75663204961812
2010-06-23 15:00:00,AAPL,8.244,0.9970972423802611,8.12,0.9976655608797149,8.193,1.0025697503671072,8.176,121417968,8.260187499999999,0.9994328407870656,8.243684905855908,0.9974361264817565,38.26879271070614,12.0713262317017,12.499999999999893,48.895520938507005
2010-06-23 16:00:00,AAPL,8.308,1.007763221737021,8.151,1.003817733990148,8.178,0.9981691688026365,8.194,6856164,8.253874999999999,0.9992357921657348,8.237429200536297,0.9972448204760846,40.176600441501,12.401152147873416,5.288461538462019,45.95164959645683
2010-06-23 17:00:00,AAPL,8.204,0.987481945113144,8.149,0.9997546313335787,8.162,0.9980435314257765,8.183,945448,8.246812499999999,0.9991443412942406,8.230245467151889,0.9971371588680334,37.82608695652185,12.76522827041177,0.0,42.62614098925804
2010-06-23 18:00:00,AAPL,8.204,1.0,8.145,0.99950914222604,8.172,1.001225189904435,8.166,466816,8.2399375,0.9991663445725243,8.22469827980409,0.9973184524086234,30.892448512585645,13.151009011374848,4.694835680751091,39.13109664914326
2010-06-23 19:00:00,AAPL,8.189,0.9981716235982447,8.153,1.0009821976672806,8.167,0.9993881546744982,8.181,296912,8.232249999999999,0.9990670438944469,8.219203205537033,0.9974836830421387,24.688279301745467,13.568769996385083,2.3474178403751287,35.66213472947706
2010-06-24 05:00:00,AAPL,8.174,0.9981682745145927,8.15,0.9996320372868882,8.163,0.9995102240724869,8.166,28000,8.221875,0.9987397127152361,8.213850519295411,0.9977649511731801,24.384236453201765,14.13787229533514,0.46948356807485897,31.814977713305918
2010-06-24 07:00:00,AAPL,8.182,1.000978712992415,8.116,0.9958282208588957,8.138,0.996937400465515,8.171,494424,8.2070625,0.9981984036488025,8.206626660314896,0.998145393880945,27.423822714681222,15.009735080140386,0.0,27.62874923130279
2010-06-24 08:00:00,AAPL,8.231,1.0059887558054266,8.113,0.9996303597831444,8.197,1.0072499385598426,8.14,8137836,8.1959375,0.9986444601829217,8.205709835523,0.9998351828712163,26.190476190476005,15.94766912928562,31.382978723403767,23.816692493714115
2010-06-24 09:00:00,AAPL,8.271,1.0048596768314908,8.14,1.0033279921114262,8.16,0.9954861534707821,8.2,126884576,8.185562500000001,0.9987341289510812,8.201356517854144,1.0006611834038686,55.24475524475521,16.64331423273918,12.222222222222376,18.940149283837584
2010-06-24 10:00:00,AAPL,8.241,0.996372869060573,8.12,0.9975429975429974,8.166,1.000735294117647,8.165,129893820,8.1760625,0.9988394200154234,8.197989230439465,1.001518127854923,45.72368421052628,17.18336758689211,33.33333333333404,15.23644558013392
2010-06-24 11:00:00,AAPL,8.211,0.9963596650891883,8.12,1.0,8.176,1.0012245897624295,8.169,83488776,8.176625,1.0000687983977616,8.195895018016659,1.0024256808233374,48.82154882154886,17.251566136795184,45.23809523809574,14.12477159611952
2010-06-24 12:00:00,AAPL,8.212,1.000121787845573,8.123,1.0003694581280789,8.166,0.9987769080234834,8.179,53223044,8.175375,0.9998471251891827,8.193047873443644,1.0020085149366205,45.51971326164859,16.812279552425768,33.33333333333404,13.223427774421785
2010-06-24 13:00:00,AAPL,8.249,1.0045056015586946,8.135,1.0014772867167303,8.233,1.0082047514082781,8.169,69509804,8.179125,1.0004586945552956,8.196852837877582,1.0026271379450584,39.55223880597013,15.846813779444728,100.0,18.77898332997734
2010-06-24 14:00:00,AAPL,8.245,0.9995150927385136,8.13,0.9993853718500308,8.156,0.9906473946313616,8.236,86052876,8.1763125,0.9996561368117004,8.192962091413051,1.001691756931585,60.70175438596503,14.554517639219995,18.947368421053223,19.324136276446108
2010-06-24 15:00:00,AAPL,8.183,0.9924802910855064,8.093,0.9954489544895448,8.125,0.9961991172143206,8.158,129204152,8.170250000000001,0.9992585288294694,8.186489511278474,1.0012446945097162,44.574780058651136,13.110380057022908,0.0,19.163879866189692
2010-06-24 16:00:00,AAPL,8.186,1.0003666137113527,8.11,1.0021005807487953,8.151,1.0031999999999999,8.127,16997652,8.1689375,0.9998393562008505,8.18310955782338,1.0015739491231455,42.5770308123248,11.575155201887018,24.07407407407377,19.59320876774078
2010-06-24 17:00:00,AAPL,8.183,0.9996335206450037,8.132,1.0027127003699137,8.164,1.0015948963317385,8.151,1787856,8.167124999999999,0.9997781229199022,8.18128959993544,1.0015120815816547,48.501362397820024,10.514746107502944,36.11111111111065,20.130364513229843
2010-06-24 18:00:00,AAPL,8.179,0.9995111817181963,8.12,0.9985243482538121,8.166,1.0002449779519844,8.166,340088,8.166375,0.9999081684191196,8.179833447560636,1.00155604910671,48.9189189189188,9.61819689182883,37.96296296296312,22.105871002625207
2010-06-24 19:00:00,AAPL,8.189,1.0012226433549334,8.15,1.0036945812807883,8.177,1.0013470487386724,8.169,604212,8.1673125,1.000114800018368,8.179563595412004,1.0016149877285825,49.863760217983724,8.906880178496406,48.14814814814754,24.086323677522298
2010-06-25 05:00:00,AAPL,8.147,0.9948711686408597,8.105,0.994478527607362,8.118,0.9927846398434634,8.139,8400,8.1639375,0.9995867673729883,8.173700395848957,1.000782129476368,51.87165775401062,8.198733653155992,0.0,23.792520258718852
2010-06-25 06:00:00,AAPL,8.138,0.9988952988830244,8.089,0.9980259099321407,8.127,1.001108647450111,8.115,49588,8.1614375,0.9996937752156971,8.169252739101438,1.0006510631789425,47.54901960784317,7.43844103742086,7.826086956522021,24.22730286741452
2010-06-25 07:00:00,AAPL,8.198,1.0073728188744164,8.128,1.0048213623439237,8.171,1.0054140519256796,8.159,358456,8.1619375,1.0000612637173292,8.169419144901301,1.0009779704741109,40.22346368715102,6.876925178833141,46.086956521738216,26.526865136358246
2010-06-25 08:00:00,AAPL,8.191,0.9991461332032203,8.114,0.9982775590551182,8.166,0.9993880797943949,8.182,3603852,8.163687499999998,1.000214409875106,8.169093512053559,1.0008767540860928,51.5068493150684,6.525989596225592,41.73913043478257,28.715293613825324
2010-06-25 09:00:00,AAPL,8.188,0.9996337443535588,8.056,0.9928518609810203,8.125,0.9949791819740387,8.17,93551584,8.1591875,0.9994487785084867,8.16489412995322,1.0001478045250043,50.0,5.953608647491384,6.086956521738835,29.027375444584436
2010-06-25 10:00:00,AAPL,8.166,0.9973131411822178,8.03,0.9967725918570011,8.05,0.9907692307692308,8.13,115207820,8.1523125,0.9991573915907682,8.153951831862438,0.9993583101089952,43.544303797468295,5.541331464828619,0.0,29.027375444584436
2010-06-25 11:00:00,AAPL,8.102,0.9921626255204506,8.024,0.999252801992528,8.072,1.0027329192546581,8.055,58937508,8.1464375,0.9992793455844582,8.146146895494587,0.999243698704458,37.39130434782606,5.560232504916095,12.021857923496441,27.951757622367367
2010-06-25 12:00:00,AAPL,8.117,1.0018513947173537,8.049,1.0031156530408774,8.075,1.0003716551040633,8.075,43148252,8.140125,0.9992251214104325,8.139371000685578,0.9991325656994949,30.60240963855385,5.859256427607322,13.661202185791586,28.031700953676765
2010-06-25 13:00:00,AAPL,8.141,1.002956757422693,8.059,1.0012423903590508,8.093,1.0022291021671828,8.079,57492652,8.135562499999999,0.9994395049216074,8.134954714906,0.9993648395947237,38.12316715542487,6.277399761379285,23.497267759562458,27.48525286624501
2010-06-25 14:00:00,AAPL,8.129,0.9985259796093845,8.061,1.0002481697481078,8.087,0.9992586185592487,8.096,42686728,8.1264375,0.9988783811813874,8.130387599200667,0.9993639160415358,45.121951219512134,6.940387157798806,29.13385826771603,26.590573034557252
2010-06-25 15:00:00,AAPL,8.117,0.9985238036658878,8.029,0.99603026919737,8.042,0.9944355137875603,8.09,87312736,8.1193125,0.9991232320435615,8.121969732610127,0.9994502182057178,39.610389610389475,7.879431981337846,0.0,24.738721182705362
2010-06-25 16:00:00,AAPL,8.103,0.9982752248367622,8.014,0.9981317723253207,8.043,1.000124347177319,8.045,37911048,8.114187500000002,0.9993687889214761,8.114448805694877,0.9994009721506443,32.05882352941158,8.949437335697407,0.7407407407403314,19.22431789052427
2010-06-25 17:00:00,AAPL,8.102,0.9998765889176848,8.025,1.0013725979535815,8.056,1.0016163123212731,8.06,1819972,8.108250000000002,0.9992682569881458,8.108882252771556,0.9993461764066401,31.858407079645588,10.123429825882383,10.370370370369903,18.74781799881964
2010-06-25 18:00:00,AAPL,8.074,0.9965440631942729,8.028,1.000373831775701,8.06,1.0004965243296924,8.058,388332,8.10175,0.9991983473622542,8.104226800126646,0.9995038140322072,32.25806451612874,11.36490945743122,13.33333333333386,19.488558739560414
2010-06-25 19:00:00,AAPL,8.072,0.9997522913054248,8.042,1.0017438963627303,8.059,0.9998759305210917,8.063,274176,8.095062500000001,0.9991745610516248,8.09991948582887,0.9997740594104818,39.86013986013982,12.606671951925202,12.592592592592213,18.850698657255876
2010-06-28 04:00:00,AAPL,8.108,1.0044598612487614,8.054,1.0014921661278289,8.087,1.003474376473508,8.069,8400,8.0894375,0.9993051319863188,8.098689058607073,1.0004479963690303,37.76978417266156,13.706091327506225,34.88372093023262,18.782510313873765
2010-06-28 05:00:00,AAPL,8.102,0.9992599901332018,8.078,1.0029798857710452,8.09,1.000370965747496,8.093,32760,8.087687500000001,0.9997836685183612,8.097861529215923,1.0010413615552283,33.96946564885506,14.537083219178513,37.209302325581554,18.74064027846368
2010-06-28 06:00:00,AAPL,8.129,1.0033325104912367,8.096,1.0022282743253281,8.108,1.0022249690976515,8.12,21392,8.086500000000001,0.9998531718739132,8.098827097862026,1.0013773526563712,35.38461538461537,14.959015835617034,51.162790697675156,18.9081204201041
2010-06-28 07:00:00,AAPL,8.111,0.9977857054988315,8.046,0.9938241106719367,8.086,0.9972866304884065,8.098,186536,8.081187500000002,0.9993430408705869,8.097605469494214,1.0013733345074152,46.41350210970478,15.514087693924552,35.48387096774216,20.879446584978666
2010-06-28 08:00:00,AAPL,8.106,0.9993835531993588,8.031,0.9981357196122298,8.054,0.9960425426663368,8.089,4956924,8.0741875,0.9991337906712348,8.093452567637621,1.0015177308579486,59.78260869565191,16.172218875925648,14.45783132530172,21.247876827688646
2010-06-28 09:00:00,AAPL,8.142,1.004441154700222,8.017,0.9982567550740877,8.094,1.0049664762850756,8.059,107753072,8.07225,0.9997600377746987,8.093504704053085,1.0023924641399626,45.360824742268434,16.572726088765236,78.78787878787732,23.064594731363044
2010-06-28 10:00:00,AAPL,8.106,0.9955784819454679,7.985,0.9960084819758015,8.072,0.9972819372374598,8.097,121567432,8.073625,1.0001703366471553,8.09145663700041,1.0023793411998403,54.11255411255407,16.78437728610217,45.45454545454399,23.27100667690534
2010-06-28 11:00:00,AAPL,8.132,1.003207500616827,8.056,1.0088916718847838,8.094,1.002725470763132,8.076,69130712,8.075000000000001,1.0001703076375237,8.091698862047991,1.0022386303609583,45.531914893616914,16.6921518843862,78.78787878787732,27.309946802801925
2010-06-28 12:00:00,AAPL,8.126,0.999262174126906,8.07,1.0017378351539228,8.103,1.0011119347664938,8.097,40543580,8.07675,1.0002167182662538,8.092775160900564,1.002201258315859,51.394422310756894,16.43796991353177,92.42424242424133,32.444626937482
2010-06-28 13:00:00,AAPL,8.117,0.9988924440068916,8.047,0.9971499380421314,8.094,0.9988893002591632,8.107,43197000,8.076812499999999,1.0000077382610577,8.092891812243368,1.001998552913408,64.18604651162767,16.263647364441233,78.78787878787732,36.15385031883649
2010-06-28 14:00:00,AAPL,8.144,1.0033263521005296,8.068,1.0026096681993288,8.117,1.0028416110699285,8.097,68001808,8.0786875,1.0002321460353327,8.095187830124951,1.0022750720194324,61.434977578475156,16.020165415180035,100.0,40.950450197403626
2010-06-28 15:00:00,AAPL,8.167,1.0028241650294696,8.095,1.0033465542885476,8.112,0.9993840088702721,8.119,116513684,8.083062499999999,1.0005415483641371,8.09678898916067,1.002240647278493,63.09012875536485,15.495377487290359,93.24324324324233,44.825226613163615
2010-06-28 16:00:00,AAPL,8.157,0.9987755601812172,8.062,0.9959234095120443,8.108,0.9995069033530573,8.114,8626604,8.087124999999999,1.0005025941590826,8.097856704478701,1.0018302721868972,61.11111111111077,14.829198632965497,85.71428571428531,47.96858369352858
2010-06-28 17:00:00,AAPL,8.132,0.9969351477258795,8.023,0.9951624906970975,8.11,1.0002466699555992,8.111,612780,8.090499999999999,1.000417330015302,8.099013208814062,1.0014700167011223,60.33755274261614,14.214335186316553,88.8888888888867,52.90685529846673
2010-06-28 18:00:00,AAPL,8.13,0.9997540580423021,8.096,1.0090988408326063,8.116,1.0007398273736128,8.114,259084,8.094,1.0004326061430073,8.100630998450818,1.0012522091898917,55.45023696682452,13.648830804083339,98.41269841269649,58.33307516913096
2010-06-28 19:00:00,AAPL,8.141,1.0013530135301352,8.099,1.0003705533596838,8.124,1.0009857072449484,8.115,284592,8.0980625,1.0005019149987644,8.102856617645978,1.0010942201193451,56.07476635514008,13.081762553972876,100.0,63.312499037443736
2010-06-29 04:00:00,AAPL,8.087,0.9933669082422306,8.033,0.99185084578343,8.045,0.9902757262432299,8.078,8400,8.0954375,0.9996758483896611,8.097346463584456,0.9999115792925106,53.92156862745094,12.914296131491382,0.0,62.571758296702974
2010-06-29 05:00:00,AAPL,8.056,0.9961666872758748,8.029,0.9995020540271381,8.045,1.0,8.045,11200,8.092625,0.9996525820871325,8.092361086100222,0.9996199817613592,42.145593869731805,13.059197160884128,0.0,61.87216981933674
2010-06-29 06:00:00,AAPL,8.069,1.0016137040714996,8.041,1.0014945821397434,8.054,1.0011187072715972,8.059,19600,8.08925,0.9995829536151742,8.088707649328773,0.9995159357228061,48.03493449781654,13.49523351419995,11.39240506329148,60.56709671561779
2010-06-29 07:00:00,AAPL,8.065,0.9995042756227536,8.003,0.9952742196244247,8.03,0.9970201142289544,8.057,493052,8.085749999999999,0.9995673270080662,8.083116444630795,0.9992417646420614,39.89898989899032,14.107379513566318,0.0,58.49991325308549
2010-06-29 08:00:00,AAPL,8.05,0.9981401115933045,7.966,0.9953767337248531,8.001,0.9963885429638855,8.032,5366340,8.0824375,0.999590328664626,8.075295830856433,0.9987070872654279,39.500000000000284,14.908578172707367,0.0,55.65753599210353
2010-06-29 09:00:00,AAPL,8.025,0.9968944099378881,7.788,0.9776550338940497,7.84,0.9798775153105862,8.004,195640956,8.0665625,0.9980358647994495,8.052886704108202,0.9963438262415518,27.536231884058438,16.434099010400942,0.0,53.686209827228964
2010-06-29 10:00:00,AAPL,7.855,0.9788161993769471,7.704,0.9892141756548536,7.783,0.9927295918367347,7.842,243440932,8.0485,0.9977608181923838,8.02718320847885,0.9951182066064509,13.370473537604838,18.5494248741174,0.0,52.88299697582331
2010-06-29 11:00:00,AAPL,7.833,0.997199236155315,7.752,1.0062305295950156,7.769,0.9982012077605036,7.786,105302596,8.028187500000001,0.9974762378082873,8.002594331480864,0.994296369693839,11.793611793612158,21.139418729443765,0.0,48.50589259871901
2010-06-29 12:00:00,AAPL,7.815,0.9977020298736117,7.741,0.9985810113519091,7.76,0.9988415497490024,7.772,70112700,8.00675,0.9973297210609492,7.979490109435067,0.9939341986513227,6.2814070351759455,24.033260671443628,0.0,45.98064007346657
2010-06-29 13:00:00,AAPL,7.799,0.9979526551503519,7.726,0.9980622658571244,7.777,1.0021907216494845,7.766,75548060,7.986937500000002,0.9975255253379962,7.960205337107919,0.994186822007421,6.218905472636891,27.074725853133707,4.670329670329756,41.862998455825036
2010-06-29 14:00:00,AAPL,7.887,1.0112834978843441,7.727,1.000129433083096,7.796,1.0024431014530024,7.779,168837424,7.966875000000002,0.9974880860154471,7.944566733573831,0.9946949921135391,10.12048192771097,29.90134629427131,9.89010989011,37.27776887059552
2010-06-29 15:00:00,AAPL,7.841,0.99416761759858,7.676,0.9933997670506017,7.748,0.9938429964084146,7.798,241050712,7.944125000000002,0.9971444261394838,7.925846092281085,0.994850062575487,13.65740740740776,32.67294529876831,0.0,32.900664493491234
2010-06-29 16:00:00,AAPL,7.994,1.0195128172426986,7.715,1.0050807712350183,7.741,0.9990965410428497,7.75,22186612,7.921187500000002,0.9971126461378691,7.908241702540029,0.9954830396727175,11.181434599156418,34.703391751716644,0.0,27.345108937935674
2010-06-29 17:00:00,AAPL,7.765,0.9713535151363523,7.721,1.0007777057679845,7.748,1.000904275933342,7.744,789880,7.898562500000002,0.9971437363400374,7.892980588012407,0.9964390551306108,9.513742071881737,36.11760448617948,1.8276762402090196,22.266466326656044
2010-06-29 18:00:00,AAPL,7.758,0.9990985189954926,7.729,1.0010361352156456,7.747,0.9998709344346928,7.748,337456,7.8755000000000015,0.9970801649034238,7.879077674868369,0.9975331175601088,12.967581047381813,37.05805898087789,1.5665796344648077,17.591593766666016
2010-06-29 19:00:00,AAPL,7.762,1.0005155968032997,7.724,0.9993530857808255,7.744,0.9996127533238673,7.75,705180,7.851750000000001,0.996984318455971,7.866213134404714,0.9988207903504175,12.935323383084835,37.663691749146224,0.9584664536741558,12.706570298043097
2010-06-30 04:00:00,AAPL,7.811,1.0063128059778408,7.787,1.0081563956499222,7.8,1.0072314049586777,7.803,2800,7.836437500000001,0.9980497978157735,7.859907121604265,1.0010388921710782,10.858585858586054,37.770975334221994,18.84984025559107,8.286411511537237
2010-06-30 05:00:00,AAPL,7.841,1.003840737421585,7.757,0.9961474251958392,7.83,1.0038461538461538,7.772,50540,7.823,0.9982852539817998,7.857058824308621,1.0026314666975422,23.130841121495493,37.453275802249586,28.434504792332344,4.310550666666813
2010-06-30 06:00:00,AAPL,7.841,1.0,7.798,1.0052855485368055,7.81,0.9974457215836525,7.832,46956,7.80775,0.9980506199667647,7.852577031517323,1.003780778667688,30.069930069930237,36.86527721962792,23.875432525951563,5.636963584775234
2010-06-30 07:00:00,AAPL,7.855,1.0017854865450835,7.784,0.9982046678635548,7.796,0.9982074263764406,7.813,708204,7.793125000000001,0.998126861131568,7.847188742801388,1.0050512302265553,44.79166666666668,36.01444841680952,21.153846153846402,6.812177259988923
2010-06-30 08:00:00,AAPL,7.823,0.9959261616804583,7.735,0.9937050359712231,7.753,0.9944843509492047,7.803,5348588,7.7776250000000005,0.9980110674472692,7.838218386344113,1.0057863034846883,52.65306122448975,34.99857415479588,12.121212121212556,6.852666540984537
2010-06-30 09:00:00,AAPL,7.792,0.9960373258340789,7.676,0.9923723335488042,7.726,0.9965174771056365,7.756,144518220,7.7705,0.9990839105768149,7.827530920978006,1.0064166015947036,47.08029197080295,33.695318929542516,0.0,6.852666540984537
2010-06-30 10:00:00,AAPL,7.81,1.0023100616016427,7.694,1.0023449713392392,7.711,0.9980585037535594,7.728,137458832,7.766,0.9994208866868284,7.8164327380277205,1.0059111689116171,44.17808219178091,32.00060219235499,0.0,6.852666540984537
2010-06-30 11:00:00,AAPL,7.796,0.9982074263764406,7.695,1.0001299714062906,7.764,1.0068732978861368,7.714,72301012,7.7656875,0.9999597604944631,7.811439143929842,1.0058510357880301,38.62068965517251,30.01020251232023,44.537815126050454,9.326989603542895
2010-06-30 12:00:00,AAPL,7.801,1.0006413545407902,7.728,1.0042884990253411,7.757,0.9990984028851106,7.766,44914044,7.7655,0.999975855325108,7.806254463555572,1.0052238727808158,45.06172839506175,27.772875154997436,38.6554621848735,11.474515280480311
2010-06-30 13:00:00,AAPL,7.781,0.9974362261248557,7.717,0.9985766045548654,7.735,0.9971638520046411,7.759,42270984,7.762875,0.999661966389801,7.799468324169326,1.0043742610481392,51.59010600706703,25.355264000054692,20.168067226890813,12.594963459752023
2010-06-30 14:00:00,AAPL,7.76,0.9973011181082123,7.691,0.9966308150835818,7.715,0.9974143503555267,7.738,63232848,7.7578125,0.9993478575914206,7.791423721867485,1.0036775964919549,48.99328859060414,23.077796521004817,3.3613445378147624,12.781704822963954
2010-06-30 15:00:00,AAPL,7.78,1.0025773195876289,7.547,0.9812768170589,7.605,0.9857420609202853,7.718,187289872,7.748875,0.9988479355488419,7.773669081689629,1.0020439501070217,44.69453376205783,21.084048731019614,0.0,12.52224206350119
2010-06-30 16:00:00,AAPL,7.78,1.0,7.574,1.0035775804955611,7.602,0.9996055226824457,7.606,28995652,7.740187500000001,0.9988788695133166,7.757319645338236,1.0010897898518476,33.09523809523816,19.70743557386072,0.0,11.972791514050634
2010-06-30 17:00:00,AAPL,7.743,0.9952442159383034,7.581,1.000924214417745,7.601,0.9998684556695606,7.735,1602888,7.731000000000001,0.998813013250648,7.7424320600679275,1.0002899878159188,33.09523809523816,18.849190900563574,0.0,11.972791514050634
2010-06-30 18:00:00,AAPL,7.613,0.9832106418700762,7.582,1.0001319087191662,7.598,0.9996053150901197,7.601,383488,7.721687500000001,0.9987954339671452,7.728676625775744,0.9996994730016484,22.739726027397296,18.42225773089321,0.0,11.972791514050634
2010-06-30 19:00:00,AAPL,7.622,1.0011821883620122,7.584,1.000263782643102,7.61,1.0015793629902607,7.604,642068,7.713312500000001,0.9989153925226837,7.717374089987578,0.9994413902385427,15.680473372781037,18.325945601033002,5.172413793103639,12.158610266989227
2010-06-30 20:00:00,AAPL,7.778,1.0204670690107582,7.755,1.0225474683544304,7.767,1.0206307490144546,7.77,2800,7.711250000000001,0.9997326051550485,7.722100367131618,1.0011393116941154,19.696969696969802,18.18766248545861,72.84482758620705,16.11851293097491
2010-07-01 04:00:00,AAPL,7.672,0.9863718179480586,7.607,0.9809155383623469,7.661,0.9863525170593536,7.621,36400,7.7006875,0.9986302480142648,7.716281284547654,1.0006524603076874,46.93446088794927,18.335377006863652,29.716981132075375,17.716208190886086
2010-07-01 05:00:00,AAPL,7.674,1.0002606882168927,7.634,1.0035493624293415,7.646,0.9980420310664404,7.666,12208,7.6904375,0.99866895001258,7.709587828876449,1.0011557836721006,41.417910447761166,18.688970533790787,24.242424242424214,18.015796190154592
2010-07-01 06:00:00,AAPL,7.721,1.006124576492051,7.659,1.0032748231595494,7.71,1.0083703897462726,7.679,69160,7.6850625,0.9993010800750932,7.709627083269168,1.0024952524832518,42.36641221374046,19.073874791019374,66.2721893491123,20.117889776642368
2010-07-01 07:00:00,AAPL,7.714,0.9990933816863101,7.599,0.9921660791226009,7.647,0.9918287937743191,7.706,1040872,7.6784375,0.9991379380453965,7.703662599148295,1.002420292502279,49.91273996509596,19.494628715038637,28.994082840236825,20.402259238547103
2010-07-01 08:00:00,AAPL,7.687,0.9964998703655691,7.592,0.9990788261613369,7.676,1.0037923368641297,7.646,9317980,7.6753125,0.9995930161572586,7.701028065896076,1.0029420785017884,39.96569468267584,19.846044015076558,46.153846153846196,21.79114812743598
2010-07-01 09:00:00,AAPL,7.732,1.005854039287108,7.55,0.9944678609062171,7.579,0.987363210005211,7.679,152616324,7.667062499999999,0.9989251251984852,7.689406345334546,1.0018362568735208,43.305785123966984,20.13793594806045,0.0,21.117747454035285
2010-07-01 10:00:00,AAPL,7.592,0.9818934299017071,7.342,0.9724503311258278,7.425,0.9796806966618288,7.582,280239596,7.645874999999999,0.9972365557213079,7.664224788636018,0.9996298828444425,38.52941176470587,20.71524843767773,0.0,21.117747454035285
2010-07-01 11:00:00,AAPL,7.544,0.9936775553213909,7.386,1.0059929174611824,7.509,1.0113131313131314,7.427,152608988,7.630375,0.9979727630912094,7.649441475432588,1.00046645746008,32.1867321867322,21.49286029590879,24.561403508772045,22.48226987118929
2010-07-01 12:00:00,AAPL,7.583,1.00516967126193,7.454,1.0092066070945032,7.521,1.0015980823012385,7.511,96490324,7.617,0.9982471372638959,7.637208953962817,1.0008956249152654,43.90862944162438,22.286537800169725,28.070175438596472,21.567400999664066
2010-07-01 13:00:00,AAPL,7.552,0.9959119082157457,7.478,1.0032197477864233,7.531,1.0013296104241456,7.519,78310008,7.6055,0.9984902192464225,7.627093815490167,1.0013251694223668,44.91844416562106,23.040650399243013,30.99415204678354,21.141772658659068
2010-07-01 14:00:00,AAPL,7.576,1.0031779661016949,7.433,0.9939823482214496,7.497,0.9954853273137698,7.532,98996492,7.59875,0.9991124843862994,7.614703928300628,1.0012101674183982,45.657568238213386,23.613749199553013,21.052631578947356,21.19091512266221
2010-07-01 15:00:00,AAPL,7.549,0.9964361140443507,7.45,1.002287098076147,7.512,1.002000800320128,7.5,128340352,7.593125,0.99925974666886,7.604922601795806,1.0008123180517594,43.96654719235365,24.0398704125205,25.438596491227955,22.417429120074054
2010-07-01 16:00:00,AAPL,7.698,1.019737713604451,7.477,1.0036241610738255,7.498,0.9981363152289671,7.515,16200772,7.586687500000001,0.9991521935961809,7.594739496862872,1.0002126261404722,44.16666666666662,24.018276206097816,21.345029239766166,23.60326407783884
2010-07-01 17:00:00,AAPL,7.615,0.9892179786957651,7.487,1.0013374348000534,7.514,1.0021339023739664,7.607,445872,7.581437500000001,0.9993079983853296,7.58705002097117,1.0000477838280764,30.703012912482038,23.668544153925307,26.023391812865576,25.049008067442482
2010-07-01 18:00:00,AAPL,7.532,0.9891004596191727,7.499,1.0016027781487913,7.522,1.0010646792653712,7.514,293692,7.575937500000001,0.999274543910703,7.580854780878678,0.999923138702743,37.891268533772674,23.100326829866713,28.362573099415282,26.624706572965554
2010-07-01 19:00:00,AAPL,7.545,1.0017259691980882,7.506,1.0009334577943727,7.52,0.9997341132677479,7.525,422044,7.5605,0.997962298395413,7.5750590874616615,0.999884052298697,39.66666666666667,22.656758925008216,33.33333333333323,28.4765584248174
2010-07-02 04:00:00,AAPL,7.554,1.001192842942346,7.531,1.0033306687982946,7.543,1.0030585106382979,7.546,2800,7.5531250000000005,0.9990245354143245,7.5720058410367415,1.0015218359945428,32.34200743494418,22.0970271866666,41.40350877192992,30.489397034752187
2010-07-02 05:00:00,AAPL,7.608,1.0071485305798251,7.578,1.0062408710662596,7.598,1.0072915285695345,7.593,5600,7.550125,0.9996028134050475,7.574481475223719,1.0028275018914314,39.558232931726906,21.344876688870933,60.7017543859649,29.814781856960963
2010-07-02 06:00:00,AAPL,7.611,1.0003943217665616,7.555,0.9969648983900765,7.573,0.9967096604369572,7.6,51800,7.5415624999999995,0.9988659128160129,7.5743403823452695,1.003207282309269,42.55725190839692,20.569814193205744,58.964143426294974,31.43962420663983
2010-07-02 07:00:00,AAPL,7.575,0.9952700039416634,7.516,0.9948378557246856,7.547,0.9965667502971081,7.568,532084,7.5353125,0.9991712592715369,7.5717365364076255,1.0040010324661004,49.33628318584078,19.753413178412703,48.60557768924292,32.79313273146309
2010-07-02 08:00:00,AAPL,7.595,1.0026402640264025,7.48,0.9952102182011708,7.52,0.9964224195044389,7.553,8145816,7.5255625,0.998706092149463,7.566809247225947,1.0041798860002087,68.82716049382715,18.917854651716425,54.913294797687705,32.162083034161725
2010-07-02 09:00:00,AAPL,7.597,1.0002633311389073,7.494,1.0018716577540105,7.536,1.0021276595744681,7.523,122574228,7.522875,0.9996428838375868,7.563875033204429,1.0050909859833639,52.05992509363281,18.097704181861012,64.16184971098251,34.11584786031427
2010-07-02 10:00:00,AAPL,7.552,0.9940766091878372,7.448,0.9938617560715239,7.463,0.9903131634819533,7.539,88369792,7.525249999999999,1.0003157037701675,7.55426788718496,1.0041729906697852,52.767527675276696,17.02846174142406,0.0,31.551745296211696
2010-07-02 11:00:00,AAPL,7.49,0.9917902542372882,7.398,0.9932867883995703,7.426,0.9950422082272544,7.465,77377916,7.5200625,0.9993106541310921,7.542051897929249,1.0022327361787648,39.82035928143716,15.845524662516812,0.0,31.551745296211696
2010-07-02 12:00:00,AAPL,7.459,0.9958611481975967,7.37,0.9962151932954854,7.387,0.9947481820630217,7.431,76258224,7.511687499999999,0.998886312447536,7.527285050507416,1.0009604375638388,39.46587537091991,14.712633034276367,0.0,31.551745296211696
2010-07-02 13:00:00,AAPL,7.436,0.9969164767395093,7.341,0.9960651289009498,7.424,1.0050087992419117,7.387,84171304,7.505,0.9991097206852656,7.517448379030519,1.000766922083822,32.68698060941831,13.685682989508662,17.53554502369704,31.16141982481864
2010-07-02 14:00:00,AAPL,7.45,1.0018827326519635,7.39,1.0066748399400627,7.436,1.0016163793103448,7.426,79200548,7.5011875,0.9994920053297802,7.509691390551422,1.0006251020055192,40.36458333333341,12.687740394360791,23.22274881516602,30.89211834573917
2010-07-02 15:00:00,AAPL,7.551,1.0135570469798658,7.408,1.0024357239512856,7.468,1.0043033889187736,7.438,138114396,7.4984375000000005,0.9996333913796982,7.505720781927478,1.0006043419028623,39.736842105263165,11.498720829088903,38.3886255924172,31.3029224316077
2010-07-02 16:00:00,AAPL,7.579,1.003708118130049,7.433,1.0033747300215983,7.46,0.9989287627209427,7.47,13991180,7.496062500000001,0.999683267347364,7.501366421743908,1.0003906042750783,43.3168316831683,10.437023986962103,34.5971563981044,32.055396032671986
2010-07-02 17:00:00,AAPL,7.472,0.9858820424858161,7.43,0.9995963944571505,7.447,0.9982573726541555,7.461,526708,7.491875,0.9994413733876951,7.496188667292108,1.0000168311419637,42.682926829268354,9.495050306418674,28.436018957346167,32.22191950301189
2010-07-02 18:00:00,AAPL,7.476,1.0005353319057815,7.426,0.9994616419919247,7.446,0.9998657177386867,7.45,345184,7.487125000000001,0.9993659798114625,7.491408794216669,0.9999377718150221,37.99999999999999,8.65865691451675,27.96208530805691,32.58953372902804
2010-07-02 19:00:00,AAPL,7.466,0.9986623863028358,7.429,1.0004039859951521,7.443,0.999597099113618,7.452,178360,7.4823125,0.9993572299113477,7.486798432862701,0.9999563828389001,28.034682080924895,7.946878552081602,26.54028436018956,32.61824998165715
2010-07-06 04:00:00,AAPL,7.614,1.019823198499866,7.546,1.0157490913985732,7.588,1.0194813919118635,7.561,79968,7.485124999999999,1.0003758864655812,7.4964366773519675,1.0018876754147823,29.93827160493825,7.012141499830562,95.26066350710911,36.33481055986237
2010-07-06 05:00:00,AAPL,7.622,1.0010506960861572,7.546,1.0,7.588,1.0,7.591,207872,7.4845,0.9999165010604366,7.505156993794638,1.002676240382711,54.62753950338603,6.34944174879199,100.0,40.03851426356608
2010-07-06 06:00:00,AAPL,7.599,0.9969824193125164,7.557,1.001457725947522,7.573,0.9980231945176595,7.591,130256,7.484499999999999,0.9999999999999999,7.511618232480863,1.0036232523857123,58.173076923076955,5.9570027448373,92.537313432836,42.87928118917196
2010-07-06 07:00:00,AAPL,7.589,0.9986840373733387,7.516,0.9945745666269683,7.557,0.9978872309520666,7.576,748916,7.485124999999999,1.0000835059122186,7.515940305577924,1.0042007222363452,54.457831325301285,5.777823274086742,84.57711442786089,44.20569008038841
2010-07-06 08:00:00,AAPL,7.59,1.0001317696666228,7.486,0.9960085151676423,7.557,1.0,7.56,3453716,7.487437499999999,1.0003089460763848,7.519850752665741,1.0046393016370123,63.128491620111724,5.741340994839749,84.57711442786089,45.62863291380874
2010-07-06 09:00:00,AAPL,7.627,1.004874835309618,7.546,1.0080149612610207,7.573,1.0021172422919147,7.56,94308088,7.489750000000001,1.000308850658186,7.524912585745194,1.0050050615775017,70.40498442367596,5.896586548070115,92.537313432836,48.06928489956391
2010-07-06 10:00:00,AAPL,7.654,1.0035400550675233,7.546,1.0,7.612,1.0051498745543377,7.573,101097388,7.499062499999999,1.001243365933442,7.533206625198033,1.0058021462930047,81.20805369127521,6.378282548443431,100.0,50.574101855247925
2010-07-06 11:00:00,AAPL,7.633,0.9972563365560492,7.549,1.0003975616220515,7.582,0.9960588544403572,7.615,66519712,7.5088124999999994,1.001300162520315,7.537853613274411,1.0051727950359677,81.3333333333333,7.247699519837812,86.66666666666659,51.82436946389705
2010-07-06 12:00:00,AAPL,7.609,0.9968557578933578,7.493,0.9925817989137634,7.519,0.9916908467422844,7.585,74422180,7.5170625,1.0010987090169052,7.5360580310578005,1.003628474017403,72.95597484276725,8.3381069424091,50.531914893616964,54.63169806909799
2010-07-06 13:00:00,AAPL,7.556,0.9930345643317124,7.447,0.9938609368744161,7.477,0.9944141508179279,7.52,69931764,7.520375,1.0004406641557124,7.530433456671344,1.0017787475721194,57.30659025787967,9.54002481459445,23.295454545454735,55.925889988289924
2010-07-06 14:00:00,AAPL,7.515,0.9945738485971413,7.438,0.9987914596481804,7.475,0.9997325130399892,7.48,70166012,7.522812499999999,1.000324119475425,7.525154079845501,1.0006354842471954,52.21932114882512,10.759225447044528,18.934911242603512,56.97782950176789
2010-07-06 15:00:00,AAPL,7.527,1.0015968063872256,7.43,0.9989244420543156,7.516,1.005484949832776,7.479,108370864,7.5258125,1.0003987870228057,7.5242822627173584,1.000195374099429,53.763440860214985,11.7745834499989,43.195266272189464,58.40336957112859
2010-07-06 16:00:00,AAPL,7.612,1.011292679686462,7.456,1.00349932705249,7.525,1.0011974454497072,7.519,17540096,7.5298750000000005,1.0005398088246287,7.524350618649039,0.9998057510267547,58.49514563106798,12.732334726173848,48.5207100591719,59.80881186246225
2010-07-06 17:00:00,AAPL,7.551,0.9919863373620599,7.513,1.0076448497854076,7.535,1.001328903654485,7.528,414372,7.535375000000001,1.0007304238118164,7.5253648454443685,0.9994010319486536,59.80861244019145,13.641870037415288,54.43786982248536,60.70043654191048
2010-07-06 18:00:00,AAPL,7.549,0.9997351344192822,7.456,0.9924131505390656,7.535,1.0,7.537,222460,7.540937500000001,1.0007381848945804,7.526282479211571,0.9987933552360128,40.63604240282688,14.33100291911437,54.43786982248536,61.80269839882052
2010-07-06 19:00:00,AAPL,7.558,1.0011922108888593,7.524,1.0091201716738196,7.539,1.0005308560053086,7.538,508760,7.546937500000001,1.000795657038664,7.527493671667612,0.9982172205601241,40.63604240282688,14.858429956192822,46.71532846715317,62.818215593809796
2010-07-07 05:00:00,AAPL,7.516,0.9944429743318338,7.48,0.9941520467836258,7.505,0.9954901180527922,7.494,5600,7.54175,0.9993126350920488,7.525351417223077,0.9971397559901717,43.74999999999987,14.809008455216057,21.89781021897821,62.48131142219432
2010-07-07 06:00:00,AAPL,7.527,1.0014635444385311,7.493,1.0017379679144385,7.517,1.0015989340439708,7.508,16800,7.5373125,0.9994116087115058,7.524556044154212,0.9977201636429491,41.034482758620605,14.3033766453691,30.656934306569756,62.71001419699322
2010-07-07 07:00:00,AAPL,7.538,1.0014614056064834,7.496,1.0004003736821032,7.527,1.0013303179459891,7.516,200508,7.534437499999999,0.9996185643092282,7.524788801853812,0.9983384398422929,43.37748344370861,13.46517540943835,37.95620437956227,59.52643313435173
2010-07-07 08:00:00,AAPL,7.542,1.000530644733351,7.487,0.9987993596584844,7.518,0.9988043045037863,7.532,2149336,7.532,0.9996764854708796,7.524142249296307,0.9986335740785304,42.22972972972969,12.472157903001445,31.386861313868618,55.71459209623331
2010-07-07 09:00:00,AAPL,7.619,1.0102094935030497,7.509,1.0029384266061172,7.587,1.0091779728651238,7.527,86989560,7.533875,1.000248937865109,7.530128701744277,0.9997515536038605,32.330827067669176,11.646373045500315,81.75182481751806,55.1153982842712
2010-07-07 10:00:00,AAPL,7.662,1.005643785273658,7.574,1.0086562791317086,7.642,1.007249242124687,7.59,121125368,7.538187499999999,1.0005724145940833,7.540783111101965,1.0009169399680728,50.81967213114752,10.97770487445708,100.0,55.97222526050115
2010-07-07 11:00:00,AAPL,7.685,1.0030018271991648,7.622,1.006337470293108,7.648,1.0007851347814707,7.644,89039076,7.540437499999999,1.0002984802381207,7.550994243377969,1.0016989154724487,70.70707070707064,10.43069564453818,100.0,56.8290522367311
2010-07-07 12:00:00,AAPL,7.704,1.0024723487312948,7.634,1.0015743899239045,7.681,1.0043148535564854,7.65,53103148,7.546624999999999,1.0008205757291935,7.563375744008638,1.003042030917787,82.75862068965492,10.033857593753837,100.0,57.24364593490688
2010-07-07 13:00:00,AAPL,7.743,1.0050623052959502,7.662,1.0036678019386953,7.717,1.0046868897279,7.683,67289964,7.559,1.0016398058734868,7.578006625531625,1.0041583655649546,85.2739726027397,10.018681255367785,100.0,57.24364593490688
2010-07-07 14:00:00,AAPL,7.748,1.0006457445434587,7.692,1.0039154267815191,7.737,1.0025916807049373,7.72,64824984,7.57525,1.002149755258632,7.5931488516714705,1.004517641443507,85.0174216027874,10.454832276425563,100.0,57.984386675647634
2010-07-07 15:00:00,AAPL,7.834,1.011099638616417,7.708,1.002080083203328,7.823,1.0111154194132093,7.739,145498052,7.5969999999999995,1.0028711923698888,7.615039437226568,1.0052525576352687,85.57046979865767,11.465942957017152,100.0,60.73261362600225
2010-07-07 16:00:00,AAPL,7.856,1.0028082716364566,7.561,0.9809289050337312,7.829,1.000766969193404,7.823,17682364,7.6165625,1.002575029616954,7.635416633681181,1.0050568163329183,88.50267379679141,12.475929110884497,100.0,64.99397726236587
2010-07-07 17:00:00,AAPL,7.846,0.9987270875763747,7.715,1.0203676762333025,7.835,1.000766381402478,7.832,705908,7.635937499999999,1.002543798465515,7.654424573330592,1.0049710185310752,88.68421052631575,13.291674338038774,100.0,69.49759330444346
2010-07-07 18:00:00,AAPL,7.847,1.00012745347948,7.808,1.012054439403759,7.83,0.9993618379068283,7.837,658560,7.654374999999999,1.002414569265398,7.671146042537202,1.0046108997797851,88.74345549738217,13.948909051785748,98.48484848484851,72.56923676070228
2010-07-07 19:00:00,AAPL,7.844,0.9996176882885179,7.81,1.0002561475409837,7.833,1.000383141762452,7.832,598892,7.672999999999999,1.0024332489589287,7.686560705152706,1.0042048769694074,96.03399433427757,14.645153259255919,99.39393939393945,75.3955272793005
2010-07-08 04:00:00,AAPL,7.866,1.0028046914839366,7.836,1.0033290653008964,7.855,1.0028086301544747,7.851,14000,7.692749999999998,1.0025739606412094,7.7026025427572105,1.0038580141740143,95.93023255813947,15.387985884663141,100.00000000000001,77.92675673360685
2010-07-08 05:00:00,AAPL,7.867,1.0001271294177474,7.839,1.0003828483920367,7.852,0.999618077657543,7.859,61600,7.714437499999999,1.0028192128952587,7.716830872018429,1.0031303333682273,96.06741573033702,16.293824638741416,99.11242603550293,80.40867652321894
2010-07-08 06:00:00,AAPL,7.885,1.0022880386424304,7.841,1.0002551345834927,7.874,1.0028018339276616,7.856,11200,7.736749999999999,1.0028923042023479,7.731799360397627,1.0022505672510313,97.71428571428572,17.3301523793777,100.0,83.36893605282154
2010-07-08 07:00:00,AAPL,7.872,0.9983512999365884,7.814,0.9965565616630532,7.841,0.9958089916179833,7.856,625548,7.756374999999999,1.0025365948234077,7.742199421312138,1.0007043553575001,97.35973597359735,18.34796344247173,90.73033707865183,87.19296532280343
2010-07-08 08:00:00,AAPL,7.952,1.0101626016260163,7.818,1.0005119017148707,7.93,1.0113505930366025,7.839,10124296,7.782124999999999,1.00331984980097,7.760085190710982,1.0004783408113949,85.40925266903926,19.50540761144406,100.0,91.04535786132732
2010-07-08 09:00:00,AAPL,7.962,1.0012575452716297,7.867,1.0062675876183167,7.899,0.9960907944514502,7.935,117870200,7.801625,1.0025057423261643,7.773315172548031,0.9988679406393539,88.73626373626385,20.63200455239444,89.2361111111112,93.89424156863561
2010-07-08 10:00:00,AAPL,7.925,0.995352926400402,7.845,0.9972035083259183,7.86,0.9950626661602735,7.902,112375816,7.81525,1.0017464310319966,7.781570870400599,0.9974294932659029,80.1104972375692,21.570968919659794,75.17730496453922,96.32704399367285
2010-07-08 11:00:00,AAPL,7.871,0.9931861198738171,7.715,0.9834289356277884,7.747,0.9856234096692111,7.863,143827796,7.8214375,1.0007917213140975,7.778278406552923,0.995269301244736,69.5890410958906,21.895427266349696,26.506024096385513,93.25783284249883
2010-07-08 12:00:00,AAPL,7.802,0.9912336424850717,7.694,0.9972780298120545,7.718,0.9962566154640506,7.75,80077900,7.8237499999999995,1.000295661762943,7.772537605928836,0.9937479658859175,51.09170305676854,21.652284135922937,0.46948356807527397,87.7283597073919
2010-07-08 13:00:00,AAPL,7.799,0.9996154832094336,7.702,1.001039771250325,7.754,1.004664420834413,7.721,76212444,7.826062500000001,1.0002955743729032,7.7707721196499,0.9932285821568814,36.90773067331659,20.904176031899347,16.981132075471525,83.11620037825143
2010-07-08 14:00:00,AAPL,7.784,0.9980766764969867,7.7,0.9997403271877435,7.767,1.0016765540366264,7.755,61437068,7.827937500000001,1.0002395840820335,7.770412870159433,0.9928891917435405,41.29930394431549,19.761886810684196,23.113207547170017,78.84471190864977
2010-07-08 15:00:00,AAPL,7.831,1.0060380267214801,7.729,1.0037662337662339,7.8,1.004248744689069,7.77,121481024,7.8265,0.9998163628669747,7.773230692049011,0.9930113381780334,42.23744292237445,18.244125588139987,38.679245283018844,75.43800331326193
2010-07-08 16:00:00,AAPL,7.924,1.0118758779210828,7.763,1.004399016690387,7.806,1.0007692307692309,7.805,11048380,7.8250625,0.9998163291381843,7.776351578520534,0.9935924843187292,46.781115879828285,16.997932118146945,41.50943396226424,72.1885274222766
2010-07-08 17:00:00,AAPL,7.816,0.9863705199394245,7.789,1.003349220662115,7.802,0.9994875736612862,7.808,346780,7.823,0.9997364238304807,7.778794285328102,0.9940871763424385,47.12153518123665,15.983563350166714,39.622641509433834,68.83422972835625
2010-07-08 18:00:00,AAPL,7.816,1.0,7.779,0.9987161381435358,7.797,0.9993591386823891,7.807,299600,7.820937499999999,0.9997363543397673,7.780528162915902,0.9945709015615367,44.12416851441231,15.136042196199648,37.264150943396146,65.34890478076713
2010-07-08 19:00:00,AAPL,7.808,0.9989764585465711,7.774,0.9993572438616789,7.788,0.9988457098884187,7.798,641872,7.818124999999999,0.999640388380549,7.7812397664477215,0.994924171999549,43.92935982339947,14.41713732572692,33.01886792452848,61.62773077657428
2010-07-09 05:00:00,AAPL,7.826,1.0023053278688525,7.803,1.0037303833290456,7.815,1.0034668721109399,7.818,2800,7.815625,0.9996802302342315,7.784455026786034,0.9956933442207735,40.22727272727276,13.799362770529358,45.754716981132326,58.698279026367814
2010-07-09 07:00:00,AAPL,7.841,1.0019166879631998,7.758,0.9942329873125721,7.777,0.9951375559820858,7.815,245420,7.8109375,0.9994002399040384,7.7837450242349835,0.9959209947041963,47.0046082949309,13.173901010799668,27.830188679245392,54.72251509777371
2010-07-09 08:00:00,AAPL,7.827,0.9982145134549164,7.704,0.9930394431554525,7.749,0.9963996399639964,7.793,2253804,7.803125,0.998999799959992,7.780435974307842,0.9960950237161471,30.026109660574477,12.358197992291684,14.622641509433835,49.97932851496447
2010-07-09 09:00:00,AAPL,7.823,0.9994889485115626,7.702,0.9997403946002077,7.772,1.0029681249193445,7.752,70787416,7.7988124999999995,0.999447336804165,7.779632548183286,0.9969893533915305,30.263157894736835,11.477446858587767,25.471698113207704,45.88817696372584
2010-07-09 10:00:00,AAPL,7.823,1.0,7.742,1.0051934562451312,7.761,0.9985846628924344,7.774,77375956,7.788249999999999,0.998645627138747,7.777858019784878,0.9973131191171577,37.912087912087955,10.358200610328815,23.75690607734814,41.65244952357851
2010-07-09 11:00:00,AAPL,7.823,1.0,7.741,0.9998708344097132,7.784,1.0029635356268523,7.764,68744144,7.7810625,0.9990771354283698,7.7784429702815565,0.9987407916132068,52.67175572519087,9.247853453803575,46.47887323943639,39.19403486584433
2010-07-09 12:00:00,AAPL,7.819,0.9994886872043972,7.755,1.001808551866684,7.785,1.0001284686536485,7.789,36891960,7.776375,0.9993975758452011,7.77906744930236,0.9997436017642013,62.890624999999915,8.518698972653809,69.07216494845349,37.47582180742509
2010-07-09 13:00:00,AAPL,7.811,0.9989768512597519,7.764,1.0011605415860736,7.791,1.0007707129094412,7.787,23266880,7.779125,1.0003536352092073,7.780203882702136,1.0004923737219638,57.01357466063356,7.755082051022312,75.25773195876297,36.69924518785019
2010-07-09 14:00:00,AAPL,7.84,1.0037127128408654,7.761,0.999613601236476,7.822,1.0039789500705942,7.794,38299380,7.785625,1.000835569553131,7.784184465301933,1.0006503900248336,55.60747663551399,6.858947252662833,100.0,38.078283800931345
2010-07-09 15:00:00,AAPL,7.868,1.0035714285714286,7.802,1.0052828243783016,7.852,1.003835336231143,7.824,107046968,7.79175,1.0007867062695674,7.7906430876541295,1.0006445324112232,55.18867924528303,6.394343241602833,100.0,42.16128246224326
2010-07-09 16:00:00,AAPL,7.866,0.9997458057956278,7.762,0.994873109459113,7.85,0.9997452878247579,7.854,6709668,7.7969375,1.000665768280553,7.7962961269251645,1.0005834538999794,59.7457627118644,6.165390520373874,98.05825242718383,47.58288073219373
2010-07-09 17:00:00,AAPL,7.862,0.999491482329011,7.833,1.0091471270291164,7.845,0.9993630573248408,7.853,194992,7.79975,1.0003607185513543,7.80093459102753,1.0005126488480292,60.256410256410184,5.9879460002047225,93.20388349514513,51.81747803328671
2010-07-09 18:00:00,AAPL,7.868,1.000763164589163,7.837,1.0005106600280862,7.855,1.0012746972594009,7.852,312060,7.8028125,1.0003926407897688,7.8060836775963365,1.0008120359750423,60.256410256410184,5.578116323491652,100.0,56.088966502888375
2010-07-09 19:00:00,AAPL,7.868,1.0,7.838,1.0001275998468802,7.857,1.0002546148949714,7.857,199220,7.80625,1.000440546277384,7.81093285115859,1.0010406954106086,64.25531914893602,4.970541336606138,100.0,59.495675098276216
2010-07-12 04:00:00,AAPL,7.842,0.996695475343162,7.8,0.9951518244450115,7.812,0.9942726231386025,7.834,8036,7.8071875,1.0001200960768615,7.811034484381581,1.0006129043243017,59.99999999999983,4.673795831511959,58.333333333333606,60.430336174446744
2010-07-12 07:00:00,AAPL,7.847,1.0006375924509054,7.812,1.0015384615384615,7.836,1.0030721966205838,7.829,47040,7.8101875,1.0003842612976823,7.813412152535717,1.000797297686999,58.0645161290322,4.691659368102858,80.55555555555574,62.70438695478684
2010-07-12 08:00:00,AAPL,7.868,1.0026761819803747,7.814,1.0002560163850487,7.845,1.0011485451761102,7.84,785876,7.8120625,1.0002400710610342,7.816420518960887,1.0007980626535389,70.42253521126757,4.9569026569040195,88.88888888888853,65.57242795175864
2010-07-12 09:00:00,AAPL,7.925,1.007244534824606,7.776,0.9951369337087279,7.895,1.0063734862970044,7.847,75773936,7.819437499999999,1.0009440528669604,7.82390427905985,1.0015158326062867,68.34170854271338,5.220550717274118,100.0,69.2936019559515
2010-07-12 10:00:00,AAPL,7.928,1.0003785488958992,7.803,1.0034722222222223,7.848,0.9940468651044966,7.899,92953812,7.8256250000000005,1.000791297327973,7.826199109625578,1.0008647181623458,78.15126050420152,5.267525377642603,64.92537313432844,70.35863840890686
2010-07-12 11:00:00,AAPL,7.858,0.9911705348133198,7.693,0.9859028578751762,7.716,0.9831804281345566,7.85,116645536,7.822124999999999,0.9995527513776853,7.815703956327904,0.9987322362530665,62.213740458015266,5.544719644044124,0.0,68.81251681561542
2010-07-12 12:00:00,AAPL,7.813,0.9942733519979639,7.704,1.001429871311582,7.767,1.0066096423017108,7.719,84066444,7.822499999999999,1.000047940936766,7.811065484296675,0.9985861238853477,41.221374045801525,5.993110479729732,28.49162011173203,69.58301562685422
2010-07-12 13:00:00,AAPL,7.822,1.0011519262767183,7.749,1.0058411214953271,7.797,1.0038624951718809,7.771,48744584,7.823312499999998,1.0001038670501756,7.809725914363659,0.9983670072692439,47.26027397260274,6.523351777321534,45.251396648044576,70.6818877676785
2010-07-12 14:00:00,AAPL,7.819,0.9996164663768857,7.759,1.0012904890953673,7.785,0.9984609465178915,7.801,41207012,7.823312499999998,1.0,7.8073710653766435,0.997962316522144,47.13958810068645,7.1075653679356,38.54748603351966,71.50358665413248
2010-07-12 15:00:00,AAPL,7.81,0.9988489576672208,7.749,0.9987111741203762,7.779,0.9992292870905587,7.79,94062416,7.822562499999998,0.9999041326803704,7.804669059150297,0.9976169377294207,42.00477326968969,7.757088658136018,35.19553072625695,70.87673429228919
2010-07-12 16:00:00,AAPL,7.833,1.0029449423815622,7.764,1.0019357336430508,7.797,1.002313922097956,7.785,5829964,7.820999999999998,0.999800257268638,7.803938672564555,0.9976192165373631,41.607565011820334,8.4618164387549,45.251396648044576,69.5533582755998
2010-07-12 17:00:00,AAPL,7.816,0.9978296948806332,7.782,1.0023183925811436,7.803,1.0007695267410543,7.8,642292,7.817937499999998,0.9996084260324767,7.803849275177454,0.9978070931054156,44.49541284403667,9.319304472645523,48.60335195530729,68.0725593865189
2010-07-12 18:00:00,AAPL,7.817,1.0001279426816787,7.766,0.9979439732716525,7.806,1.000384467512495,7.806,338576,7.815187499999998,0.9996482448216041,7.804054106112935,0.9982241615660059,43.981481481481396,10.2050438936676,50.27932960893864,65.31029992034885
2010-07-12 19:00:00,AAPL,7.831,1.0017909684022004,7.792,1.0033479268606746,7.816,1.0012810658467846,7.807,477260,7.813374999999999,0.9997680797805556,7.805191810292656,0.9987209916963167,44.11085450346416,11.039569632111215,55.86592178770949,62.8584066863327
2010-07-13 05:00:00,AAPL,7.856,1.0031924403013663,7.833,1.0052618069815196,7.845,1.0037103377686796,7.848,2800,7.812749999999999,0.9999200089589967,7.80898306645526,0.9994378954619817,50.50251256281402,11.737772462191687,72.06703910614526,61.414450390719445
2010-07-13 06:00:00,AAPL,7.855,0.9998727087576376,7.832,0.9998723349929783,7.844,0.99987253027406,7.847,2800,7.811937499999999,0.9998960033278934,7.8123180125071405,0.9999447073702782,51.11662531017364,12.323507864669352,71.50837988826846,60.209144634781836
2010-07-13 07:00:00,AAPL,7.838,0.9978357733927434,7.777,0.9929775280898877,7.815,0.9963029066802652,7.792,268800,7.812124999999999,1.0000240017281243,7.812573439887413,1.000081406166833,49.87341772151906,12.867275466226143,55.3072625698327,57.726214777550325
2010-07-13 08:00:00,AAPL,7.838,1.0,7.767,0.9987141571299988,7.78,0.9955214331413947,7.815,3300976,7.808624999999998,0.9995519784949677,7.809471207517183,0.9996602982565159,39.30481283422465,13.423422931394871,35.75418994413423,54.15700310778
2010-07-13 09:00:00,AAPL,7.817,0.9973207450880327,7.439,0.957770052787434,7.552,0.9706940874035989,7.787,308603792,7.790312499999999,0.9976548367990524,7.784950140134595,0.9969681141218327,40.60773480662984,14.973548942507433,0.0,50.91626236703925
2010-07-13 10:00:00,AAPL,7.589,0.9708328003070232,7.439,1.0,7.501,0.9932468220338984,7.555,268378096,7.7656874999999985,0.9968390228248225,7.757907269645585,0.9958403170149576,32.09606986899554,17.283909960452682,0.0,46.44095372506393
2010-07-13 11:00:00,AAPL,7.592,1.000395308999868,7.486,1.0063180535018148,7.556,1.0073323556859084,7.503,141356404,7.747437499999999,0.9976499183105167,7.738678005869815,0.99652194424123,20.96069868995623,20.074219890845914,15.9883720930232,42.39092501418252
2010-07-13 12:00:00,AAPL,7.622,1.0039515279241307,7.519,1.0044082286935614,7.563,1.000926416093171,7.557,101090220,7.737874999999999,0.9987657209238539,7.721946767215547,0.9967097852955313,25.05175983436851,22.835881450832744,18.02325581395334,37.836661448291046
2010-07-13 13:00:00,AAPL,7.594,0.9963264235108896,7.527,1.0010639712727756,7.562,0.9998677773370357,7.564,77835296,7.725062499999999,0.9983441836421498,7.706713741766447,0.9959728920105905,26.778242677824167,25.52791171232003,17.7325581395349,35.21483839302474
2010-07-13 14:00:00,AAPL,7.656,1.008164340268633,7.544,1.0022585359372924,7.644,1.010843692144935,7.564,116481792,7.715500000000001,0.9987621459373309,7.700741004455357,0.9968516118096595,27.06131078224095,27.896758570197072,41.56976744186048,37.524269917572546
2010-07-13 15:00:00,AAPL,7.675,1.0024817136886102,7.595,1.006760339342524,7.622,0.9971219256933542,7.646,148653316,7.7053125,0.9986796059879461,7.6932418611738935,0.9971151398060906,35.75418994413407,29.90410001373155,35.174418604651095,37.8955365005125
2010-07-13 16:00:00,AAPL,7.711,1.0046905537459283,7.523,0.9905200789993417,7.667,1.0059039622146417,7.625,18984896,7.6983125,0.9990915358721661,7.690742636300189,0.9981091144973275,33.63471971066902,31.559229049283555,48.2558139534883,38.062448573037145
2010-07-13 17:00:00,AAPL,7.689,0.9971469329529243,7.655,1.0175461916788515,7.676,1.0011738620059998,7.671,1426992,7.69075,0.9990176418533283,7.68933857570017,0.9988342998157285,38.31932773109238,33.010615820966606,50.87209302325585,38.74714896135582
2010-07-13 18:00:00,AAPL,7.7,1.0014306151645207,7.601,0.9929457870672762,7.684,1.0010422094841063,7.678,1486464,7.6833125,0.9990329291681566,7.688830139919202,0.9997503676389431,38.215488215488215,34.31963811713234,53.19767441860469,39.747268055375145
2010-07-13 19:00:00,AAPL,7.703,1.0003896103896104,7.667,1.0086830680173662,7.689,1.0006507027589797,7.685,547652,7.676,0.999048262061448,7.688846317069754,1.000720238447903,35.95113438045375,35.46960931793843,54.65116279069769,40.269477285522534
2010-07-14 05:00:00,AAPL,7.69,0.9983123458392834,7.662,0.9993478544411113,7.674,0.99804916113929,7.682,8400,7.667125,0.9988437988535696,7.68743238211073,1.0014893671327163,36.56845753899476,36.53351966606459,50.2906976744187,40.363218714362056
2010-07-14 06:00:00,AAPL,7.675,0.9980494148244473,7.643,0.9975202297050378,7.657,0.9977847276518113,7.667,25200,7.655375,0.9984674829222165,7.684534060004946,1.002270611214105,37.47779751332146,37.61980208244774,45.48104956268213,40.096647600681145
2010-07-14 07:00:00,AAPL,7.667,0.998957654723127,7.583,0.992149679445244,7.608,0.993600626877367,7.659,550256,7.640625000000001,0.9980732491876624,7.677245101909237,1.002856829601324,38.71559633027519,38.772464841847025,34.07643312101889,38.886120452531664
2010-07-14 08:00:00,AAPL,7.64,0.9964784139820008,7.496,0.9885269682183833,7.516,0.987907465825447,7.611,7174216,7.621937500000001,0.997554192229039,7.661888425536929,1.002782943219557,57.65027322404375,39.986539319553216,5.376344086021392,35.181081840302554
2010-07-14 09:00:00,AAPL,7.638,0.999738219895288,7.48,0.9978655282817502,7.562,1.0061202767429485,7.519,122849804,7.608312500000001,0.9982123967823142,7.652375242152459,1.0039934389585925,51.84275184275181,41.22784354946725,32.44680851063831,33.01099454154533
2010-07-14 10:00:00,AAPL,7.684,1.0060225189840273,7.541,1.0081550802139037,7.653,1.0120338534779159,7.565,150050264,7.614625000000002,1.0008296846376907,7.652434742899843,1.0057992153844684,50.75376884422113,41.97909927242313,80.85106382978695,34.430094611542785
2010-07-14 11:00:00,AAPL,7.744,1.0078084331077564,7.626,1.0112717146267074,7.72,1.0087547367045604,7.655,148476132,7.628312500000002,1.0017975277837057,7.658869529290334,1.0058104672640258,59.33609958506224,42.13563430076718,100.0,37.99930628131311
2010-07-14 12:00:00,AAPL,7.735,0.9988378099173555,7.657,1.0040650406504064,7.67,0.9935233160621761,7.724,67814852,7.635437500000001,1.0009340204665185,7.659929574119826,1.0041447009571023,64.41605839416053,41.82582035515387,75.49019607843142,42.19320606344819
2010-07-14 13:00:00,AAPL,7.691,0.9943115707821589,7.608,0.993600626877367,7.634,0.9953063885267276,7.672,75689964,7.639875000000001,1.0005811716748385,7.65746009087032,1.0028842605116366,52.51937984496122,41.30720305139886,57.843137254902196,45.40671368872054
2010-07-14 14:00:00,AAPL,7.676,0.9980496684436354,7.586,0.9971083070452157,7.65,1.0020958868221117,7.636,108146948,7.645375000000001,1.0007199070665425,7.656749606025527,1.0022087542041624,51.13207547169815,40.66172336124298,65.68627450980418,48.167708267430584
2010-07-14 15:00:00,AAPL,7.674,0.9997394476289735,7.592,1.0007909306617453,7.644,0.9992156862745097,7.654,112426552,7.6453750000000005,0.9999999999999999,7.65553535783262,1.0013289548037367,48.30339321357291,40.11172376359394,62.745098039215826,50.65225505772295
2010-07-14 16:00:00,AAPL,7.659,0.9980453479280688,7.595,1.000395152792413,7.633,0.9985609628466772,7.645,13158908,7.6460625,1.0000899236466492,7.653389133277132,1.0010482328567443,46.787148594377506,39.70268543655188,57.35294117647066,52.853387448663824
2010-07-14 17:00:00,AAPL,7.732,1.0095312704008357,7.609,1.0018433179723503,7.631,0.9997379798244466,7.724,325500,7.6438125,0.9997057308908998,7.651256834869786,1.0006793476864446,44.91017964071854,39.18916799354129,56.37254901960802,53.67576420298313
2010-07-14 18:00:00,AAPL,7.651,0.989524055871702,7.619,1.0013142331449598,7.631,1.0,7.635,86492,7.641,0.999632055338877,7.649327612501235,1.00072151331567,44.176706827309246,38.59602939569075,56.37254901960802,54.85343811492518
2010-07-14 19:00:00,AAPL,7.647,0.9994771925238531,7.616,0.9996062475390471,7.636,1.0006552221202987,7.635,154532,7.638,0.9996073812328229,7.648058316072547,1.000923742451583,45.548654244306405,37.897371398699946,58.82352941176483,55.44053341816277
2010-07-15 06:00:00,AAPL,7.644,0.9996076892899176,7.583,0.9956670168067228,7.634,0.999738082765846,7.599,30800,7.6345624999999995,0.9995499476302696,7.646719428827542,1.0011415853400816,47.77070063694268,37.18320740707944,57.843137254902196,55.82781365325424
2010-07-15 07:00:00,AAPL,7.652,1.0010465724751438,7.548,0.9953844125016484,7.588,0.993974325386429,7.621,1185688,7.6291875,0.9992959648964823,7.641127102272539,1.0008598531052093,53.06603773584914,36.4889556950942,35.2941176470589,54.83317161039058
2010-07-15 08:00:00,AAPL,7.636,0.9979090433873498,7.57,1.0029146793852677,7.6,1.0015814443858724,7.594,4337732,7.6256249999999985,0.9995330433286637,7.63721023538944,1.001051584508762,59.523809523809554,35.78539785363748,41.17647058823517,54.084577599142655
2010-07-15 09:00:00,AAPL,7.626,0.99869041382923,7.465,0.9861294583883751,7.546,0.9928947368421054,7.601,171620764,7.621749999999999,0.9994918449307434,7.628523546304732,1.000380106064058,55.52325581395342,35.16249972254078,14.705882352941318,52.10764341461614
2010-07-15 10:00:00,AAPL,7.566,0.9921321793863099,7.47,1.000669792364367,7.534,0.9984097535117943,7.548,165535580,7.622875,1.000147603896743,7.6195213037995195,0.9997075873388028,32.573289902280166,34.454226549031304,0.0,49.580918438911574
2010-07-15 11:00:00,AAPL,7.554,0.9984139571768438,7.505,1.0046854082998662,7.523,0.998539952216618,7.535,64895740,7.6204374999999995,0.9996802387550628,7.610328798675756,0.99835413786475,13.095238095237946,33.653085059890806,0.0,47.68778326552164
2010-07-15 12:00:00,AAPL,7.56,1.0007942811755361,7.489,0.9978680879413724,7.507,0.9978731888874119,7.527,56162204,7.6113125,0.9988025621888508,7.600487960706636,0.997382100529876,15.49295774647868,32.953421639872225,0.0,47.3890974829649
2010-07-15 13:00:00,AAPL,7.557,0.9996031746031747,7.496,1.000934704232875,7.524,1.0022645530837886,7.511,50904280,7.5990625000000005,0.9983905535346237,7.59320339302029,0.99762076422697,17.098445595854685,32.55916626436714,10.429447852760934,46.16591077974949
2010-07-15 14:00:00,AAPL,7.615,1.0076750033081912,7.506,1.001334044823906,7.576,1.0069112174375332,7.526,92122100,7.5931875,0.9992268783155817,7.591564974637405,0.9990133617979067,17.525773195876198,32.203296113682484,48.25174825174798,44.35483769208065
2010-07-15 15:00:00,AAPL,7.78,1.0216677609980302,7.53,1.003197442046363,7.598,1.0029039070749737,7.578,194394844,7.590937500000001,0.9997036817542041,7.5921778341957475,0.9998670300444639,35.83333333333319,31.17474152194955,63.63636363636347,42.33463567187862
2010-07-15 16:00:00,AAPL,7.636,0.9814910025706941,7.483,0.9937583001328021,7.613,1.0019742037378259,7.604,16172268,7.588625,0.9996953604215553,7.5941608976056765,1.0004246376163255,43.027888446215094,29.706452149332414,77.37226277372292,42.43919493272816
2010-07-15 17:00:00,AAPL,7.697,1.0079884756416972,7.604,1.0161699853000135,7.683,1.009194798371207,7.621,2261532,7.5910625,1.0003212044342682,7.602621764500373,1.0018444401324842,46.59090909090913,27.739120865005084,100.0,44.78124286301136
2010-07-15 18:00:00,AAPL,7.705,1.001039365986748,7.59,0.9981588637559179,7.669,0.9981777951321098,7.685,2219588,7.593312499999999,1.0002964011954847,7.608943501214624,1.002355533393991,57.784431137724496,25.451175002263497,92.04545454545442,46.24564175388082
2010-07-15 19:00:00,AAPL,7.681,0.9968851395197923,7.628,1.0050065876152834,7.64,0.9962185421828139,7.673,815388,7.593874999999999,1.0000740783419622,7.611901263003706,1.0024480439865615,54.81049562682208,23.17098778281098,75.56818181818176,46.9580352971567
2010-07-16 05:00:00,AAPL,7.647,0.9955734930347612,7.625,0.9996067121132669,7.637,0.9996073298429319,7.64,2800,7.594249999999999,1.0000493819031786,7.614291618908116,1.002688563995077,50.81081081081072,20.939509797586794,73.86363636363623,47.875296140888125
2010-07-16 06:00:00,AAPL,7.66,1.0017000130770237,7.631,1.0007868852459016,7.649,1.0015712976299596,7.646,39200,7.595062499999999,1.000106988840241,7.617597179012104,1.0030743232066504,57.49235474006109,18.737682184412503,80.68181818181831,49.225811094344245
2010-07-16 07:00:00,AAPL,7.679,1.0024804177545692,7.601,0.9960686672782073,7.627,0.9971238070335992,7.647,369348,7.594625,0.9999423967873866,7.618492685772856,1.0030849233660495,57.4923547400612,16.536482707853448,68.18181818181819,49.88188160335593
2010-07-16 08:00:00,AAPL,7.684,1.0006511264487563,7.604,1.0003946849098804,7.643,1.0020978104103841,7.63,2609740,7.5980625,1.0004526227430586,7.620826715699251,1.0034500341622201,63.72881355932187,14.89438123866089,77.27272727272727,50.906837040076056
2010-07-16 09:00:00,AAPL,7.678,0.9992191566892243,7.577,0.996449237243556,7.612,0.9959440010467094,7.649,131867400,7.598812499999999,1.0000987093749227,7.619986076108846,1.0028854166583712,68.2274247491638,13.643332552966498,59.6590909090911,51.00772335419767
2010-07-16 10:00:00,AAPL,7.639,0.9949205522271425,7.534,0.9943249307113633,7.569,0.9943510246978455,7.614,115934364,7.60025,1.000189174295326,7.615130259336575,1.0021474091295943,63.94984326018812,12.878773115474472,35.227272727272855,51.00400974754288
2010-07-16 11:00:00,AAPL,7.592,0.9938473622201858,7.518,0.9978762941332625,7.53,0.9948474038842648,7.57,71019704,7.6,0.9999671063451859,7.6070226155902345,1.000891104317652,58.95953757225435,12.462535407999606,13.068181818182133,49.4424381492066
2010-07-16 12:00:00,AAPL,7.584,0.9989462592202318,7.498,0.9973397180101091,7.557,1.003585657370518,7.532,78449504,7.602124999999999,1.0002796052631577,7.602258556962593,1.0002971785477097,50.81521739130437,12.267558644342289,28.409090909091287,50.203727513437165
2010-07-16 13:00:00,AAPL,7.719,1.0178006329113924,7.508,1.001333688983729,7.607,1.0066163821622336,7.56,344731800,7.608375,1.000822138546788,7.602710122966156,1.000076968343214,47.23032069970858,12.573415158126261,52.2012578616354,53.10379739463914
2010-07-16 14:00:00,AAPL,7.658,0.9920974219458479,7.577,1.0091901971230688,7.631,1.0031549888260813,7.608,98879396,7.6150625,1.0008789656135508,7.605404396969378,0.9996095614332073,51.21293800539088,13.245037367527837,66.013071895425,56.771190277718304
2010-07-16 15:00:00,AAPL,7.649,0.9988247584225646,7.542,0.9953807575557608,7.554,0.9899095793473988,7.635,154189504,7.6136875,0.9998194368069863,7.600508740115152,0.9980888193780618,52.36842105263155,13.966537673559165,15.686274509803978,57.6426499727074
2010-07-16 16:00:00,AAPL,7.611,0.9950320303307622,7.542,1.0,7.557,1.000397140587768,7.559,27877164,7.611125,0.9996634350963315,7.596365050580376,0.9977248278945485,33.333333333333414,14.39221732431971,17.647058823529548,58.04362835997232
2010-07-16 17:00:00,AAPL,7.569,0.994481671265274,7.543,1.000132590824715,7.558,1.0001323276432446,7.559,1569316,7.607687500000001,0.999548358488397,7.592711236239388,0.9975806777893396,35.106382978723516,14.711324285199492,18.300653594771017,56.379678656806945
2010-07-16 18:00:00,AAPL,7.567,0.9997357643017571,7.531,0.9984091210393742,7.55,0.9989415189203493,7.559,582148,7.599375000000001,0.9989073552245673,7.588643499454684,0.9974967425324296,38.21839080459772,14.770829919975395,14.388489208632855,53.64368563304413
2010-07-16 19:00:00,AAPL,7.57,1.0003964583058016,7.534,1.0003983534723144,7.56,1.0013245033112583,7.556,396424,7.5925625000000005,0.9991035446993995,7.5859155471256665,0.9982288737068069,37.67705382436263,14.644372616745017,25.210084033612958,50.74578681414913
2010-07-16 20:00:00,AAPL,7.62,1.0066050198150593,7.538,1.0005309264666844,7.609,1.0064814814814815,7.552,427000,7.590625000000001,0.999744816061771,7.588114066447032,0.9994141064294211,37.32193732193723,14.484765841187027,66.38655462184865,48.878373182029605
2010-07-19 04:00:00,AAPL,7.606,0.9981627296587926,7.561,1.0030512072167683,7.595,0.998160073597056,7.576,8400,7.588000000000001,0.9996541786743516,7.588769869642553,0.9997556024230616,47.61904761904764,14.30927125081054,54.62184873949548,46.799283970587446
2010-07-19 05:00:00,AAPL,7.629,1.0030239284775178,7.603,1.0055548207909006,7.615,1.0026333113890717,7.62,13720,7.585874999999999,0.9997199525566681,7.591267977295644,1.0004306770289462,43.61702127659573,14.147751951751612,75.22123893805338,46.780009366135864
2010-07-19 06:00:00,AAPL,7.644,1.0019661816751868,7.583,0.9973694594239116,7.634,1.0024950755088642,7.598,109732,7.5863125,1.0000576729777384,7.595337693743677,1.0012474096585666,50.41095890410961,14.022108659994293,92.03539823008894,47.78955169204991
2010-07-19 07:00:00,AAPL,7.61,0.9955520669806385,7.506,0.9898457075036265,7.528,0.9861147498035105,7.602,3579604,7.579125,0.999052570006838,7.588924580053804,1.0003443148504367,59.53079178885636,13.657886309431454,0.0,43.307228459726666
2010-07-19 08:00:00,AAPL,7.588,0.9971090670170828,7.507,1.0001332267519316,7.563,1.0046493092454836,7.54,4961292,7.5760625,0.9995959296092887,7.586455572429632,1.0009672056378054,49.75490196078424,13.20047586805304,33.0188679245282,41.35373122321056
2010-07-19 09:00:00,AAPL,7.576,0.9984185556141275,7.386,0.9838817104036234,7.407,0.9793732645775486,7.565,176681568,7.5659374999999995,0.9986635537919598,7.569364565531572,0.9991159082348611,50.72115384615376,12.428685867743084,0.0,37.060801930281265
2010-07-19 10:00:00,AAPL,7.508,0.9910242872228089,7.232,0.9791497427565665,7.272,0.9817739975698664,7.41,275312940,7.549812500000001,0.9978687373507911,7.541044130719041,0.9967098103465752,30.842911877394656,11.032662375316992,0.0,33.74640799088732
2010-07-19 11:00:00,AAPL,7.371,0.9817527970165157,7.25,1.0024889380530972,7.328,1.0077007700770078,7.274,136122420,7.535500000000001,0.9981042575560651,7.520754213507704,0.9961511247474958,21.642969984202253,10.196871775181627,15.469613259668519,32.648760242687075
2010-07-19 12:00:00,AAPL,7.353,0.9975579975579975,7.269,1.0026206896551724,7.314,0.998089519650655,7.331,83954976,7.5171875,0.9975698361090836,7.50106333603078,0.9954300757787512,31.535947712418334,10.287883870266189,11.602209944751326,32.567317360829804
2010-07-19 13:00:00,AAPL,7.332,0.9971440228478172,7.269,1.0,7.292,0.9969920700027345,7.315,60797044,7.496,0.9971814591561006,7.481152542123087,0.9952063244561994,30.497592295345115,11.1008013726383,5.52486187845292,31.295971303572124
2010-07-19 14:00:00,AAPL,7.426,1.0128205128205128,7.276,1.0009629935341862,7.377,1.0116566099835436,7.293,123580828,7.4849375,0.9985242129135539,7.471233252397079,0.9966960048555334,29.347826086956587,12.087069966470406,29.005524861878317,30.007319470252284
2010-07-19 15:00:00,AAPL,7.442,1.0021545919741448,7.358,1.0112699285321605,7.426,1.006642266503999,7.38,135345308,7.476750000000001,0.9989061364907857,7.466925323597357,0.9975935435128692,38.00277392510405,13.138215706603715,42.54143646408836,28.70333972406691
2010-07-19 16:00:00,AAPL,7.567,1.0167965600644988,7.328,0.9959228051100844,7.354,0.9903043361163479,7.427,14550228,7.464000000000001,0.9982947136121979,7.456170530873798,0.9972475381514425,41.18421052631586,13.89659278728009,22.651933701657413,29.09032079028099
2010-07-19 17:00:00,AAPL,7.386,0.9760803488833091,7.343,1.002046943231441,7.361,1.0009518629317378,7.363,651756,7.452187500000001,0.9984174035369774,7.44710667079058,0.9977366922281055,33.71647509578548,14.405096732591986,24.585635359115884,29.47579726448023
2010-07-19 18:00:00,AAPL,7.435,1.0066341727592742,7.347,1.000544736483726,7.365,1.0005434044287462,7.361,396116,7.44,0.9983645741602717,7.439286987858144,0.9982688959259469,34.922680412371164,14.59646517415479,25.690607734806616,29.886350272259985
2010-07-19 19:00:00,AAPL,7.378,0.9923335574983189,7.347,1.0,7.359,0.9991853360488798,7.37,438228,7.4243749999999995,0.9978998655913978,7.43164060806213,0.9988764258148024,33.5526315789474,14.683754787772026,24.03314917127064,30.422164714628757
2010-07-20 05:00:00,AAPL,7.405,1.00365952832746,7.342,0.9993194501156933,7.362,1.000407664084794,7.397,54320,7.409812499999999,0.998038555433959,7.42500816919907,1.000085282491667,31.593038821954508,14.633240956173823,24.861878453038628,30.402819960152403
2010-07-20 06:00:00,AAPL,7.364,0.9944632005401756,7.32,0.9970035412694089,7.34,0.9970116816082586,7.356,73948,7.392625,0.9976804406319324,7.416912153084873,1.0009581420697047,37.11180124223608,14.57873662309189,18.78453038674022,27.758263058201933
2010-07-20 07:00:00,AAPL,7.375,1.001493753394894,7.317,0.9995901639344262,7.361,1.0028610354223433,7.331,289520,7.3755625,0.9976919565107117,7.411587186124409,1.0025650139327247,32.329635499207654,14.501019798020474,30.584192439862434,26.422837708222325
2010-07-20 08:00:00,AAPL,7.386,1.0014915254237289,7.293,0.996719967199672,7.317,0.994022551283793,7.364,4640384,7.362375,0.9982120007796016,7.402578882683989,1.0036629589518073,45.36290322580644,14.284735558777149,15.4639175257732,23.102986518651203
2010-07-20 09:00:00,AAPL,7.363,0.9968860005415652,7.245,0.9934183463595229,7.32,1.000410004100041,7.321,118512100,7.347187499999999,0.9979371466408595,7.394714227190276,1.0043924993212483,55.55555555555553,14.053096238151978,31.168831168831215,19.72151057080355
2010-07-20 10:00:00,AAPL,7.436,1.0099144370501154,7.297,1.0071773636991028,7.392,1.0098360655737706,7.323,137775540,7.3462499999999995,0.99987240015312,7.3944557293626305,1.0064335134175673,48.86363636363637,13.425498767633474,77.92207792207803,24.050514899807883
2010-07-20 11:00:00,AAPL,7.489,1.0071274878967187,7.377,1.0109634096203919,7.46,1.0091991341991342,7.395,131054392,7.357999999999998,1.001599455504509,7.400698040851903,1.0074116781830054,59.51219512195123,12.080023261110993,100.0,27.77168890400076
2010-07-20 12:00:00,AAPL,7.516,1.0036052877553745,7.448,1.0096245086078353,7.505,1.0060321715817695,7.465,72980040,7.369062499999999,1.0015034656156565,7.41063156077077,1.0071529710207627,68.42105263157895,11.19697741328087,100.0,33.32724445955632
2010-07-20 13:00:00,AAPL,7.591,1.009978712080894,7.491,1.0057733619763694,7.566,1.0081279147235176,7.508,134813700,7.3848125,1.0021373139391885,7.425428554983077,1.0076490130166595,65.38461538461539,11.249887379977958,100.0,38.882800015111876
2010-07-20 14:00:00,AAPL,7.611,1.0026346989856407,7.542,1.0068081698037645,7.582,1.0021147237642083,7.569,123667936,7.402937499999999,1.0024543615697756,7.440340121175165,1.007519164660601,66.35514018691585,12.055954955158992,100.0,43.57893261179695
2010-07-20 15:00:00,AAPL,7.657,1.0060438838523191,7.563,1.0027844073190135,7.621,1.0051437615404908,7.587,179547116,7.418187499999998,1.0020599930770724,7.457545823920388,1.0073765750312478,80.64516129032256,13.34970871050626,100.0,48.48992094819966
2010-07-20 16:00:00,AAPL,7.962,1.0398328327021027,7.341,0.9706465688218961,7.835,1.0280803044219917,7.621,132274296,7.443749999999999,1.003445922605758,7.493493840689874,1.010151582268563,82.1782178217822,14.866279472816778,100.0,53.738539732730054
2010-07-20 17:00:00,AAPL,7.893,0.9913338357196684,7.735,1.0536711619670345,7.773,0.9920867900446713,7.842,25718504,7.469937499999999,1.0035180520570948,7.520113474909886,1.010258737183528,88.27361563517914,16.39547562913816,88.03088803088798,57.01772657545281
2010-07-20 18:00:00,AAPL,7.866,0.9965792474344356,7.603,0.982934712346477,7.836,1.0081049787726748,7.778,6865628,7.499624999999998,1.0039742635062208,7.550197905870849,1.0107444548057933,80.89552238805967,17.60715010478118,100.0,60.20986899411457
2010-07-20 19:00:00,AAPL,7.865,0.9998728705822528,7.819,1.0284098382217546,7.836,1.0,7.84,2770376,7.529062499999999,1.0039251962598132,7.577417152930769,1.010372805697721,82.46575342465754,18.507497586496243,100.0,64.50698378846694
2010-07-21 04:00:00,AAPL,7.856,0.9988556897647807,7.818,0.9998721064074689,7.842,1.0007656967840735,7.833,75488,7.559249999999999,1.0040094633295977,7.602615519318315,1.0097692135399747,85.02824858757064,19.162237903462575,100.0,68.6966707129605
2010-07-21 05:00:00,AAPL,7.901,1.0057281059063137,7.853,1.0044768482987976,7.875,1.0042081101759757,7.868,37800,7.591312499999999,1.004241492211529,7.6285568984308565,1.0091684887298156,84.70418470418471,19.655348819435428,100.0,72.82497028324902
2010-07-21 06:00:00,AAPL,7.886,0.9981015061384635,7.838,0.9980899019483,7.861,0.9982222222222222,7.878,65212,7.623875,1.0042894427017728,7.650694336675537,1.007822341219063,90.90909090909088,20.03299800484626,97.49103942652326,76.90596418631861
2010-07-21 07:00:00,AAPL,7.944,1.0073548059852904,7.852,1.0017861699413115,7.913,1.0066149344867066,7.868,4674908,7.6583749999999995,1.0045252578249249,7.675675828420724,1.0067945537434342,89.03318903318896,20.37624152658189,100.0,81.0803042722609
2010-07-21 08:00:00,AAPL,7.981,1.0046576032225578,7.848,0.999490575649516,7.965,1.0065714646783772,7.916,21352772,7.698875,1.0052883281374967,7.703230511428274,1.0058570534125417,88.70728083209504,20.750643394941285,100.0,85.59227480633089
2010-07-21 09:00:00,AAPL,8.067,1.010775592031074,7.771,0.9901885830784913,7.846,0.9850596359070936,7.968,383519780,7.73175,1.00427010439837,7.716827605577962,1.0023318479099819,88.43226788432261,21.18127964780305,79.23211169284471,88.29493698705214
2010-07-21 10:00:00,AAPL,7.873,0.9759514069666543,7.743,0.9963968601209626,7.763,0.9894213612031608,7.849,211738240,7.7549375000000005,1.002998997639603,7.721224976475299,0.9986387268697642,73.32421340629274,21.52460506897889,60.0,90.76916379117584
2010-07-21 11:00:00,AAPL,7.824,0.9937761971294297,7.732,0.998579362004391,7.813,1.006440808965606,7.764,104488300,7.777000000000001,1.002844961677641,7.729965454906224,0.9967798521788503,63.08100929614873,21.725932353687906,66.95652173913041,92.75736882285914
2010-07-21 12:00:00,AAPL,7.855,1.0039621676891617,7.798,1.0085359544749095,7.816,1.0003839754255728,7.816,73730692,7.796437500000001,1.002499357078565,7.738159221105631,0.9950056861393378,64.6759847522236,21.820707846644428,62.65664160401002,91.90928902741092
2010-07-21 13:00:00,AAPL,7.848,0.9991088478676002,7.783,0.9980764298538087,7.797,0.9975690890481065,7.819,54701752,7.810875,1.0018518073158413,7.743763104809857,0.9932437866409956,62.982689747003946,21.73472889399269,56.13577023498691,89.47238737379908
2010-07-21 14:00:00,AAPL,7.813,0.9955402650356778,7.7,0.989335731722986,7.72,0.9901244068231371,7.8,162565312,7.819500000000001,1.0011042296797734,7.741499951970823,0.9911181464267221,46.58273381294962,21.36483981044305,28.779069767441708,85.51566902754584
2010-07-21 15:00:00,AAPL,7.765,0.9938563931908357,7.667,0.9957142857142857,7.687,0.9957253886010363,7.722,150842916,7.823625000000001,1.0005275273355074,7.736309480354554,0.9893611458986576,45.35901926444835,20.688705324601376,0.0,79.96011347199028
2010-07-21 16:00:00,AAPL,7.853,1.0113329040566645,7.669,1.0002608582235555,7.684,0.9996097307141928,7.689,13037136,7.8141875,0.9987937177459297,7.731327625082692,0.9882027353154952,36.229205175600725,19.870188663964917,0.0,74.40455791643473
2010-07-21 17:00:00,AAPL,7.697,0.9801349802623202,7.661,0.9989568392228452,7.675,0.9988287350338365,7.686,381640,7.8080625,0.9992161693074296,7.725963089360531,0.9887097141398937,36.029411764705856,18.92482376524853,0.0,68.84900236087918
2010-07-21 18:00:00,AAPL,7.707,1.001299207483435,7.66,0.9998694687377627,7.689,1.0018241042345277,7.676,604464,7.798874999999999,0.9988233316523784,7.722442795135718,0.9890344493445996,34.73491773308962,18.09679303196692,4.827586206896632,63.56164603904009
2010-07-21 19:00:00,AAPL,7.706,0.9998702478266511,7.673,1.0016971279373368,7.693,1.0005202236961892,7.691,354760,7.7899375,0.9988540013784041,7.719638719408507,0.9898400371090071,32.386363636363654,17.372075111198114,6.206896551724066,59.01586873464209
2010-07-22 04:00:00,AAPL,7.78,1.00960290682585,7.698,1.0032581780268475,7.77,1.0100090991810737,7.712,25200,7.785437499999999,0.9994223316939319,7.724435031845792,0.9915914000395758,33.78378378378376,16.83900134727025,32.75862068965508,55.28023655073404
2010-07-22 05:00:00,AAPL,7.795,1.0019280205655527,7.758,1.0077942322681215,7.77,1.0,7.787,25200,7.778874999999998,0.9991570801255549,7.728774552622384,0.9927219315064035,36.832412523020174,16.427381882102406,32.75862068965508,51.54460436682599
2010-07-22 06:00:00,AAPL,7.794,0.9998717126363053,7.751,0.9990977055942254,7.774,1.0005148005148006,7.766,194068,7.773437499999999,0.9993009914672752,7.733081738086918,0.994113125366704,30.14256619144598,16.13388239072646,34.137931034482826,47.88560053540837
2010-07-22 07:00:00,AAPL,7.789,0.9993584808827303,7.727,0.9969036253386659,7.777,1.0003859017236945,7.779,962332,7.7649374999999985,0.9989065326633165,7.737264429697688,0.9953465799008082,40.42553191489362,15.811495401334506,35.17241379310355,44.28406796835857
2010-07-22 08:00:00,AAPL,7.79,1.0001283861856465,7.73,1.0003882489970235,7.776,0.9998714157129999,7.777,5155360,7.753124999999998,0.9984787385603554,7.7409535316312414,0.9969112477249485,52.364864864864906,15.42132539526639,59.06432748538001,42.14925063829506
2010-07-22 09:00:00,AAPL,7.811,1.0026957637997433,7.707,0.9970245795601551,7.731,0.994212962962963,7.779,107000600,7.745937499999998,0.9990729544538492,7.74000557623779,0.9983078534446165,42.510121457489916,14.9826338569641,39.71631205673762,38.800156863669365
2010-07-22 10:00:00,AAPL,7.872,1.0078094994238893,7.714,1.0009082652134424,7.84,1.0140990816194542,7.733,172546052,7.750749999999999,1.0006212934199379,7.749528854691334,1.0004636436443408,35.294117647058854,14.665071356320093,100.0,38.800156863669365
2010-07-22 11:00:00,AAPL,7.865,0.9991107723577236,7.788,1.0095929478869587,7.815,0.996811224489796,7.843,64575084,7.750874999999999,1.000016127471535,7.755764201863589,1.0006469311826067,55.67282321899737,14.475520798852106,84.84848484848517,39.11217759453828
2010-07-22 12:00:00,AAPL,7.862,0.9996185632549269,7.8,1.0015408320493067,7.838,1.0029430582213692,7.819,46108440,7.752249999999999,1.0001773993258827,7.763596182638485,1.0016412576178155,64.52599388379215,14.339817934258077,98.78787878787892,41.26705974942044
2010-07-22 13:00:00,AAPL,7.868,1.000763164589163,7.803,1.0003846153846154,7.827,0.998596580760398,7.842,48764128,7.754124999999998,1.000241865264923,7.76963464143482,1.0022425284833205,73.81703470031542,14.297455856976178,92.12121212121218,42.665098103980554
2010-07-22 14:00:00,AAPL,7.868,1.0,7.815,1.0015378700499808,7.846,1.002427494570078,7.831,54108908,7.761999999999999,1.001015588477101,7.776907532726741,1.002938117805264,71.99999999999996,14.546720663170523,100.0,44.73972912598
2010-07-22 15:00:00,AAPL,7.872,1.0005083884087442,7.782,0.9957773512476007,7.839,0.9991078256436401,7.848,121279368,7.771499999999999,1.0012239113630508,7.78282110103848,1.00268244022655,75.52238805970154,15.053718514839154,95.90643274853821,46.949210376732836
2010-07-22 16:00:00,AAPL,7.852,0.997459349593496,7.781,0.9998714983294782,7.805,0.9956627120806224,7.842,14478744,7.7790625,1.0009731068648269,7.784933377130053,1.0017285436698262,72.86585365853668,15.602229519972207,76.02339181286531,49.57389493481193
2010-07-22 17:00:00,AAPL,7.85,0.9997452878247579,7.789,1.0010281454825858,7.808,1.0003843689942344,7.804,469896,7.787374999999999,1.0010685734945566,7.7871301983557615,1.0010371041954942,65.64245810055866,16.212400857935,75.79617834394888,53.78479373169798
2010-07-22 18:00:00,AAPL,7.842,0.9989808917197452,7.792,1.0003851585569392,7.809,1.0001280737704918,7.81,356160,7.794874999999999,1.0009630973209844,7.789213036607594,1.0002360277510194,56.69014084507045,16.85723590968047,75.81699346405242,57.99684892414533
2010-07-22 19:00:00,AAPL,7.835,0.9991073705687326,7.791,0.9998716632443533,7.824,1.0019208605455243,7.807,269276,7.8030624999999985,1.001050369633894,7.792526080740204,0.999698658508341,56.842105263157976,17.52774000824585,80.86956521739113,62.489602547333725
2010-07-23 04:00:00,AAPL,7.877,1.005360561582642,7.816,1.003208830702092,7.866,1.0053680981595092,7.832,26516,7.8090625,1.0007689288660704,7.799523596860185,0.9995464725369285,58.44594594594591,18.141683367158386,100.0,67.7769588691728
2010-07-23 05:00:00,AAPL,7.9,1.0029198933604164,7.857,1.005245649948823,7.887,1.0026697177726926,7.872,8400,7.816374999999999,1.0009364120212894,7.807854682873501,0.9998453313536038,63.28358208955217,18.725943745297318,100.0,72.98768683852147
2010-07-23 06:00:00,AAPL,7.897,0.9996202531645569,7.857,1.0,7.87,0.99784455432991,7.888,15148,7.822374999999999,1.0007676192608466,7.813773284504596,0.9996671455124143,65.63380281690141,19.313237757851855,89.10256410256443,76.11790591701643
2010-07-23 07:00:00,AAPL,7.899,1.0002532607319234,7.854,0.9996181748759069,7.873,1.0003811944091487,7.872,490476,7.828375,1.0007670304734817,7.819413924075587,0.9996214607552806,71.25382262996952,20.00313006845305,91.02564102564143,79.35496260234899
2010-07-23 08:00:00,AAPL,7.882,0.9978478288390935,7.74,0.985485103132162,7.797,0.9903467547313602,7.874,3891608,7.8296875,1.0001676593162694,7.817279264639817,0.9985826259779094,57.46606334841639,20.23808677689353,42.307692307692285,79.80883822863842
2010-07-23 09:00:00,AAPL,7.853,0.9963207307789901,7.742,1.0002583979328166,7.756,0.9947415672694627,7.8,70982016,7.83125,1.000199560965875,7.81144314419793,0.997669848789997,46.69117647058811,20.14724014473604,0.0,77.85481524013267
2010-07-23 10:00:00,AAPL,7.849,0.9994906405195467,7.736,0.9992250064582795,7.81,1.0069623517276947,7.76,90372604,7.829375000000001,0.99976057462091,7.811305701893365,0.9974532420614033,35.86206896551728,19.56053118977704,41.22137404580126,76.86354004904496
2010-07-23 11:00:00,AAPL,7.838,0.9985985475856797,7.771,1.0045243019648398,7.812,1.000256081946223,7.813,48278384,7.8291875,0.9999760517282669,7.811371825522568,0.997700560456303,47.44744744744739,18.558417186986198,42.74809160305369,77.0319722460625
2010-07-23 12:00:00,AAPL,7.847,1.001148252105129,7.759,0.9984557971946983,7.813,1.0001280081925243,7.815,58190160,7.827625,0.9998004262894458,7.811526889758514,0.9977442601494106,44.62025316455699,17.194799356670472,43.511450381679225,73.89371948948911
2010-07-23 13:00:00,AAPL,7.868,1.0026761819803747,7.788,1.0037375950509086,7.851,1.0048636887239217,7.816,61062652,7.829125,1.0001916290062438,7.815286233591036,0.9984236896365163,45.80645161290311,15.608961249058389,72.51908396946583,73.20875277398805
2010-07-23 14:00:00,AAPL,7.883,1.001906456532791,7.822,1.0043656908063687,7.857,1.0007642338555598,7.854,76652772,7.8298125,1.0000878131336515,7.819258973249032,0.9987398302171739,57.32484076433127,13.924949013115503,77.09923664122175,72.0038282102849
2010-07-23 15:00:00,AAPL,7.88,0.9996194342255487,7.826,1.0005113781641524,7.862,1.000636375206822,7.859,102824484,7.83125,1.000183593157563,7.823329547225314,0.9991720168554884,57.72870662460575,12.311589130472505,80.91603053435145,71.38131812212595
2010-07-23 16:00:00,AAPL,7.874,0.999238578680203,7.758,0.9913110145668286,7.86,0.9997456118036123,7.865,16035460,7.834687499999999,1.0004389465283319,7.826821971299093,0.9994345693598204,58.25545171339565,11.255281104258533,79.3893129770997,70.23627995418705
2010-07-23 17:00:00,AAPL,7.873,0.9998729997459995,7.84,1.0105697344676463,7.857,0.999618320610687,7.863,284340,7.837749999999999,1.0003908898727614,7.829696069270608,0.9993629062129931,55.844155844155935,10.68865480379362,77.09923664122175,69.1914357260028
2010-07-23 18:00:00,AAPL,7.873,1.0,7.841,1.0001275510204082,7.86,1.0003818251240932,7.856,237412,7.8409375,1.0004066855921663,7.832582157911502,0.9993406472407902,48.32713754646849,10.50917082149197,79.3893129770997,69.37843134623805
2010-07-23 19:00:00,AAPL,7.875,1.0002540327702274,7.846,1.0006376737661014,7.858,0.9997455470737913,7.863,89684,7.843062499999999,1.0002710135108206,7.835002904777073,0.9992431268298049,44.621513944223246,10.618186647549319,77.86259541984728,69.49323229489909
2010-07-26 06:00:00,AAPL,7.88,1.0006349206349205,7.842,0.99949018608208,7.855,0.9996182234665311,7.865,43120,7.8423750000000005,0.9999123429145186,7.8369073900364,0.9992152159996686,47.45762711864398,11.153702009607379,75.57251908397,69.4796503848945
2010-07-26 07:00:00,AAPL,7.872,0.9989847715736041,7.808,0.9956643713338434,7.852,0.999618077657543,7.863,155456,7.840187500000001,0.9997210666411642,7.838344781461505,0.9994860971914126,46.18644067796615,12.270043040710211,82.05128205128213,69.54530132011068
2010-07-26 08:00:00,AAPL,7.864,0.9989837398373984,7.819,1.0014088114754098,7.853,1.000127356087621,7.85,1160572,7.839125,0.9998644802818809,7.839740516560409,0.999942988169659,66.87116564417204,13.828190073985866,82.90598290598251,68.59563370377636
2010-07-26 09:00:00,AAPL,7.895,1.003942014242116,7.789,0.9961631922240696,7.809,0.9943970457150134,7.854,67700864,7.835125000000001,0.9994897389695917,7.83681284831656,0.9997050497748868,89.43089430894311,15.629169313352726,50.0,65.81785592599857
2010-07-26 10:00:00,AAPL,7.864,0.9960734642178595,7.779,0.9987161381435358,7.832,1.0029453195031373,7.812,81959108,7.8373125,1.0002791914615274,7.836354481810221,1.0001569192336077,49.557522123894046,17.259586316852687,71.6981132075469,64.85094198738649
2010-07-26 11:00:00,AAPL,7.861,0.9996185147507629,7.812,1.0042421905129195,7.83,0.9997446373850869,7.836,47300988,7.8419375,1.0005901257605843,7.835749293066391,0.9998005429879682,57.462686567164106,18.736364335461964,39.622641509433834,61.99521979204162
2010-07-26 12:00:00,AAPL,7.846,0.9980918458211424,7.788,0.9969278033794163,7.814,0.9979565772669221,7.833,39568956,7.8421875,1.0000318798766248,7.833677931821972,0.9989467439420389,56.296296296296475,20.134065156137478,9.433962264150754,60.16890145628932
2010-07-26 13:00:00,AAPL,7.838,0.9989803721641601,7.782,0.9992295839753467,7.822,1.0010238034297414,7.817,41924848,7.842812499999999,1.0000796971508268,7.8325657478389275,0.9987730780268806,33.62831858407064,21.47251014179277,24.528301886792296,61.53158489444445
2010-07-26 14:00:00,AAPL,7.833,0.9993620821638173,7.783,1.0001285016705217,7.805,0.9978266428023523,7.825,33247340,7.8423125,0.9999362473602424,7.829940438520934,0.9983587442031714,34.7826086956519,22.766197886978304,0.0,59.24150855856661
2010-07-26 15:00:00,AAPL,7.849,1.0020426401123452,7.791,1.0010278812797122,7.839,1.0043561819346574,7.808,64444744,7.8415625,0.9999043649433761,7.830803253899893,0.99853241679669,27.559055118109896,24.04316147478929,59.649122807018365,60.180454736564634
2010-07-26 16:00:00,AAPL,7.872,1.0029303095935787,7.808,1.0021820048774226,7.832,0.9991070289577751,7.842,36636740,7.84,0.9998007412425776,7.830917229718951,0.9986424554696784,43.39622641509437,25.23949278834813,47.3684210526315,60.39473088495087
2010-07-26 17:00:00,AAPL,7.847,0.99682418699187,7.819,1.0014088114754098,7.836,1.0005107252298264,7.839,218960,7.838375,0.9997927295918367,7.831401303079051,0.9989032274335524,42.331288343558185,26.357850855623123,56.36363636363681,59.497206017960366
2010-07-26 18:00:00,AAPL,7.85,1.000382311711482,7.819,1.0,7.832,0.9994895354772843,7.837,3416028,7.836624999999999,0.9997767394389779,7.831458321833427,0.9991175877440703,42.68292682926831,27.149129393444866,49.090909090908795,57.94118782072076
2010-07-26 19:00:00,AAPL,7.844,0.999235668789809,7.803,0.9979537025195038,7.83,0.9997446373850869,7.834,283500,7.834937499999999,0.9997846649546202,7.831319434039767,0.9993229782004075,42.16867469879526,27.720870371342908,45.4545454545456,55.9711053162871
2010-07-27 05:00:00,AAPL,7.86,1.0020397756246813,7.818,1.001922337562476,7.839,1.0011494252873563,7.852,26348,7.833624999999998,0.9998324811142398,7.832050916512171,0.9996315754289261,42.42424242424235,27.993065466866188,64.1509433962278,55.12452922846089
2010-07-27 06:00:00,AAPL,7.858,0.9997455470737913,7.819,1.0001279099513942,7.847,1.0010205383339712,7.834,21000,7.832937499999999,0.9999122373103131,7.833474638749108,0.9999808056613777,46.19883040935678,28.03578668493711,84.00000000000021,55.50790497061525
2010-07-27 07:00:00,AAPL,7.858,1.0,7.784,0.9955237242614144,7.812,0.9955396966993756,7.849,371000,7.830249999999999,0.9996568975559935,7.831429435058716,0.9998074713424838,48.314606741573236,28.055692317538927,14.58333333333449,51.90757276818385
2010-07-27 08:00:00,AAPL,7.9,1.005344871468567,7.788,1.000513874614594,7.871,1.007552483358935,7.815,3962980,7.831437499999998,1.0001516554388428,7.835198060291219,1.0006319160041148,50.887573964497065,27.62182405079261,100.0,53.137428578192335
2010-07-27 09:00:00,AAPL,7.974,1.009367088607595,7.85,1.0079609655880841,7.956,1.0107991360691144,7.874,110931884,7.837874999999999,1.0008220074539318,7.846703006930151,1.0019492598811077,59.51219512195124,26.36114088771154,100.0,54.494510851305115
2010-07-27 10:00:00,AAPL,7.985,1.0013794833207925,7.899,1.0062420382165607,7.929,0.996606334841629,7.956,115795092,7.845374999999999,1.0009568920147363,7.854540815793946,1.0021263181403055,71.87499999999983,24.499526102619633,82.11920529801324,54.498284365012395
2010-07-27 11:00:00,AAPL,7.959,0.996743894802755,7.883,0.9979744271426763,7.946,1.002144028250725,7.933,57689296,7.852499999999999,1.0009081783853544,7.863251214289761,1.0022785672182353,69.23076923076907,22.236125667090437,93.37748344370819,55.08003439488605
2010-07-27 12:00:00,AAPL,7.986,1.003392385978138,7.925,1.005327920842319,7.963,1.002139441228291,7.95,64903160,7.860812499999999,1.0010585800700413,7.872751098643118,1.0025789364715847,70.12987012986991,19.67926933326625,100.0,57.85781217266382
2010-07-27 13:00:00,AAPL,7.988,1.0002504382669672,7.93,1.0006309148264985,7.966,1.0003767424337562,7.966,53568144,7.870312499999999,1.0012085264722954,7.881631946391392,1.002648510747635,75.6493506493505,18.138171576661694,100.0,59.430139216688985
2010-07-27 14:00:00,AAPL,8.006,1.0022533800701052,7.947,1.002143757881463,7.989,1.0028872709013306,7.969,71132824,7.880749999999999,1.0013261862219576,7.891857475306498,1.0027374993440856,72.92418772563157,17.513655902554962,100.0,62.78443691060933
2010-07-27 15:00:00,AAPL,8.017,1.0013739695228578,7.966,1.0023908393104317,7.984,0.9993741394417324,7.992,89162248,7.891937499999999,1.0014195983884782,7.900632953848737,1.0025229773624005,76.79180887372004,17.64122187320407,97.17514124293791,67.6589468538753
2010-07-27 16:00:00,AAPL,8.001,0.9980042409879007,7.83,0.9829274416269144,7.984,1.0,7.986,7992852,7.900999999999999,1.0011483238431627,7.908572672529809,1.0021078692690877,75.17006802721079,17.49183834338693,97.17514124293791,71.69488237366119
2010-07-27 17:00:00,AAPL,8.0,0.9998750156230471,7.966,1.0173690932311623,7.989,1.00062625250501,7.987,323624,7.910812499999999,1.0012419314010885,7.916232418003161,1.0019279101383574,76.20689655172416,17.065893716421275,100.0,77.25043792921673
2010-07-27 18:00:00,AAPL,8.004,1.0005,7.971,1.0006276675872459,7.986,0.9996244836650394,7.993,3377276,7.9201875,1.0011850868668675,7.922876949621908,1.0015250582189767,77.13310580204774,16.46569901937117,98.30508474576264,79.39799137025807
2010-07-27 19:00:00,AAPL,8.003,0.9998750624687657,7.966,0.9993727261322294,7.985,0.9998747808665165,7.988,418012,7.92975,1.0012073577803555,7.928793430610297,1.0010865816762922,75.60975609756088,15.717412591577405,97.74011299435053,82.19641870035356
2010-07-28 05:00:00,AAPL,8.01,1.0008746719980006,7.986,1.0025106703489832,7.999,1.001753287413901,8.002,2800,7.9403125,1.0013320092058386,7.935479770552174,1.000722566354825,74.64285714285718,14.972434225498567,100.0,84.62066112459596
2010-07-28 07:00:00,AAPL,8.008,0.9997503121098625,7.944,0.994740796393689,7.996,0.99962495311914,7.966,253988,7.950124999999999,1.0012357825967175,7.941243601928157,1.0001172626301744,86.10038610038619,14.005917832498668,98.3957219251341,87.35981739316402
2010-07-28 08:00:00,AAPL,8.014,1.0007492507492508,7.945,1.0001258811681772,7.978,0.9977488744372185,7.999,3930136,7.958312499999999,1.0010298580211003,7.944744211268333,0.9993231818705157,80.78817733990184,12.917333166623669,88.77005347593584,89.76623450546347
2010-07-28 09:00:00,AAPL,8.046,1.0039930122286,7.952,1.0008810572687223,8.033,1.0068939583855603,7.981,96169948,7.972124999999999,1.0017356066377137,7.953149524480873,0.999351247451124,58.0882352941175,12.010861926186973,100.0,91.7578487612286
2010-07-28 10:00:00,AAPL,8.053,1.000869997514293,7.956,1.000503018108652,7.981,0.9935267023527947,8.035,95712736,7.978999999999999,1.0008623798548066,7.95580195072079,0.9979524845283775,81.70731707317088,11.13398732917566,50.0,89.8689598723397
2010-07-28 11:00:00,AAPL,7.998,0.9931702471128772,7.927,0.9963549522373051,7.949,0.9959904773837865,7.983,60010552,7.978562499999999,0.9999451685674896,7.955154145890239,0.9970114232222383,58.79396984924635,9.915220232950885,19.230769230768967,90.12715075553052
2010-07-28 12:00:00,AAPL,7.974,0.9969992498124531,7.911,0.9979815819351583,7.939,0.998741980123286,7.952,39190396,7.979187499999998,1.0000783349130873,7.9536156558054545,0.9968732658051441,46.72897196261673,9.155762072767429,0.0,84.57159519997496
2010-07-28 13:00:00,AAPL,7.958,0.9979934788061199,7.86,0.9935532802427002,7.888,0.9935760171306209,7.943,69101872,7.975562499999999,0.9995456930921852,7.947366545728745,0.9960120056996713,43.89140271493203,9.049370755724222,0.0,79.01603964441941
2010-07-28 14:00:00,AAPL,7.923,0.9956019100276451,7.86,1.0,7.887,0.9998732251521297,7.891,64648612,7.970812499999999,0.999404430721971,7.9416173508974355,0.9957438551697685,29.71887550200786,9.559021008915083,0.0,74.45386157230756
2010-07-28 15:00:00,AAPL,7.919,0.9994951407295216,7.856,0.9994910941475826,7.89,1.00038037276531,7.895,70156940,7.9660625000000005,0.9994040758078303,7.936701412716728,0.9957205006035117,30.204081632652844,10.564123874920327,2.0547945205480245,69.38037885435422
2010-07-28 16:00:00,AAPL,7.998,1.0099760070716,7.848,0.9989816700610998,7.871,0.9975918884664132,7.896,14768040,7.9586875,0.9990741975725146,7.930444135315135,0.9955287364761617,31.04838709677402,11.691932153436843,0.0,63.82482329879867
2010-07-28 17:00:00,AAPL,7.99,0.9989997499374844,7.841,0.9991080530071356,7.864,0.9991106593825434,7.982,858284,7.9511875,0.9990576335608101,7.924116122427979,0.9956561458692754,27.480916030534274,12.959436210876255,0.0,58.26926774324311
2010-07-28 18:00:00,AAPL,7.901,0.9888610763454317,7.854,1.0016579517918633,7.876,1.0015259409969481,7.869,393008,7.944437500000001,0.9991510702017782,7.919533634577695,0.996018976357644,27.0676691729322,13.93103983943016,7.100591715976617,53.10818950524181
2010-07-28 19:00:00,AAPL,7.89,0.9986077711682065,7.848,0.9992360580595875,7.869,0.999111223971559,7.881,244860,7.936937500000001,0.9990559432307196,7.914720907475057,0.9962594466222505,30.324909747292367,14.670054933183119,2.958579881656749,47.873936096281746
2010-07-29 06:00:00,AAPL,7.938,1.006083650190114,7.893,1.0057339449541285,7.906,1.004701995170924,7.913,23520,7.931937500000001,0.9993700340969045,7.913890344858385,0.997096215619486,25.92592592592598,15.013518405073867,24.85207100591711,43.85598774978059
2010-07-29 07:00:00,AAPL,7.934,0.99949609473419,7.881,0.9984796655264159,7.894,0.9984821654439666,7.925,563836,7.9262500000000005,0.9992829620757854,7.911996026300443,0.9974859265217915,35.19736842105256,15.06371920316314,17.751479289941017,39.286625488110644
2010-07-29 08:00:00,AAPL,7.917,0.9978573229140408,7.864,0.997842913335871,7.894,1.0,7.901,2706172,7.919687500000001,0.9991720548809336,7.910282119033734,0.9979854431835651,35.90604026845644,14.969932709958561,17.751479289941017,34.81142518500944
2010-07-29 09:00:00,AAPL,7.952,1.004420866489832,7.833,0.9960579857578841,7.916,1.0027869267798328,7.896,101279416,7.914687500000001,0.9993686619579372,7.910826679125759,0.9988811653396372,21.39917695473268,14.579389788600485,30.769230769231132,31.090820616947255
2010-07-29 10:00:00,AAPL,7.929,0.9971076458752516,7.849,1.0020426401123452,7.864,0.9934310257705912,7.919,77462756,7.907562500000002,0.999099774943736,7.906366995399496,0.9989487260740864,34.74178403755887,13.992013881019753,0.0,25.535265061391698
2010-07-29 11:00:00,AAPL,7.876,0.9933156766300921,7.765,0.9892979997451904,7.788,0.9903357070193286,7.868,93770040,7.892250000000001,0.9980635625706403,7.895093948218593,0.9984232117316292,31.759656652360633,13.67421693246297,0.0,20.06883606555091
2010-07-29 12:00:00,AAPL,7.803,0.9907313357034027,7.73,0.9954925949774631,7.777,0.9985875706214689,7.792,80002356,7.8795,0.9983844911147011,7.883846905531108,0.9989352726448234,24.74916387959881,13.701827882729313,0.0,15.137166427998924
2010-07-29 13:00:00,AAPL,7.805,1.0002563116749967,7.755,1.003234152652005,7.776,0.9998714157129999,7.779,67873652,7.8686875,0.9986277682594074,7.873575771671002,0.9992481466680629,28.571428571428726,13.890567903934523,0.0,9.58161087244337
2010-07-29 14:00:00,AAPL,7.876,1.0090967328635492,7.749,0.9992263056092843,7.851,1.0096450617283952,7.779,97189456,7.8631874999999996,0.9993010270137173,7.871425698178526,1.000347986646887,28.571428571428726,13.886000405043108,53.571428571428484,9.780023570856063
2010-07-29 15:00:00,AAPL,7.883,1.0008887760284408,7.788,1.005032907471932,7.803,0.9938861291555215,7.854,103069876,7.857874999999999,0.9993243834004976,7.8649089650186665,1.000218927123214,44.1087613293052,13.562171387536171,19.285714285714302,9.783076073908582
2010-07-29 16:00:00,AAPL,7.9,1.0021565393885576,7.779,0.99884437596302,7.793,0.998718441625016,7.811,17959116,7.852,0.9992523423953679,7.858060492159746,1.0000236058934187,40.555555555555536,12.967430507352903,12.142857142857343,10.457679248511766
2010-07-29 17:00:00,AAPL,7.814,0.9891139240506329,7.776,0.9996143463170073,7.79,0.9996150391376877,7.806,330176,7.845750000000001,0.9992040244523689,7.851578540525484,0.9999463245702348,40.2203856749312,12.176692331046327,10.000000000000126,11.013234804067329
2010-07-29 18:00:00,AAPL,7.814,1.0,7.776,1.0,7.797,1.0008985879332477,7.799,158508,7.841125,0.9994105088742312,7.846380584284962,1.0000803727221694,37.85310734463276,11.497547800856099,14.999999999999874,11.846568137400656
2010-07-29 19:00:00,AAPL,7.808,0.9992321474276938,7.778,1.0002572016460904,7.791,0.9992304732589459,7.797,164248,7.8365625,0.9994181319644821,7.841106242924489,0.9999976078591387,39.83050847457627,10.893222219719352,10.714285714286078,12.327650981497214
2010-07-30 05:00:00,AAPL,7.797,0.9985911885245902,7.774,0.9994857289791721,7.787,0.9994865870876652,7.789,2800,7.831,0.9992901862264226,7.835953267407871,0.9999222576745698,32.19814241486077,10.36798948044653,7.857142857142912,12.764158918005155
2010-07-30 06:00:00,AAPL,7.786,0.9985892009747338,7.763,0.9985850270131207,7.775,0.9984589700783357,7.778,52920,7.825125000000001,0.9992497765291789,7.830148194321407,0.999891226448909,33.015873015873,9.927490233474904,0.0,12.764158918005155
2010-07-30 07:00:00,AAPL,7.805,1.0024402774210122,7.757,0.9992271029241272,7.775,1.0,7.778,51800,7.816937500000002,0.9989536908356098,7.824895985338416,0.9999707334181135,31.804281345565784,9.684126933930651,0.0,12.369681600450896
2010-07-30 08:00:00,AAPL,7.79,0.9980781550288277,7.728,0.996261441278845,7.747,0.9963987138263665,7.778,3224172,7.807750000000001,0.9988246675888095,7.817477320068091,1.0000690577439169,26.885245901639323,9.653664176156683,0.0,12.205316051469966
2010-07-30 09:00:00,AAPL,7.769,0.9973042362002568,7.694,0.995600414078675,7.73,0.9978056021685815,7.75,80108168,7.797500000000001,0.9986872018187057,7.809146146728273,1.0001788155010434,29.18149466192169,9.843171826012396,0.0,10.824645440030128
2010-07-30 10:00:00,AAPL,7.848,1.0101686188698673,7.717,1.002989342344684,7.812,1.010608020698577,7.736,100227512,7.791000000000001,0.999166399487015,7.809417942277961,1.0015284311994819,36.936936936936945,9.939023595405796,61.19402985074641,13.238120471185983
2010-07-30 11:00:00,AAPL,7.835,0.9983435270132518,7.762,1.0058312815861086,7.805,0.9991039426523297,7.814,43499876,7.7873125000000005,0.9995266974714413,7.8089971858705365,1.0023099969029052,55.97269624573382,9.961077188545374,61.98347107437981,15.69545334809925
2010-07-30 12:00:00,AAPL,7.837,1.0002552648372687,7.77,1.0010306622004639,7.82,1.0019218449711724,7.808,30505384,7.789312500000001,1.0002568280135156,7.810045072930485,1.002919180773917,54.849498327759186,9.653828063543303,74.38016528925635,18.118283043656206
2010-07-30 13:00:00,AAPL,7.837,1.0,7.736,0.9956241956241957,7.753,0.9914322250639386,7.822,37144016,7.7878125,0.9998074284476325,7.804612208841868,1.0019641924549654,43.5146443514645,9.079299231090316,19.00826446280973,19.17429773603452
2010-07-30 14:00:00,AAPL,7.812,0.9968100038279955,7.734,0.999741468459152,7.782,1.0037404875532052,7.755,41941564,7.788187499999999,1.0000481521608282,7.802458665142642,1.0018806519985737,40.31007751937989,8.309104712265082,42.97520661157008,21.56180921445508
2010-07-30 15:00:00,AAPL,7.862,1.006400409626216,7.759,1.0032324799586243,7.779,0.9996144949884348,7.784,88545324,7.783687499999999,0.9994222018922888,7.800224506557629,1.0015455465803345,48.014440433212975,7.445465260030213,54.44444444444396,24.586500572479746
2010-07-30 16:00:00,AAPL,7.844,0.9977105062325108,7.735,0.9969068178889032,7.776,0.9996143463170073,7.779,22290212,7.781999999999999,0.9997832004432347,7.797917410694997,1.001828170863103,48.014440433212975,6.630311301552624,51.111111111110496,27.426006745319217
2010-07-30 17:00:00,AAPL,7.803,0.9947730749617542,7.758,1.0029734970911441,7.773,0.9996141975308642,7.777,273924,7.7807499999999985,0.9998393729118478,7.79554432396214,1.0017404682552224,46.153846153846175,5.893611449684341,47.77777777777703,27.10413725678303
2010-07-30 18:00:00,AAPL,7.788,0.998077662437524,7.752,0.9992266047950502,7.764,0.998842145889618,7.773,161840,7.779124999999999,0.9997911512386338,7.792540102632413,1.001515291280714,46.66666666666655,5.239245629202188,37.77777777777762,28.13147411745321
2010-07-30 19:00:00,AAPL,7.781,0.999101181304571,7.752,1.0,7.77,1.0007727975270477,7.767,70336,7.777437499999999,0.999783073289091,7.790393426191231,1.0014485467441687,45.81818181818188,4.6578915843358075,44.44444444444357,29.926006745319114
2010-08-02 04:00:00,AAPL,7.853,1.009253309343272,7.804,1.0067079463364295,7.842,1.0092664092664092,7.82,11200,7.780624999999999,1.0004098393590435,7.795308337982542,1.0022977796970458,49.07063197026008,4.364390440329264,100.0,34.92600674531911
2010-08-02 06:00:00,AAPL,7.864,1.0014007385712467,7.827,1.002947206560738,7.84,0.9997449630196379,7.855,5684,7.783937499999999,1.0004257370069884,7.799564686746109,1.0024342114863665,59.824046920821004,4.414414539256153,98.2142857142859,39.549022618334995
2010-08-02 07:00:00,AAPL,7.85,0.9982197355035605,7.809,0.9977002683020314,7.832,0.9989795918367347,7.842,312928,7.787499999999999,1.0004576732534145,7.802653764198861,1.0024044725691672,64.76190476190479,4.697127708487625,91.0714285714287,44.013308332620696
2010-08-02 08:00:00,AAPL,7.861,1.0014012738853504,7.765,0.9943654757331284,7.845,1.0016598569969357,7.835,2089416,7.791874999999998,1.000561797752809,7.8066867390370644,1.0024637867142299,66.66666666666657,4.968034192861104,100.0,49.13235595166831
2010-08-02 09:00:00,AAPL,7.912,1.006487724208116,7.834,1.0088860270444302,7.86,1.0019120458891013,7.851,62447448,7.798937499999998,1.0009063928771957,7.811764192462106,1.0025525553813566,56.96202531645559,5.516696795062936,100.0,54.687911507223866
2010-08-02 10:00:00,AAPL,7.95,1.0048028311425683,7.847,1.0016594332397244,7.932,1.0091603053435114,7.863,114981916,7.811562499999999,1.0016188102546022,7.823215221751429,1.0031129524696705,61.22448979591849,6.522238193733292,100.0,60.24346706277942
2010-08-02 11:00:00,AAPL,7.95,1.0,7.901,1.0068816108066776,7.93,0.9997478567826524,7.937,41928880,7.8189375000000005,1.0009441132935954,7.833385200632245,1.0027936409178375,68.54304635761594,7.6139986953246055,98.88268156424544,65.73694937190417
2010-08-02 12:00:00,AAPL,7.946,0.9994968553459119,7.902,1.000126566257436,7.928,0.9997477931904162,7.933,28327152,7.826625,1.0009831898515622,7.842396133905364,1.0030002329479375,87.34177215189864,8.759653005776894,97.76536312849137,71.16835843459813
2010-08-02 13:00:00,AAPL,7.94,0.9992449030958974,7.874,0.9964565932675271,7.906,0.9972250252270434,7.93,42084000,7.832000000000001,1.0006867583409198,7.848453644961997,1.0027890239997441,84.76190476190474,9.805290267626734,85.47486033519517,72.51729346151195
2010-08-02 14:00:00,AAPL,7.942,1.0002518891687657,7.893,1.0024130048260096,7.923,1.0021502656210473,7.909,48102880,7.842625,1.0013566138917263,7.855553297822759,1.0030073158609243,77.72925764192134,10.912089518587823,94.64285714285694,74.33170379864957
2010-08-02 15:00:00,AAPL,7.942,1.0,7.894,1.0001266945394653,7.914,0.9988640666414237,7.926,70500500,7.850875000000001,1.0010519437050733,7.861119650411068,1.002358221948782,80.24691358024693,12.062176638598245,89.2857142857139,75.15978985400834
2010-08-02 16:00:00,AAPL,7.939,0.9996222613951146,7.869,0.9968330377501899,7.913,0.999873641647713,7.919,12250896,7.859250000000001,1.001066760074514,7.866060636086204,1.0019342603322818,78.31325301204814,12.97069149829155,88.69047619047612,79.0310238388787
2010-08-02 17:00:00,AAPL,7.927,0.9984884746189696,7.765,0.9867835811411869,7.909,0.9994945027170479,7.78,334068,7.867562500000001,1.0010576708973502,7.870150099316089,1.0013869134225388,80.91286307053934,13.32303863055347,86.30952380952348,81.43848590543165
2010-08-02 18:00:00,AAPL,7.928,1.0001261511290527,7.897,1.0169993560849968,7.917,1.0010115058793778,7.912,238420,7.8765625,1.0011439375283004,7.874611994619318,1.0008960201611767,79.07949790794964,13.25042943675878,91.07142857142824,83.47331835693076
2010-08-02 19:00:00,AAPL,7.929,1.0001261352169526,7.902,1.0006331518298088,7.918,1.0001263104711382,7.919,276248,7.886187500000001,1.0012219797659196,7.878744185607955,1.0002769844850408,71.42857142857129,12.882649975444242,91.35802469135793,85.70925800027787
2010-08-03 04:00:00,AAPL,7.931,1.0002522386177324,7.908,1.0007593014426728,7.92,1.0002525890376357,7.923,5600,7.895562500000001,1.0011887873576428,7.88267331078815,0.9995543868045427,72.41379310344809,12.301190260736242,87.99999999999962,87.94382590151244
2010-08-03 06:00:00,AAPL,7.929,0.9997478249905435,7.905,0.9996206373292867,7.918,0.9997474747474748,7.921,2800,7.900312500000001,1.0006016037489411,7.886037757379755,0.998793658764623,76.19047619047592,11.306126978144688,85.99999999999984,90.62283824719145
2010-08-03 07:00:00,AAPL,7.929,1.0,7.893,0.998481973434535,7.906,0.9984844657741854,7.921,63700,7.904437500000001,1.0005221312448083,7.887938923343588,0.9984337864285225,73.24840764331196,10.045586619121723,73.99999999999945,92.26481355583344
2010-08-03 08:00:00,AAPL,7.926,0.9996216420734014,7.879,0.9982262764474851,7.913,1.0008854034910195,7.909,595028,7.909500000000001,1.0006404630310506,7.890325692548961,0.99821469807927,64.93506493506456,9.390091528237845,78.1609195402299,91.05153130806843
2010-08-03 09:00:00,AAPL,7.925,0.9998738329548321,7.84,0.9950501332656428,7.863,0.9936812839630987,7.913,49989576,7.910625000000002,1.0001422340223782,7.8877232456395365,0.9972467596737512,39.3258426966294,9.251731697982303,4.166666666666821,85.82666358320073
2010-08-03 10:00:00,AAPL,7.903,0.997223974763407,7.831,0.9988520408163266,7.888,1.003179448047819,7.865,65849112,7.912375000000001,1.0002212214584814,7.887749603197676,0.9971082693463126,25.547445255474955,9.783643714885576,36.23188405797027,82.78002222134192
2010-08-03 11:00:00,AAPL,7.97,1.0084777932430722,7.857,1.003320137913421,7.952,1.0081135902636917,7.892,71576428,7.913625000000001,1.000157980378837,7.893868688607421,0.9976610927322606,37.50000000000007,10.724769717081466,100.0,82.78002222134192
2010-08-03 12:00:00,AAPL,7.963,0.9991217063989962,7.869,1.0015273004963725,7.91,0.994718309859155,7.954,61395124,7.912375000000001,0.9998420445750209,7.8954050039781425,0.9976976422282003,61.3861386138614,11.984019681251704,52.8089887640449,80.15829937489997
2010-08-03 13:00:00,AAPL,7.948,0.9981162878312194,7.883,1.0017791333079171,7.925,1.0018963337547409,7.912,34753404,7.912187500000001,0.9999763029431744,7.898223575027843,0.9982114820174527,47.136563876652005,13.483713896361404,69.6629213483143,78.47290611647298
2010-08-03 14:00:00,AAPL,7.947,0.9998741821841972,7.896,1.001649118355956,7.927,1.0002523659305993,7.929,33114060,7.913499999999999,1.0001658833287252,7.900964186929953,0.9985815157856095,52.36051502145926,15.073732895909663,71.91011235955001,76.97443004954546
2010-08-03 15:00:00,AAPL,7.94,0.9991191644645778,7.883,0.9983535967578521,7.919,0.9989907909675791,7.93,57745212,7.913249999999999,0.999968408415998,7.902681883412814,0.9986329542443692,52.991452991452846,16.771620117887622,62.921348314606135,75.03865144877408
2010-08-03 16:00:00,AAPL,7.954,1.00176322418136,7.869,0.9982240263858937,7.922,1.0003788357115797,7.922,38450580,7.913749999999999,1.0000631851641235,7.904521704040166,0.9988970023745195,52.10084033613441,18.49972127763071,66.29213483146022,73.97294447634435
2010-08-03 17:00:00,AAPL,7.94,0.9982398793060097,7.909,1.0050832380226205,7.927,1.0006311537490533,7.932,540680,7.914624999999999,1.0001105670510189,7.906662494131578,0.9991044061452002,51.072961373390534,20.156933243848574,71.91011235955001,72.71001421060508
2010-08-03 18:00:00,AAPL,7.948,1.001007556675063,7.897,0.9984827411809332,7.91,0.9978554308061058,7.93,961044,7.914687499999999,1.0000078967733785,7.906980351833332,0.9990341111339239,51.898734177215076,21.41704040769608,52.8089887640449,70.68352945940124
2010-08-03 19:00:00,AAPL,7.926,0.9972320080523401,7.899,1.0002532607319234,7.912,1.000252844500632,7.916,164304,7.914375,0.9999605164449007,7.907458413563491,0.9990866238955728,48.01587301587304,22.34152116641393,55.05617977528062,68.81495743633484
2010-08-04 05:00:00,AAPL,7.902,0.9969719909159728,7.878,0.9973414356247626,7.891,0.9973458038422649,7.894,3948,7.9126875,0.9997867803837953,7.905890945605063,0.9989280196610678,48.80952380952376,23.057828994927643,31.460674157303067,65.76779912232259
2010-08-04 07:00:00,AAPL,7.937,1.004429258415591,7.889,1.0013962934755014,7.906,1.0019008997592194,7.929,86380,7.911812500000001,0.9998894181022568,7.9059013317379145,0.999142368725912,47.12643678160924,23.393247249748388,48.31460674157246,63.39242013177503
2010-08-04 08:00:00,AAPL,7.953,1.002015875015749,7.878,0.9986056534415008,7.926,1.0025297242600557,7.905,2011884,7.9123125000000005,1.0000631966442581,7.907815490620018,0.9994948048402331,48.698884758364194,23.355490252656537,70.78651685393265,62.24955858525139
2010-08-04 09:00:00,AAPL,7.996,1.0054067647428644,7.913,1.0044427519675045,7.97,1.0055513499873832,7.928,61993960,7.9163125,1.0005055412055577,7.913737824846683,1.0001801401103259,63.179916317991676,22.733748167039483,100.0,62.916225251918085
2010-08-04 10:00:00,AAPL,8.001,1.000625312656328,7.858,0.9930494123594085,7.903,0.9915934755332496,7.973,129555216,7.9156875000000015,0.9999210490995651,7.912715174861284,0.9995455807058253,65.89147286821714,21.815900874286243,37.3831775700929,60.21529067247881
2010-08-04 11:00:00,AAPL,7.961,0.9950006249218849,7.889,1.0039450241791805,7.913,1.0012653422750855,7.906,49829276,7.918812500000001,1.0003947856708593,7.912742301064972,0.9996279288520384,40.613026819923235,20.540018778565855,30.487804878049268,57.797946499037124
2010-08-04 12:00:00,AAPL,7.962,1.0001256123602562,7.901,1.0015211053365445,7.94,1.0034121066599266,7.916,33624948,7.922062500000001,1.0004104150717041,7.915338272392118,0.9995612691160596,50.655021834061166,18.967634964025486,62.02531645569689,56.90152410545196
2010-08-04 13:00:00,AAPL,7.956,0.9992464204973626,7.899,0.9997468674851285,7.925,0.9981108312342568,7.943,33207776,7.920375,0.9997869872902415,7.916258436926202,0.999267354546395,53.112033195020864,17.524456264460483,43.037974683544206,59.0610412175007
2010-08-04 14:00:00,AAPL,7.968,1.0015082956259427,7.912,1.0016457779465755,7.942,1.0021451104100947,7.928,37429728,7.922375000000001,1.0002525132964033,7.918710014361801,0.9997897844940172,49.60629921259847,16.139472357233874,64.55696202531686,60.634656660131064
2010-08-04 15:00:00,AAPL,7.964,0.9994979919678716,7.919,1.0008847320525782,7.949,1.000881390078066,7.946,63029456,7.923875,1.0001893371621513,7.921594774898773,0.9999015162623295,54.37262357414458,14.816382352251955,73.41772151898736,59.15786341118592
2010-08-04 16:00:00,AAPL,7.964,1.0,7.908,0.9986109357242077,7.952,1.0003774059630142,7.953,7453292,7.9254375,1.0001971888753924,7.9244905106227,1.0000776779823888,55.05617977528092,13.608609491097297,77.21518987341791,60.513763472817764
2010-08-04 17:00:00,AAPL,7.962,0.9997488699146156,7.906,0.9997470915528578,7.947,0.9993712273641852,7.922,84644,7.9271875,1.0002208079995583,7.926634271515777,1.0001510038424726,54.71698113207553,12.45554301130585,70.88607594936738,60.581716506209595
2010-08-04 18:00:00,AAPL,7.962,1.0,7.928,1.0027826966860613,7.945,0.9997483327041651,7.951,257656,7.928625,1.0001813379587654,7.928383388514274,1.0001508591179753,57.312252964426825,11.363899746598285,68.3544303797474,60.3841786184428
2010-08-04 19:00:00,AAPL,7.961,0.9998744034162271,7.931,1.0003784056508578,7.95,1.000629326620516,7.948,64904,7.930062500000001,1.000181305081272,7.930442113417676,1.0002291839275632,56.52173913043483,10.33253551705673,74.68354430379793,61.03763395117567
2010-08-05 04:00:00,AAPL,7.977,1.0020097977641,7.954,1.0029000126087504,7.966,1.0020125786163523,7.969,8400,7.933562499999999,1.0004413584382215,7.933828578806469,1.000474911617212,62.447257383966225,9.257246316224231,94.93670886076004,62.628999175025655
2010-08-05 05:00:00,AAPL,7.97,0.9991224771217249,7.946,0.9989942167462912,7.959,0.9991212653778558,7.962,17500,7.9365000000000006,1.0003702624136384,7.936225857015376,1.0003357075734107,62.605042016806756,8.199327289707258,86.07594936708841,63.4159901198889
2010-08-05 07:00:00,AAPL,7.993,1.0028858218318695,7.942,0.9994966020639315,7.966,1.0008795074758137,7.976,167804,7.941187499999999,1.0005906255906254,7.9390614896805785,1.0003227480225008,57.33333333333317,7.513472699611886,94.02985074626933,65.70603800779026
2010-08-05 08:00:00,AAPL,7.984,0.9988740147629175,7.922,0.9974817426340972,7.938,0.9964850615114235,7.958,2715272,7.9431875000000005,1.0002518515020582,7.938960395425285,0.999719550183809,48.936170212766086,6.895291802328162,52.238805970149336,65.54951724083853
2010-08-05 09:00:00,AAPL,7.968,0.9979959919839679,7.88,0.9946983085079526,7.922,0.9979843789367598,7.94,52406508,7.942937499999999,0.9999685264888937,7.937345119670496,0.9992644791112505,61.74496644295286,6.085622762713624,28.358208955224,65.37715806294524
2010-08-05 10:00:00,AAPL,7.951,0.9978664658634537,7.875,0.9993654822335025,7.894,0.9964655390053018,7.925,58852276,7.9381875,0.9994019844673334,7.93321701303521,0.9987762100652574,52.903225806451395,5.879492044309703,0.0,62.693013243969
2010-08-05 11:00:00,AAPL,7.922,0.9963526600427619,7.865,0.9987301587301588,7.899,1.000633392449962,7.898,44062928,7.9379375,0.9999685066647771,7.929958249888999,0.9989633338704836,35.25641025641032,5.9592337733448995,6.94444444444429,59.14623144344187
2010-08-05 12:00:00,AAPL,7.92,0.9997475385003787,7.869,1.000508582326764,7.895,0.999493606785669,7.903,22620500,7.9368125,0.9998582755281205,7.926628892756714,0.9985753720984467,41.09589041095902,6.281472042482242,1.388888888888118,53.66783638171343
2010-08-05 13:00:00,AAPL,7.93,1.0012626262626263,7.869,1.0,7.915,1.0025332488917036,7.898,25782764,7.935250000000001,0.9998031325547883,7.925521379160837,0.9985773733675625,32.33082706766906,6.7444565892140025,29.16666666666651,53.2113635537453
2010-08-05 14:00:00,AAPL,7.932,1.000252206809584,7.878,1.0011437285550897,7.911,0.9994946304485154,7.918,26356008,7.934375,0.9998897325226047,7.924138390669329,0.9985997152792071,38.35616438356185,7.29535534022553,23.61111111111034,52.82932501113757
2010-08-05 15:00:00,AAPL,7.939,1.000882501260716,7.888,1.0012693577050011,7.912,1.000126406269751,7.912,50498112,7.932500000000001,0.9997636864907445,7.922982353462726,0.9985641406491029,36.054421768707556,7.951958978370241,24.99999999999969,50.772362985821054
2010-08-05 16:00:00,AAPL,7.929,0.9987403955158081,7.892,1.0005070993914809,7.91,0.999747219413549,7.915,4327596,7.930062500000001,0.9996927198235108,7.921745938847228,0.998644303668103,37.76223776223792,8.690837381373816,22.22222222222222,49.61593229352539
2010-08-05 17:00:00,AAPL,7.924,0.999369403455669,7.894,1.000253421186011,7.909,0.9998735777496839,7.912,147112,7.9273750000000005,0.9996610997706512,7.920532039909397,0.9987981860053936,37.76223776223792,9.425794854218916,20.83333333333287,47.18684181063739
2010-08-05 18:00:00,AAPL,7.923,0.9998738011105501,7.894,1.0,7.907,0.9997471235301556,7.914,105840,7.924875,0.9996846370961383,7.91924327420374,0.998974222135794,35.25179856115126,10.139868156774211,18.0555555555554,44.111165923780064
2010-08-05 19:00:00,AAPL,7.918,0.9993689259119021,7.89,0.9994932860400303,7.906,0.9998735297837359,7.909,141260,7.922437500000001,0.9996924241707283,7.917982009993861,0.9991302083621333,26.400000000000432,10.856206687877286,16.66666666666605,40.747359078960514
2010-08-05 20:00:00,AAPL,7.913,0.9993685274059106,7.89,1.0,7.902,0.999494055147989,7.905,19600,7.919437500000001,0.9996213286630535,7.91645991380397,0.9992454864811453,27.73109243697526,11.568081816680602,11.11111111111111,37.42652769905739
2010-08-06 07:00:00,AAPL,7.924,1.0013901175281184,7.901,1.0013941698352344,7.913,1.0013920526449,7.916,3360,7.916125,0.9995817253434981,7.916130398203592,0.9995824069832726,22.413793103448583,12.315457094075853,26.388888888889042,35.09510872734304
2010-08-06 08:00:00,AAPL,7.928,1.000504795557799,7.837,0.9918997595241109,7.865,0.9939340326045747,7.912,4736368,7.91025,0.9992578439577444,7.911260836469917,0.9993855373013838,37.37373737373778,13.3959264567027,0.0,30.946022932687598
2010-08-06 09:00:00,AAPL,7.912,0.9979818365287588,7.806,0.9960444047467143,7.898,1.0041958041958041,7.867,67481064,7.906,0.9994627224171171,7.909997899663258,0.9999681299153956,28.244274809160686,15.075898847083735,45.20547945205438,28.183176854426176
2010-08-06 10:00:00,AAPL,7.917,1.0006319514661275,7.801,0.9993594670766077,7.819,0.9899974677133452,7.9,93251116,7.8985625,0.9990592587907918,7.901331433028662,0.9994094906436456,51.47058823529395,17.05335390249391,0.0,23.401179667365703
2010-08-06 11:00:00,AAPL,7.851,0.9916635089048882,7.792,0.998846301756185,7.829,1.00127893592531,7.82,58242100,7.8927499999999995,0.9992641066016759,7.89444272512117,0.9994784146002732,30.95238095238102,19.067053714396238,10.416666666666435,18.756002774054437
2010-08-06 12:00:00,AAPL,7.845,0.9992357661444402,7.804,1.001540041067762,7.825,0.9994890790650147,7.832,21133896,7.888437499999999,0.9994536124924772,7.887829132252487,0.9993765331794986,34.722222222222285,21.062353372758285,6.250000000000231,16.20106910904615
2010-08-06 13:00:00,AAPL,7.845,1.0,7.793,0.9985904664274731,7.808,0.9978274760383387,7.827,33709704,7.882749999999998,0.9992790080418332,7.8802263577522496,0.9989590914236501,27.499999999999957,23.025772176190895,0.0,14.625613055978151
2010-08-06 14:00:00,AAPL,7.865,1.0025493945188018,7.777,0.9979468754010009,7.851,1.0055071721311475,7.81,67821012,7.879999999999999,0.9996511369763091,7.877442895109178,0.9993267444875431,25.821596244131428,24.802975997020212,40.18691588785053,16.85821949419207
2010-08-06 15:00:00,AAPL,7.881,1.0020343293070566,7.825,1.0061720457760062,7.865,1.0017832123296395,7.852,88103568,7.876874999999999,0.9996034263959391,7.876257857479733,0.9995251088172251,38.039215686274474,26.34729231755737,54.285714285714434,19.4882900409293
2010-08-06 16:00:00,AAPL,7.879,0.9997462250983377,7.816,0.998849840255591,7.86,0.9993642720915449,7.866,4208260,7.873687499999999,0.9995953344441799,7.87470949010071,0.9997250800730888,41.573033707865164,27.751159366019635,49.52380952380979,22.16245229842495
2010-08-06 17:00:00,AAPL,7.874,0.9993654017007234,7.845,1.0037103377686796,7.858,0.9997455470737913,7.863,139944,7.870312500000001,0.9995713571309506,7.873118110091118,0.9999276844669184,40.95940959409601,29.095875595182044,47.61904761904726,23.18758457355721
2010-08-06 18:00:00,AAPL,7.874,1.0,7.848,1.0003824091778202,7.861,1.000381776533469,7.863,260960,7.867249999999999,0.9996108794917608,7.871964004368155,1.0002098397450108,40.95940959409587,30.374045861821365,50.47619047619021,24.680088982728314
2010-08-06 19:00:00,AAPL,7.873,0.9998729997459995,7.845,0.9996177370030581,7.858,0.9996183691642284,7.862,69076,7.8640625,0.9995948393657251,7.870634099190235,1.0004301502037225,41.75824175824176,31.59403720007808,47.61904761904726,25.936702739342067
2010-08-09 06:00:00,AAPL,7.881,1.0010161310809094,7.827,0.9977055449330784,7.858,1.0,7.872,19600,7.861000000000001,0.9996105702364395,7.869430851648307,1.0006826435634644,41.91176470588227,32.74494375468625,47.61904761904726,27.347637483610125
2010-08-09 07:00:00,AAPL,7.896,1.0019033117624667,7.824,0.9996167113836719,7.879,1.0026724357342836,7.842,321104,7.8593125000000015,0.9997853326548786,7.8703421991103735,1.0011884237514785,39.46360153256693,33.67488141808214,67.61904761904708,29.946843832816473
2010-08-09 08:00:00,AAPL,7.913,1.0021529888551166,7.868,1.0056237218813906,7.888,1.001142276938698,7.887,1821092,7.858437500000002,0.9998886671066967,7.8720238944331955,1.0016173672230484,52.991452991452846,34.26788570660355,76.19047619047595,33.176561645867615
2010-08-09 09:00:00,AAPL,7.917,1.0005054972829521,7.839,0.996314184036604,7.868,0.9974645030425964,7.891,43008112,7.855625000000002,0.9996421044259752,7.871640666391939,1.0016801261563686,47.619047619047684,34.777837433181446,66.66666666666733,35.95433942364546
2010-08-09 10:00:00,AAPL,7.911,0.9992421371731717,7.835,0.9994897308330144,7.855,0.9983477376715811,7.871,54451376,7.855000000000001,0.9999204391757498,7.870055841021278,1.0018370073700407,66.22516556291396,35.02009641374377,52.22222222222297,38.238290040929456
2010-08-09 11:00:00,AAPL,7.898,0.9983567184932373,7.842,1.0008934269304404,7.871,1.002036919159771,7.859,30271192,7.8533125,0.9997851686823678,7.8701457609240135,1.0019281681634644,58.44155844155863,34.9232269389305,78.7500000000007,41.14724065821343
2010-08-09 12:00:00,AAPL,7.896,0.9997467713345151,7.857,1.001912777352716,7.879,1.001016389277093,7.874,19293512,7.8570625000000005,1.0004775055112094,7.870989021788393,1.0022508364194591,63.855421686746965,34.57626751267522,88.74999999999959,46.077796213768956
2010-08-09 13:00:00,AAPL,7.9,1.0005065856129687,7.862,1.000636375206822,7.887,1.0010153572788425,7.881,24728648,7.8606875,1.0004613683549035,7.872513876856165,1.0019665589851379,72.61146496815277,33.95456439635948,98.74999999999959,49.05249179976592
2010-08-09 14:00:00,AAPL,7.93,1.0037974683544304,7.875,1.00165352327652,7.916,1.00367693673133,7.891,47368468,7.866375,1.0007235372224121,7.876655412393673,1.0020313633373255,64.75409836065558,32.864211308102405,100.0,54.608047355321474
2010-08-09 15:00:00,AAPL,7.937,1.0008827238335436,7.89,1.0019047619047619,7.915,0.9998736735725113,7.919,69141184,7.8730625,1.0008501374521301,7.88030727787999,1.0017711179393292,68.61313868613138,31.308845813820724,98.46153846153796,59.499429121703216
2010-08-09 16:00:00,AAPL,7.932,0.9993700390575785,7.866,0.996958174904943,7.914,0.9998736576121289,7.917,8180228,7.877,1.0005001230461463,7.883516108558086,1.0013277690299152,70.67669172932307,29.61032150414497,96.72131147540874,64.52561309255924
2010-08-09 17:00:00,AAPL,7.926,0.9992435703479576,7.87,1.0005085176709891,7.913,0.999873641647713,7.886,286720,7.88,1.0003808556557066,7.886324098219221,1.001183711847051,71.21212121212113,27.94380543348079,95.08196721311457,69.80794460439894
2010-08-09 18:00:00,AAPL,7.929,1.0003785011355035,7.901,1.0039390088945361,7.918,1.0006318716036902,7.919,285628,7.883625,1.0004600253807108,7.889340850769772,1.0011853871535243,70.0000000000002,26.242371912551974,100.0,73.13089372174059
2010-08-09 19:00:00,AAPL,7.93,1.0001261193088662,7.894,0.9991140361979497,7.91,0.998989643849457,7.922,191968,7.886875,1.0004122469041843,7.891308388791698,1.0009746009978528,72.72727272727298,24.56539652104064,87.30158730158723,74.96510888928907
2010-08-10 06:00:00,AAPL,7.897,0.9958385876418664,7.874,0.9974664302001519,7.886,0.9969658659924147,7.889,5320,7.8884375,1.000198113955147,7.890802827954394,1.0004980208199565,68.57142857142878,23.05310867809413,49.20634920634894,74.94747220498569
2010-08-10 07:00:00,AAPL,7.893,0.9994934785361529,7.845,0.9963169926339853,7.858,0.9964494040071011,7.885,178444,7.8884375,1.0,7.887678749101594,0.9999038148050985,52.44755244755265,21.84997856466236,4.761904761903554,72.56651982403326
2010-08-10 08:00:00,AAPL,7.887,0.9992398327632078,7.835,0.9987253027405991,7.86,1.0002545176889794,7.863,2159444,7.8885625,1.0000158459771025,7.885042677758585,0.9995696457959621,40.74074074074066,20.916017311826142,7.936507936507803,70.20320412738424
2010-08-10 09:00:00,AAPL,7.883,0.9994928363129201,7.806,0.9962986598596043,7.831,0.9963104325699745,7.861,68437992,7.8855625,0.9996197025757227,7.879895756067291,0.9989013532018401,47.222222222222236,20.473045380794332,0.0,67.55770148188161
2010-08-10 10:00:00,AAPL,7.847,0.9954332107065839,7.782,0.9969254419677172,7.8,0.9960413740263057,7.831,86517452,7.8800625,0.9993025228067117,7.872286636441834,0.9983164341721766,42.50000000000004,20.679475516405304,0.0,64.91219883637899
2010-08-10 11:00:00,AAPL,7.846,0.9998725627628393,7.785,1.000385505011565,7.827,1.0034615384615384,7.803,37640876,7.8775,0.9996748122238879,7.867973623447374,0.9984658907778172,29.714285714285722,21.265378782929456,22.88135593220344,62.426771520443225
2010-08-10 12:00:00,AAPL,7.841,0.9993627326026001,7.794,1.0011560693641617,7.811,0.9979557940462501,7.829,26345592,7.874750000000001,0.9996509044747699,7.862547564071433,0.9981018805549264,36.59793814433018,22.12406057470109,9.322033898305161,58.71185805976708
2010-08-10 13:00:00,AAPL,7.826,0.9980869787016962,7.774,0.9974339235309213,7.803,0.998975803354244,7.814,34900096,7.8705,0.9994603003269944,7.856876367493201,0.9977302603248611,31.188118811881523,23.282534615962792,2.5423728813560214,55.14939729391646
2010-08-10 14:00:00,AAPL,7.885,1.0075389726552517,7.788,1.0018008747105738,7.86,1.0073048827374087,7.806,111303500,7.8693125,0.9998491201321391,7.857173856303372,0.9983068237473314,18.784530386740528,24.130897964913807,50.84745762711893,55.07302148307735
2010-08-10 15:00:00,AAPL,7.882,0.9996195307545973,7.82,1.0041088854648177,7.842,0.997709923664122,7.862,73259312,7.8665,0.999642599019927,7.855728727131622,0.998273829782668,38.39662447257399,24.769335423251526,35.593220338982796,52.6754226130208
2010-08-10 16:00:00,AAPL,7.862,0.9974625729510277,7.789,0.9960358056265984,7.835,0.9991073705687326,7.845,7351400,7.861437499999998,0.9993564482298352,7.853754562642895,0.9983797829584815,35.82677165354342,25.619522076827426,29.661016949152582,49.392701332418184
2010-08-10 17:00:00,AAPL,7.849,0.9983464767234801,7.819,1.0038515855693928,7.832,0.999617102744097,7.838,143724,7.856249999999998,0.9993401334043551,7.851682699534048,0.9987591581735592,35.000000000000085,26.66845604617734,27.11864406779656,45.413181558406905
2010-08-10 18:00:00,AAPL,7.854,1.000637023824691,7.82,1.000127893592531,7.838,1.0007660878447395,7.835,206920,7.851499999999999,0.9993953858393,7.8503795852927105,0.9992527713976403,33.33333333333346,27.71455818679741,32.203389830508605,41.64670321565738
2010-08-10 19:00:00,AAPL,7.852,0.9997453526865292,7.823,1.000383631713555,7.838,1.0,7.841,149408,7.846812499999998,0.9994029803222313,7.849200577169595,0.9997071358555176,35.93750000000014,28.74273328285098,32.203389830508605,37.96569495837797
2010-08-11 05:00:00,AAPL,7.797,0.9929954151808456,7.75,0.9906685414802505,7.762,0.9903036488900229,7.789,11200,7.837062499999998,0.9987574572477679,7.8408957602963,0.9992459690219821,39.655172413793224,30.03223350649092,0.0,32.59228876529972
2010-08-11 07:00:00,AAPL,7.787,0.9987174554315763,7.745,0.9993548387096775,7.771,1.0011594949755218,7.764,471492,7.8283749999999985,0.9988914851706235,7.834239021220462,0.9996397274132321,32.85714285714302,31.484775821628716,7.2580645161292745,27.713183059911643
2010-08-11 08:00:00,AAPL,7.795,1.0010273532811096,7.723,0.9971594577146546,7.744,0.996525543688071,7.776,2946272,7.819499999999999,0.9988663036709406,7.8256448287232745,0.9996512467431972,34.49477351916383,32.970831975871235,0.0,22.157627504356082
2010-08-11 09:00:00,AAPL,7.758,0.995253367543297,7.625,0.98731063058397,7.666,0.9899276859504132,7.749,111141604,7.807499999999998,0.9984653750239785,7.810440559321058,0.9988414296721093,34.73684210526319,34.644918278299144,0.0,17.30753932093457
2010-08-11 10:00:00,AAPL,7.695,0.9918793503480279,7.596,0.9961967213114754,7.62,0.993999478215497,7.668,89019420,7.792499999999999,0.9980787704130644,7.792303363195243,0.9980535847832527,29.819277108433923,36.45608353724589,0.0,14.573853253915185
2010-08-11 11:00:00,AAPL,7.637,0.9924626380766731,7.556,0.9947340705634544,7.588,0.9958005249343832,7.623,102637108,7.777312499999999,0.998051010587103,7.772845900033792,0.9974778184194794,20.51282051282068,38.343894406103416,0.0,14.309302989364987
2010-08-11 12:00:00,AAPL,7.603,0.9955479900484484,7.541,0.9980148226574908,7.561,0.996441750131787,7.591,73545304,7.7623750000000005,0.9980793493896511,7.752670100030573,0.996831501888419,19.61852861035439,40.22381402309829,0.0,13.86838588178122
2010-08-11 13:00:00,AAPL,7.619,1.0021044324608708,7.549,1.0010608672589842,7.582,1.0027774103954503,7.564,57972544,7.747062499999998,0.9980273434354818,7.736415804789567,0.9966557664103532,18.652849740932794,41.95192210417669,7.023411371237419,14.258575402405521
2010-08-11 14:00:00,AAPL,7.614,0.9993437458984119,7.547,0.99973506424692,7.572,0.9986810867844896,7.585,57617420,7.732125,0.9980718498140426,7.72075715671437,0.9966044751432394,10.285714285714377,43.53721693143118,3.6789297658863234,14.462960389399207
2010-08-11 15:00:00,AAPL,7.603,0.998555292881534,7.546,0.999867497018683,7.56,0.9984152139461172,7.574,100108512,7.7169375,0.9980357922304671,7.705446951313001,0.9965497132176473,10.526315789473813,44.952370699807936,0.0,13.191773948721238
2010-08-11 16:00:00,AAPL,7.731,1.0168354596869658,7.487,0.9921812880996554,7.499,0.9919312169312169,7.564,17879680,7.694374999999999,0.9970762365251759,7.685785336902239,0.9959631443046206,10.374639769452557,45.908112271342866,0.0,12.673883176593172
2010-08-11 17:00:00,AAPL,7.509,0.9712844392704696,7.444,0.994256711633498,7.475,0.9967995732764369,7.501,2422672,7.6714375,0.9970189261635937,7.665710542911549,0.9962746217738998,8.888888888888985,46.59508334040523,0.0,12.532640238740061
2010-08-11 18:00:00,AAPL,7.575,1.0087894526568117,7.463,1.0025523911875336,7.489,1.0018729096989967,7.478,931392,7.6498124999999995,0.9971811019773021,7.648880967396163,0.9970596732875897,7.092198581560339,46.69780888335529,3.8567493112948257,9.92204533230539
2010-08-11 19:00:00,AAPL,7.505,0.9907590759075907,7.462,0.9998660056277636,7.483,0.9991988249432501,7.497,723660,7.628,0.9971486229237646,7.6330827800250995,0.9978130548984174,10.06864988558361,46.394957207995496,2.203856749311294,8.06708068843475
2010-08-12 05:00:00,AAPL,7.49,0.9980013324450366,7.451,0.998525864379523,7.467,0.9978618201256181,7.466,70000,7.6048124999999995,0.9969602123754587,7.617265372403661,0.998592733665923,11.989100817438796,45.853577720858354,0.0,6.419246413481828
2010-08-12 06:00:00,AAPL,7.534,1.005874499332443,7.45,0.9998657898268689,7.511,1.0058925940806214,7.484,84700,7.584375,0.9973125570157055,7.60714486074617,1.0003066953650956,9.358288770053491,44.97960295082527,14.473684210526462,5.71674864363349
2010-08-12 07:00:00,AAPL,7.538,1.0005309264666844,7.486,1.0048322147651005,7.504,0.9990680335507921,7.514,182812,7.56825,0.9978739184177998,7.597321540675106,1.0017070016547318,20.204603580562775,43.7438718420168,12.171052631578911,4.603841021470728
2010-08-12 08:00:00,AAPL,7.545,1.0009286282833643,7.451,0.9953246059310713,7.474,0.9960021321961622,7.508,5986344,7.549687500000001,0.9975473193935191,7.5855766320393805,1.0022893842089493,24.68750000000003,42.293971923195585,2.52707581227457,2.9551569093466155
2010-08-12 09:00:00,AAPL,7.568,1.0030483764082174,7.429,0.9970473761911154,7.545,1.0094995986085096,7.478,112619612,7.537250000000001,0.9983525808187426,7.581712190892773,1.0042418564864801,25.986842105263264,40.664485925475105,39.19597989949749,5.132711348207587
2010-08-12 10:00:00,AAPL,7.658,1.0118921775898522,7.529,1.0134607618791223,7.631,1.0113982770046388,7.547,139186404,7.535062500000001,0.9997097747852334,7.586406267950604,1.0065217775648416,43.731778425655975,38.45885121183317,100.0,10.285041097311515
2010-08-12 11:00:00,AAPL,7.663,1.000652911987464,7.596,1.0088989241599151,7.62,0.9985585113353427,7.634,63577472,7.5350625,0.9999999999999999,7.589605671002928,1.0072385824275414,58.706467661691555,35.78899684328403,93.29268292682922,15.467967926579806
2010-08-12 12:00:00,AAPL,7.647,0.9979120448910348,7.595,0.9998683517640863,7.633,1.0017060367454067,7.624,36015056,7.5378750000000005,1.000373255032722,7.593738464240744,1.0077870574053955,54.846938775510225,32.72547402531075,100.0,21.02352348213536
2010-08-12 13:00:00,AAPL,7.654,1.000915391656859,7.563,0.9957867017774852,7.586,0.9938425258744924,7.636,43965152,7.5394375,1.0002072865363247,7.5930014676463875,1.0073132637044773,57.72151898734173,29.426094213222246,71.68674698795205,25.006120537021587
2010-08-12 14:00:00,AAPL,7.623,0.9959498301541678,7.56,0.9996033320111067,7.601,1.0019773266543632,7.589,43626072,7.540625,1.0001575051189164,7.593763232632446,1.0072055418766248,53.02325581395356,26.045163449388227,80.72289156626509,29.490725624036315
2010-08-12 15:00:00,AAPL,7.642,1.0024924570379117,7.578,1.0023809523809524,7.612,1.0014471780028944,7.604,72350404,7.543125,1.0003315375051802,7.595500067619832,1.007277257206111,63.28125000000003,23.360293846020802,87.34939759036153,34.34346993461195
2010-08-12 16:00:00,AAPL,7.637,0.9993457210154408,7.442,0.982053312219583,7.614,1.0002627430373094,7.614,8850856,7.5465,1.0004474272930648,7.597261965941753,1.0071769944077227,68.46361185983832,21.050912492550527,88.55421686746983,38.872959128847086
2010-08-12 17:00:00,AAPL,7.637,1.0,7.548,1.014243482934695,7.626,1.0015760441292356,7.563,152600,7.5544375,1.0010518120983236,7.599998921566348,1.0070892362772608,67.40947075208913,18.916819565577256,95.78313253012068,43.989859282415665
2010-08-12 18:00:00,AAPL,7.639,1.0002618829383267,7.6,1.0068892421833597,7.629,1.0003933910306844,7.626,140112,7.5640625,1.001274085595387,7.6027609290362195,1.006396694530363,69.5890410958905,17.058384716365634,97.59036144578288,49.411546029403596
2010-08-12 19:00:00,AAPL,7.649,1.0013090718680455,7.616,1.0021052631578948,7.638,1.0011797090051122,7.63,467824,7.573375,1.0012311505887213,7.60611703103277,1.005559781008257,73.01136363636365,15.306843480585842,100.0,54.96710158495915
2010-08-13 05:00:00,AAPL,7.627,0.9971238070335992,7.605,0.9985556722689076,7.617,0.9972505891594659,7.619,5600,7.581750000000001,1.0011058477891297,7.607153504267744,1.0044601652853244,70.03154574132493,13.632370319777845,87.71929824561411,59.840395931937714
2010-08-13 06:00:00,AAPL,7.606,0.9972466238363707,7.581,0.9968441814595661,7.593,0.9968491532099252,7.598,9408,7.589625000000002,1.0010386784053813,7.605805551480341,1.0031728230923387,67.06948640483398,12.053937689349434,72.56097560975608,63.657297392963336
2010-08-13 07:00:00,AAPL,7.609,1.0003944254535893,7.559,0.9970980081783406,7.585,0.9989463979981562,7.597,87640,7.5942500000000015,1.000609384521633,7.603824070386975,1.0018708526952218,68.3076923076923,10.961852234672559,67.68292682926827,67.29502350851651
2010-08-13 08:00:00,AAPL,7.634,1.0032855828623999,7.569,1.0013229263130043,7.608,1.0030323005932762,7.591,3148460,7.6007500000000014,1.0008559107219277,7.604221777969167,1.0013130694893064,57.63358778625956,10.214543956562277,81.70731707317054,71.83431890147043
2010-08-13 09:00:00,AAPL,7.626,0.9989520565889441,7.53,0.9948474038842648,7.573,0.9953995793901158,7.615,75381796,7.606937500000001,1.0008140644015393,7.601248275305437,1.0000655560708398,44.221105527638024,9.780210504721817,30.107526881720943,72.70286571653679
2010-08-13 10:00:00,AAPL,7.597,0.9961972200367165,7.527,0.9996015936254979,7.554,0.997491086755579,7.578,72908724,7.6075,1.0000739456581573,7.596748439562062,0.9986605568353968,39.46188340807172,9.620143734907572,0.0,72.02669612589352
2010-08-13 11:00:00,AAPL,7.572,0.9967092273265762,7.519,0.9989371595589213,7.556,1.0002647603918453,7.557,40644660,7.6028125,0.9993838317449885,7.5928676357942475,0.9980765870252051,32.7510917030567,9.984299938804394,2.380952380952129,72.01857815748671
2010-08-13 12:00:00,AAPL,7.58,1.0010565240359217,7.542,1.00305891740923,7.568,1.0015881418740074,7.559,23269120,7.599562499999999,0.9995725266143285,7.590499289528129,0.9983804400711092,41.84782608695638,10.774197234561028,16.66666666666596,70.76694964455163
2010-08-13 13:00:00,AAPL,7.591,1.0014511873350924,7.546,1.0005303632988598,7.561,0.9990750528541227,7.571,24247580,7.595062499999999,0.9994078606498729,7.587689833382593,0.9984377170899764,40.883977900552296,11.869489604411267,8.33333333333298,65.67435705195902
2010-08-13 14:00:00,AAPL,7.573,0.9976287709129232,7.534,0.9984097535117943,7.552,0.9988096812590926,7.563,28805140,7.5929375,0.9997202129673062,7.58429080163187,0.9985817498712974,35.59322033898283,13.185558464535854,0.0,60.49143022269074
2010-08-13 15:00:00,AAPL,7.572,0.9998679519345041,7.519,0.9980090257499337,7.531,0.997219279661017,7.556,70360668,7.5885625,0.9994238066624413,7.57921548719074,0.9981927926037505,33.15217391304324,14.703264592202508,0.0,54.93587466713517
2010-08-13 16:00:00,AAPL,7.623,1.0067353407290016,7.51,0.9988030323181274,7.526,0.9993360775461426,7.534,12549348,7.5831875,0.9992916972087929,7.574147345553526,0.9981004103943963,25.388601036268994,16.260442913480688,0.0,50.95327761224895
2010-08-13 17:00:00,AAPL,7.538,0.9888495343040797,7.511,1.000133155792277,7.524,0.9997342545841085,7.528,185500,7.5775625,0.9992582274933859,7.5693714078817615,0.9981780627053942,23.58974358974345,17.506578133244798,0.0,46.46867252523422
2010-08-13 18:00:00,AAPL,7.542,1.000530644733351,7.51,0.9998668619358274,7.525,1.0001329080276449,7.528,330316,7.57125,0.9991669484745259,7.56514555951207,0.99836135426294,19.680851063829493,18.466834481209336,0.8771929824564342,41.66466115812838
2010-08-13 19:00:00,AAPL,7.535,0.9990718642269956,7.504,0.9992010652463382,7.522,0.9996013289036545,7.527,185388,7.564562500000001,0.9991167244510485,7.561036458606159,0.9986510098868957,22.619047619047464,19.20622587264782,0.0,36.74498244326895
2010-08-16 06:00:00,AAPL,7.554,1.0025215660252156,7.519,1.001998933901919,7.543,1.0027918106886466,7.534,5600,7.558625000000001,0.9992150900993944,7.559318700643668,0.9993067940999452,25.850340136054257,19.713441350707857,22.105263157894697,32.65176747814528
2010-08-16 07:00:00,AAPL,7.554,1.0,7.479,0.9946801436361218,7.491,0.9931061911706217,7.546,92736,7.550750000000002,0.9989581438422994,7.552812157725223,0.9992309656485435,36.87499999999992,20.112123230394133,0.0,27.23008073115734
2010-08-16 08:00:00,AAPL,7.523,0.9958962139263965,7.471,0.9989303382805188,7.504,1.0017354158323322,7.486,906360,7.545187500000001,0.9992633182134224,7.548163380799011,0.9996574354599224,19.04761904761891,20.369768951814528,11.111111111111027,22.291809126219064
2010-08-16 09:00:00,AAPL,7.564,1.0054499534760069,7.456,0.9979922366483738,7.523,1.0025319829424306,7.506,59168900,7.541312500000001,0.9994864276070011,7.545766868341962,1.0000767864737572,29.34131736526919,20.30183785557721,27.350427350427378,18.937982965375355
2010-08-16 10:00:00,AAPL,7.561,0.9996033844526705,7.489,1.004425965665236,7.55,1.0035889937524924,7.525,63655200,7.5376875000000005,0.9995193144429434,7.546170023737966,1.000644121794179,40.71856287425131,20.096557903588224,71.95121951219467,18.904107626621943
2010-08-16 11:00:00,AAPL,7.561,1.0,7.505,1.0021364668179997,7.537,0.9982781456953642,7.553,24861620,7.535437500000001,0.9997014999626876,7.545296688143874,1.001009485753273,48.43749999999994,19.646295630374468,59.740259740260115,18.462848343899267
2010-08-16 12:00:00,AAPL,7.569,1.0010580611030286,7.521,1.0021319120586276,7.538,1.0001326787846623,7.539,26807956,7.5344375,0.9998672937039155,7.544601765463505,1.001216155725995,41.968911917098545,18.94644534865452,61.03896103896185,17.31460634199879
2010-08-16 13:00:00,AAPL,7.553,0.9978861144140574,7.502,0.9974737401941232,7.517,0.9972141151499071,7.541,20720196,7.532,0.9996764854708795,7.541973025895552,1.0010001444561125,43.850267379679266,18.091687718378996,33.76623376623468,17.517867835582887
2010-08-16 14:00:00,AAPL,7.538,0.9980140341586126,7.467,0.9953345774460144,7.481,0.9952108553944392,7.52,35338800,7.526562499999999,0.9992780801911841,7.536166071048356,1.000553116177424,41.20603015075399,17.300287379807155,0.0,17.517867835582887
2010-08-16 15:00:00,AAPL,7.508,0.9960201644998673,7.444,0.996919780366948,7.488,1.0009357037829167,7.484,76785912,7.521999999999999,0.9993938135769151,7.531578826186609,1.0006664830308138,38.31775700934591,16.714666401880837,9.859154929578294,17.93332353272878
2010-08-16 16:00:00,AAPL,7.519,1.0014651038891849,7.46,1.00214938205266,7.492,1.000534188034188,7.49,8998080,7.518249999999999,0.9995014623770274,7.527809414168836,1.0007723230748253,41.20370370370393,16.195330049254675,15.942028985507433,17.893065883775527
2010-08-16 17:00:00,AAPL,7.549,1.0039898922729087,7.481,1.0028150134048257,7.497,1.0006673785371063,7.541,129024,7.516125,0.9997173544375354,7.524875184247994,1.0008812136132736,42.66055045871565,15.526003262033479,23.18840579710149,18.718347687318225
2010-08-16 18:00:00,AAPL,7.513,0.9952311564445622,7.475,0.9991979681860713,7.502,1.0006669334400426,7.5,404124,7.514624999999999,0.9998004290774832,7.522696595271995,1.0008743328872252,43.693693693693625,14.99006737147156,30.43478260869554,20.409168943356864
2010-08-16 19:00:00,AAPL,7.513,1.0,7.48,1.0006688963210704,7.492,0.9986670221274327,7.505,303884,7.512625,0.999733852321307,7.519773110007995,1.0006850787641428,45.5357142857142,14.566982075303411,15.942028985507433,21.294837220329498
2010-08-17 05:00:00,AAPL,7.567,1.0071875415945695,7.544,1.0085561497326203,7.556,1.00854244527496,7.559,5684,7.514562499999999,1.0002578992030082,7.523223290007234,1.001410730604447,38.028169014084526,13.979026259814875,100.0,26.850392775885055
2010-08-17 07:00:00,AAPL,7.556,0.9985463195453944,7.516,0.996288441145281,7.545,0.9985442032821599,7.534,47768,7.516,1.0001912952350853,7.525297262387498,1.0014285279266089,64.44444444444449,13.36426753445616,85.3333333333332,31.591133516625785
2010-08-17 08:00:00,AAPL,7.579,1.0030439385918475,7.515,0.999866950505588,7.56,1.0019880715705765,7.54,2185176,7.517062500000001,1.0001413650878128,7.52860228501726,1.0016767276499814,59.19282511210767,12.724084055421502,100.0,37.097956128711544
2010-08-17 09:00:00,AAPL,7.607,1.0036944187887584,7.522,1.0009314703925483,7.593,1.0043650793650793,7.561,62375964,7.523437500000001,1.0008480706392957,7.534735400729902,1.0023510381521907,58.44748858447486,11.778163130782492,100.0,42.6535116842671
2010-08-17 10:00:00,AAPL,7.629,1.0028920730905744,7.562,1.0053177346450413,7.614,1.00276570525484,7.595,80634176,7.5303125,1.0009138110072688,7.542284410184197,1.0025050929424477,59.555555555555564,10.479576103399012,100.0,46.980997064384056
2010-08-17 11:00:00,AAPL,7.664,1.0045877572421025,7.6,1.0050251256281406,7.652,1.004990806409246,7.617,59993948,7.538375,1.0010706726978462,7.552733513976179,1.0029774347314508,66.52360515021454,9.601854839518293,100.0,52.53655261993961
2010-08-17 12:00:00,AAPL,7.682,1.0023486430062631,7.631,1.004078947368421,7.668,1.0020909566126504,7.655,42639772,7.545750000000001,1.0009783275573316,7.563711274549877,1.003360972961663,71.11111111111106,9.288774523376066,100.0,57.47482422487789
2010-08-17 13:00:00,AAPL,7.709,1.0035147097110126,7.654,1.0030140217533743,7.668,1.0,7.671,46631256,7.553937500000002,1.0010850478746316,7.573643534116555,1.003696588691191,78.49056603773575,9.515864429347424,100.0,61.51091159429859
2010-08-17 14:00:00,AAPL,7.69,0.9975353482942017,7.634,0.9973869871962373,7.657,0.998565466875326,7.671,38912412,7.561375000000001,1.000984585853404,7.581582245153074,1.003659647058646,90.82969432314415,10.02198981590846,94.11764705882348,62.74237979133352
2010-08-17 15:00:00,AAPL,7.668,0.9971391417425227,7.599,0.9954152475766308,7.622,0.9954290191981193,7.66,72536856,7.567937500000001,1.0008678977037906,7.585431555138495,1.003181505366219,86.26609442060082,10.653099403152765,75.40106951871647,63.612424779025545
2010-08-17 16:00:00,AAPL,7.671,1.0003912363067293,7.595,0.9994736149493354,7.614,0.998950406717397,7.616,12694304,7.576250000000001,1.0010983838066845,7.588152359411019,1.0026711187045372,74.62121212121208,11.52222235046608,69.9999999999998,64.11026027686098
2010-08-17 17:00:00,AAPL,7.628,0.9943944726893494,7.6,1.0006583278472678,7.616,1.0002626740215392,7.615,69608,7.584250000000002,1.0010559313644614,7.590804515657589,1.0019210711971738,71.91011235955054,12.671236390305744,70.4545454545452,66.14849981510046
2010-08-17 18:00:00,AAPL,7.629,1.0001310959622443,7.604,1.0005263157894737,7.618,1.000262605042017,7.621,220332,7.592125,1.0010383360253154,7.593394561785438,1.0012057305317514,71.59090909090905,13.991140699711242,71.59090909090922,70.1257725423732
2010-08-17 19:00:00,AAPL,7.638,1.0011797090051122,7.604,1.0,7.624,1.0007876082961407,7.621,178332,7.6000625,1.0010454912162272,7.596309365424919,1.0005511454862663,74.60937499999996,15.363969298073679,74.99999999999974,73.74470837961884
2010-08-18 04:00:00,AAPL,7.647,1.0011783189316577,7.604,1.0,7.637,1.0017051416579223,7.618,14700,7.608499999999999,1.0011101882385836,7.600184663955879,1.0000160740725328,67.17171717171703,16.820783110073013,82.38636363636333,77.43606030466638
2010-08-18 05:00:00,AAPL,7.654,1.000915391656859,7.625,1.002761704366123,7.643,1.0007856488149798,7.64,20524,7.617937499999999,1.0012403890385753,7.6042623150077,0.999443032793284,72.99999999999989,18.346330568537386,79.67479674796722,80.57419313527004
2010-08-18 06:00:00,AAPL,7.654,1.0,7.627,1.0002622950819673,7.64,0.9996074839722622,7.646,8400,7.623187499999999,1.0006891629131902,7.607665904054586,0.9986516565743138,71.72774869109944,19.749804902840182,77.23577235772323,83.17424812132714
2010-08-18 07:00:00,AAPL,7.659,1.0006532532009407,7.613,0.998164415890914,7.645,1.00065445026178,7.627,93520,7.6294375,1.0008198670175699,7.611221532239863,0.9984303196320259,64.59627329192533,21.13538429055084,78.70370370370328,86.66100782789357
2010-08-18 08:00:00,AAPL,7.668,1.00117508813161,7.604,0.9988178116379877,7.656,1.0014388489208634,7.646,1660540,7.6354375,1.00078642757084,7.61548614821702,0.9981713787178963,60.689655172413644,22.405020682996383,83.99999999999943,85.77211893900464
2010-08-18 09:00:00,AAPL,7.671,1.0003912363067293,7.594,0.9986849026827985,7.653,0.9996081504702194,7.659,54786984,7.6391875,1.0004911309928213,7.619058896005875,0.9978549226558235,51.694915254237095,23.43120331304078,72.2222222222213,85.04372387727618
2010-08-18 10:00:00,AAPL,7.697,1.0033893886064398,7.62,1.0034237555965235,7.657,1.0005226708480335,7.656,61552708,7.641875,1.0003518044294633,7.622672334481506,0.9978380992064282,42.85714285714261,24.262179636767087,79.6296296296295,83.91203663447784
2010-08-18 11:00:00,AAPL,7.693,0.9994803170066259,7.637,1.0022309711286088,7.677,1.002611989029646,7.659,43202600,7.643437500000001,1.0002044655271123,7.62784639786422,0.9981642460605833,44.95412844036695,24.80804031312191,100.0,83.91203663447784
2010-08-18 12:00:00,AAPL,7.696,1.0003899649031587,7.643,1.0007856488149798,7.683,1.0007815552950372,7.68,33407892,7.644375,1.0001226542377037,7.633099121877151,0.9986474177197301,58.47457627118624,25.05806770684945,100.0,83.91203663447784
2010-08-18 13:00:00,AAPL,7.71,1.0018191268191268,7.667,1.0031401282219023,7.684,1.0001301574905637,7.686,36538964,7.645375,1.0001308151418526,7.6379468245555175,0.9991590973173762,84.26966292134813,25.00758811807292,100.0,83.91203663447784
2010-08-18 14:00:00,AAPL,7.7,0.9987029831387808,7.652,0.9980435633233338,7.667,0.997787610619469,7.688,33489512,7.646000000000001,1.0000817487696811,7.640713793645468,0.9993903233844603,92.68292682926808,24.73759255457146,75.71428571428531,82.56283028527147
2010-08-18 15:00:00,AAPL,7.685,0.998051948051948,7.628,0.9968635650810246,7.651,0.997913134211556,7.67,58800672,7.6478125,1.000237052053361,7.6416934323459,0.9994367554729138,76.28865979381416,24.360169891446912,52.857142857142534,79.94378266622383
2010-08-18 16:00:00,AAPL,7.68,0.9993493819128172,7.605,0.9969847928683797,7.628,0.9969938570121553,7.654,13307028,7.648687499999999,1.0001144118007599,7.640389295932004,0.9990293689773388,64.86486486486454,23.74587749983353,17.64705882352995,75.69541665315198
2010-08-18 17:00:00,AAPL,7.651,0.9962239583333333,7.61,1.0006574621959237,7.636,1.001048767697955,7.63,264208,7.649937499999998,1.0001634267317103,7.639971267748004,0.9988604277201814,51.56250000000016,22.940738519519755,27.27272727272703,73.0216198617081
2010-08-18 18:00:00,AAPL,7.662,1.001437720559404,7.619,1.0011826544021025,7.646,1.00130958617077,7.638,602420,7.651687499999999,1.0002287600388893,7.640545432724385,0.9987722687570175,49.59349593495958,22.037909163006383,36.666666666666764,71.16976800985627
2010-08-18 19:00:00,AAPL,7.656,0.9992169146436961,7.622,1.000393752460953,7.637,0.9988229139419303,7.647,229040,7.652499999999999,1.0001061857270046,7.64020777246492,0.9984997129672273,51.181102362204754,21.016125540227208,16.07142857142758,68.14848373857197
2010-08-18 20:00:00,AAPL,7.685,1.0037878787878787,7.609,0.9982944109157702,7.674,1.0048448343590417,7.624,584360,7.654812499999999,1.0003021888271808,7.643426079849213,0.9988142541456013,48.87218045112778,19.92712192958016,82.14285714285754,68.73470307479131
2010-08-19 06:00:00,AAPL,7.685,1.0,7.662,1.0069654356682876,7.675,1.0001303101381287,7.676,9800,7.656812499999999,1.000261273545237,7.646433119863574,0.9989053448224335,58.78787878787894,18.76018933231323,83.92857142857083,69.23073482082306
2010-08-19 07:00:00,AAPL,7.684,0.9998698763825635,7.65,0.9984338292873923,7.663,0.9984364820846906,7.676,94920,7.65825,1.0001877413088018,7.648010917971805,0.9988504900664351,56.12903225806451,17.464105029171545,62.5000000000002,68.1259368410251
2010-08-19 08:00:00,AAPL,7.702,1.002342529932327,7.604,0.9939869281045751,7.641,0.9971290617251729,7.671,4063024,7.658,0.9999673554663272,7.6473432114983,0.998575811901975,53.04878048780508,15.952353136565911,23.214285714285516,64.98924178359833
2010-08-19 09:00:00,AAPL,7.674,0.9963645806284083,7.605,1.0001315097317203,7.629,0.9984295249312917,7.641,49061740,7.6563125,0.9997796422042309,7.645596238974653,0.9983802871473821,45.60439560439561,14.310496000557821,1.7857142857132944,60.797571890708895
2010-08-19 10:00:00,AAPL,7.64,0.9955694553036225,7.554,0.9932938856015779,7.579,0.9934460610827107,7.632,86396688,7.6516875,0.9993959232985853,7.639253740024686,0.9977719352527324,36.20689655172423,12.917990923386245,0.0,56.425143907169826
2010-08-19 11:00:00,AAPL,7.59,0.993455497382199,7.506,0.9936457505957109,7.542,0.9951180894577121,7.58,76660864,7.6445,0.999060664722651,7.629991479069954,0.9971645443008426,26.14678899082577,12.543641640932325,0.0,51.7584772405032
2010-08-19 12:00:00,AAPL,7.573,0.9977602108036892,7.51,1.0005329070077271,7.556,1.001856271546009,7.545,50716596,7.6369375,0.9990107266662307,7.622944671539482,0.9971802827574704,22.047244094488164,12.917938521378172,9.859154929577606,48.29386239091187
2010-08-19 13:00:00,AAPL,7.576,1.0003961441964875,7.532,1.0029294274300933,7.546,0.9986765484383272,7.559,28697172,7.628375,0.9988788044946028,7.615616607583341,0.997208188175344,27.888446215139524,13.835036614867597,2.8169014084510127,44.026488600846406
2010-08-19 14:00:00,AAPL,7.586,1.0013199577613516,7.525,0.9990706319702602,7.562,1.0021203286509408,7.549,44627688,7.62075,0.9990004424271224,7.610510264003975,0.9976581203734707,28.571428571428683,15.19100313433729,15.037593984962752,39.30635493334434
2010-08-19 15:00:00,AAPL,7.593,1.0009227524387028,7.541,1.002126245847176,7.553,0.9988098386670192,7.565,70932260,7.613625,0.999065052652298,7.605033096003596,0.9979376171641369,36.13445378151266,16.74678230727828,8.270676691729413,34.21028141621818
2010-08-19 16:00:00,AAPL,7.589,0.9994731989990782,7.538,0.9996021747778809,7.557,1.0005295908910368,7.559,14649096,7.607749999999999,0.9992283570572492,7.600458515431825,0.9982706681024907,32.63598326359835,18.351892697299096,11.27819548872223,29.28129227670275
2010-08-19 17:00:00,AAPL,7.568,0.9972328370009222,7.539,1.0001326611833377,7.551,0.9992060341405319,7.56,128632,7.6029374999999995,0.9993674213795143,7.595748180628794,0.9984224219550846,30.901287553648288,19.89016428244321,6.766917293233338,25.450882919977648
2010-08-19 18:00:00,AAPL,7.566,0.9997357293868923,7.537,0.9997347128266348,7.555,1.0005297311614356,7.553,187880,7.597875,0.9993341389430073,7.59186740152129,0.9985439708693239,31.304347826087195,21.363107665509055,9.774436090225489,23.057399210704478
2010-08-19 19:00:00,AAPL,7.567,1.000132170235263,7.537,1.0,7.554,0.999867637326274,7.552,159628,7.592125000000001,0.9992432094500108,7.588260982328786,0.9987346438746079,19.79695431472065,22.835122051868247,9.022556390977785,22.578260186673802
2010-08-20 06:00:00,AAPL,7.538,0.9961675697105854,7.486,0.993233381982221,7.498,0.9925867090283294,7.531,11200,7.5834375,0.9988557222121605,7.579664698297473,0.9983587860180743,19.289340101522967,24.458229863604487,0.0,21.0631086715223
2010-08-20 07:00:00,AAPL,7.525,0.9982754046166092,7.473,0.9982634250601122,7.514,1.0021339023739664,7.487,54740,7.573437500000001,0.9986813367948244,7.573410917507238,0.9986778314593137,15.767634854771842,26.37518343291025,9.039548022598899,19.528268746851868
2010-08-20 08:00:00,AAPL,7.546,1.0027906976744185,7.497,1.0032115616218387,7.52,1.0007985094490284,7.517,921144,7.56375,0.9987208582628428,7.56832416345893,0.9993248328066258,22.978723404255405,28.339159680278225,13.333333333332938,19.376152344735498
2010-08-20 09:00:00,AAPL,7.596,1.0066260270341902,7.508,1.001467253568094,7.568,1.0063829787234042,7.529,62411776,7.557812499999999,0.9992150057841678,7.5682932907485565,1.000600666435109,26.20087336244535,29.915577556040397,48.9510489510486,17.53216300074611
2010-08-20 10:00:00,AAPL,7.687,1.0119799894681412,7.543,1.004661694192861,7.562,0.9992071881606767,7.571,73301900,7.552874999999999,0.9993467025015506,7.567693929724884,1.0013074457357714,47.57709251101319,30.550972862048795,48.854961832061356,15.583629134273359
2010-08-20 11:00:00,AAPL,7.579,0.9859503057109404,7.522,0.9972159618189049,7.537,0.9966939962972758,7.564,41082636,7.547125,0.9992387004948448,7.564770698322514,1.0015749894341577,55.10204081632668,30.552276177423142,48.14814814814807,14.786304031392682
2010-08-20 12:00:00,AAPL,7.566,0.9982847341337907,7.521,0.9998670566338739,7.552,1.001990181769935,7.54,30806580,7.5454375,0.9997764049224043,7.563554441339417,1.002176913902899,45.41062801932362,29.924209028780737,77.14285714285693,17.782335777424425
2010-08-20 13:00:00,AAPL,7.57,1.000528680941052,7.535,1.001861454593804,7.553,1.0001324152542372,7.555,22005312,7.546125,1.0000911146636626,7.562549256449949,1.0022678282670752,51.41509433962249,28.629123607372488,78.57142857142884,22.048208793297515
2010-08-20 14:00:00,AAPL,7.585,1.0019815059445178,7.539,1.0005308560053086,7.559,1.000794386336555,7.555,42598416,7.546312499999999,1.0000248471897828,7.5622112320261445,1.0021317208535698,47.71573604060904,26.745859741650616,87.1428571428578,26.889478634567393
2010-08-20 15:00:00,AAPL,7.574,0.9985497692814765,7.534,0.999336782066587,7.548,0.9985447810556952,7.562,64092672,7.5464375,1.0000165643816104,7.560857781356988,1.0019274687282018,51.546391752577385,24.46667874040804,71.42857142857179,30.85773260282138
2010-08-20 16:00:00,AAPL,7.57,0.9994718774755744,7.522,0.9984072205999469,7.553,1.0006624271330153,7.551,10552136,7.5458750000000006,0.999925461517438,7.560109421227751,1.0018117053547122,47.76119402985064,21.98122105090796,78.57142857142884,34.67508113847978
2010-08-20 17:00:00,AAPL,7.571,1.000132100396301,7.543,1.0027918106886466,7.561,1.0010591817820733,7.557,157416,7.546374999999999,1.0000662613679658,7.56019423825368,1.0018976246298381,50.49999999999995,19.396148088277194,90.00000000000038,39.518586615788074
2010-08-20 18:00:00,AAPL,7.57,0.9998679170519087,7.535,0.9989394140262495,7.554,0.99907419653485,7.561,106876,7.5461875,0.9999751536333671,7.559604310800949,1.0017530683011313,51.47058823529418,17.437711523603443,80.00000000000077,43.12760917217908
2010-08-20 19:00:00,AAPL,7.57,1.0,7.544,1.001194426011944,7.558,1.0005295207836906,7.561,74256,7.546624999999999,1.0000579762959771,7.559451519296096,1.0017577113338485,50.0,15.996590669222693,85.7142857142859,47.430031895654444
2010-08-20 20:00:00,AAPL,7.577,1.0009247027741084,7.555,1.001458112407211,7.567,1.0011907912146072,7.569,701400,7.547374999999999,1.0000993821741506,7.560170422220277,1.0017948980133873,68.98734177215195,15.01868529373622,98.57142857142935,52.279655955804834
2010-08-23 06:00:00,AAPL,7.584,1.0009238484888479,7.56,1.00066181336863,7.573,1.000792916611603,7.575,11200,7.548562500000001,1.0001573394723333,7.561392286770727,1.001857240003409,67.54966887417228,14.43942653083696,100.0,57.45927166173632
2010-08-23 07:00:00,AAPL,7.62,1.004746835443038,7.566,1.0007936507936508,7.603,1.003961441964875,7.581,249200,7.555124999999999,1.000869370823915,7.565354926125895,1.0022245859560537,67.54966887417248,14.588510536653695,100.0,62.47180299005712
2010-08-23 08:00:00,AAPL,7.619,0.9998687664041994,7.567,1.000132170235263,7.604,1.0001315270288045,7.599,2334976,7.5607500000000005,1.000744527721249,7.569035409352001,1.001841188511375,63.15789473684224,15.379160668736816,100.0,67.52610541278058
2010-08-23 09:00:00,AAPL,7.629,1.0013125082031762,7.57,1.0003964583058016,7.584,0.9973698053655969,7.606,45387188,7.56475,1.0005290480441755,7.570460608461334,1.0012843446035558,66.40624999999991,16.628748903157653,70.14925373134267,71.42328617563295
2010-08-23 10:00:00,AAPL,7.594,0.9954122427578976,7.477,0.9877146631439895,7.5,0.9889240506329114,7.585,93669772,7.560500000000001,0.9994381836808884,7.56375007432216,0.9998678177497154,69.10569105691042,17.497559057187317,0.0,70.92108906326635
2010-08-23 11:00:00,AAPL,7.512,0.9892020015801948,7.46,0.997726360839909,7.484,0.9978666666666667,7.503,50235528,7.555625,0.9993552013755702,7.556154829148621,0.9994252799614602,36.45833333333345,17.62142434139607,0.0,70.18034832252562
2010-08-23 12:00:00,AAPL,7.515,1.0003993610223643,7.466,1.000804289544236,7.48,0.9994655264564405,7.487,26230764,7.5520625,0.9995284969807262,7.548901988277324,0.9991101978032689,33.33333333333333,17.26826000091365,0.0,67.46084560302293
2010-08-23 13:00:00,AAPL,7.497,0.9976047904191617,7.445,0.9971872488615054,7.469,0.9985294117647059,7.481,38677016,7.546875,0.9993131015533836,7.541292275108055,0.9985738697353279,30.73170731707316,16.414090322186027,0.0,64.7466810567973
2010-08-23 14:00:00,AAPL,7.492,0.9993330665599574,7.442,0.999597044996642,7.456,0.9982594724862767,7.473,41737892,7.5408124999999995,0.9991966873706003,7.53316920128824,0.9981839107297047,30.73170731707316,15.130111233914118,0.0,62.071783937455734
2010-08-23 15:00:00,AAPL,7.476,0.99786438868126,7.403,0.9947594732598763,7.431,0.9966469957081544,7.458,94048948,7.5328125,0.9989391063628754,7.52343880116555,0.9976960441816516,27.23004694835683,13.46404459223242,0.0,57.786069651741464
2010-08-23 16:00:00,AAPL,7.628,1.0203317281968967,7.414,1.0014858841010401,7.433,1.0002691427802448,7.434,14771764,7.525625,0.9990458411118025,7.514825582006926,0.9976121909322615,21.73913043478258,11.896445678303996,1.1560693641617221,53.485216362448845
2010-08-23 17:00:00,AAPL,7.443,0.9757472469847928,7.405,0.9987860803884544,7.424,0.9987891833714517,7.434,1716344,7.5175625,0.998928660410265,7.506175526577695,0.9974155670230307,23.111111111110972,10.630471118793027,0.0,48.64394652117897
2010-08-23 18:00:00,AAPL,7.442,0.9998656455730217,7.409,1.000540175557056,7.421,0.9995959051724138,7.427,371560,7.5088125,0.9988360588954199,7.498063571665534,0.9974062166647146,20.869565217391354,9.60374082723871,0.0,44.67569255292498
2010-08-23 19:00:00,AAPL,7.435,0.999059392636388,7.404,0.9993251450938049,7.419,0.9997304945425144,7.424,353052,7.500375,0.9988763203236197,7.490533707697388,0.9975656880095738,17.410714285714192,8.784950439225407,0.0,40.3106131878456
2010-08-24 04:00:00,AAPL,7.417,0.9975790181573638,7.395,0.9987844408427876,7.407,0.9983825313384553,7.41,25200,7.4909375,0.9987417295801877,7.482578116488113,0.9976272008383731,14.999999999999773,8.096240770780895,0.0,35.310613187845576
2010-08-24 07:00:00,AAPL,7.395,0.9970338411756775,7.347,0.9935091277890468,7.361,0.9937896584312137,7.387,370580,7.4780625,0.9982812565182929,7.47099924825115,0.9973383502734003,1.485148514851545,7.292376049258603,0.0,30.86616874340109
2010-08-24 08:00:00,AAPL,7.413,1.0024340770791076,7.304,0.9941472709949639,7.325,0.9951093601412853,7.37,3382092,7.4625625000000015,0.9979272705998381,7.4570945579415175,0.9971960729054508,0.8097165991901818,6.5670622030923775,0.0,26.10426398149632
2010-08-24 09:00:00,AAPL,7.36,0.9928503979495481,7.248,0.9923329682365827,7.27,0.9924914675767917,7.324,115515624,7.441750000000001,0.9972110786341822,7.4392760286137545,0.9968795609569439,0.7604562737641771,6.4810887796282515,0.0,20.628073505305803
2010-08-24 10:00:00,AAPL,7.325,0.9952445652173912,7.204,0.9939293598233995,7.313,1.0059147180192571,7.272,155731044,7.4235625,0.9975560184096481,7.427249740174349,0.9980514986628614,0.8547008547007664,6.986283482246464,13.694267515923611,15.833310589523782
2010-08-24 11:00:00,AAPL,7.357,1.0043686006825938,7.293,1.0123542476401999,7.313,1.0,7.315,70543032,7.406625,0.9977184134975626,7.416368812538696,0.999030965596194,17.241379310344797,7.813878971528571,18.695652173913075,11.316402376963392
2010-08-24 12:00:00,AAPL,7.339,0.9975533505504962,7.269,0.9967091731797614,7.281,0.9956242308218242,7.315,39454856,7.3929375,0.9981519923041872,7.403476544677868,0.9995749136317645,17.50972762645908,8.669011716788031,5.140186915887897,6.046412761179387
2010-08-24 13:00:00,AAPL,7.316,0.9968660580460552,7.258,0.9984867244462787,7.271,0.9986265622854004,7.284,38536288,7.379625000000001,0.9981992949352,7.390859730899023,0.9997189521619819,16.187050359712174,9.513064841730708,0.47619047619063326,2.175687024782052
2010-08-24 14:00:00,AAPL,7.296,0.9972662657189721,7.245,0.9982088729677597,7.271,1.0,7.274,48479088,7.366562500000001,0.9982299236072293,7.379444518432449,0.9999755432603213,16.363636363636317,10.377221761542163,0.5025125628142363,2.203604389382843
2010-08-24 15:00:00,AAPL,7.314,1.002467105263158,7.24,0.9993098688750863,7.263,0.9988997386879384,7.275,102482016,7.3536875,0.9982522377296059,7.368354564296025,1.0002432700864243,17.99999999999997,11.139176108333478,0.0,2.203604389382843
2010-08-24 16:00:00,AAPL,7.438,1.0169537872573147,7.242,1.0002762430939227,7.26,0.9995869475423379,7.266,18821488,7.341437500000001,0.9983341690818384,7.358035081982118,1.000591211141637,16.796875000000043,11.392916592067118,0.0,2.203604389382843
2010-08-24 17:00:00,AAPL,7.331,0.9856144124764723,7.241,0.9998619165976249,7.256,0.9994490358126722,7.324,2414916,7.330500000000002,0.9985101691596503,7.348317455126678,1.0009371400528406,17.200000000000003,11.183342525204159,0.0,2.203604389382843
2010-08-24 18:00:00,AAPL,7.266,0.9911335424907924,7.202,0.9946140035906643,7.236,0.9972436604189635,7.256,860412,7.318187500000001,0.9983203737807789,7.337620554638423,1.0009713600216112,17.131474103585703,11.183225937147467,0.0,2.203604389382843
2010-08-24 19:00:00,AAPL,7.263,0.9995871180842278,7.201,0.9998611496806442,7.251,1.0020729684908791,7.231,873880,7.307375000000002,0.9985225166750648,7.329370978006192,1.0015281759323864,15.985130111524214,11.327104044412918,8.108108108108393,2.6540548398333095
2010-08-25 04:00:00,AAPL,7.315,1.0071595759328102,7.26,1.0081933064852104,7.305,1.0074472486553578,7.297,21000,7.300125000000001,0.9990078516567166,7.327049932481793,1.0026924760918647,21.32352941176488,11.420214442707145,37.70491803278689,4.684546432534708
2010-08-25 05:00:00,AAPL,7.296,0.9974025974025974,7.256,0.9994490358126722,7.267,0.9947980835044491,7.289,8400,7.290625,0.9986986524203352,7.321330891293051,1.002904866874615,39.99999999999999,11.470666608141734,18.128654970760547,5.691693930910294
2010-08-25 07:00:00,AAPL,7.27,0.9964364035087718,7.213,0.9940738699007717,7.241,0.996422182468694,7.227,215068,7.280250000000001,0.9985769395627948,7.313680330217522,1.0031623256192057,39.716312056737614,11.567975831379284,3.9999999999999147,5.9139161531325115
2010-08-25 08:00:00,AAPL,7.252,0.9975240715268225,7.184,0.995979481491751,7.197,0.9939234912304931,7.244,3014256,7.2700000000000005,0.9985920813158887,7.302567917815853,1.0030655427788677,44.268774703557334,11.655165061358415,0.0,5.9139161531325115
2010-08-25 09:00:00,AAPL,7.273,1.002895752895753,7.17,0.9980512249443206,7.209,1.0016673614005835,7.2,100288524,7.26275,0.9990027510316367,7.293656687547677,1.003254014793353,27.165354330708695,11.657098768381275,10.344827586206554,6.488628796810653
2010-08-25 10:00:00,AAPL,7.244,0.9960126495256428,7.16,0.99860529986053,7.224,1.0020807324178111,7.212,121498692,7.259875000000001,0.9996041444356478,7.287022717305041,1.0033420835503137,30.451127819548788,11.48380357690319,23.2758620689657,7.781732245086526
2010-08-25 11:00:00,AAPL,7.276,1.004417448923247,7.196,1.0050279329608938,7.24,1.0022148394241417,7.226,76510420,7.2553125,0.9993715456533341,7.2825443632759885,1.0031225555916579,38.55421686746996,10.971940708306828,37.068965517241615,9.841119218266616
2010-08-25 12:00:00,AAPL,7.271,0.9993128092358439,7.197,1.0001389660922735,7.219,0.9970994475138122,7.242,42392112,7.249437499999999,0.9991902485247878,7.276492519154465,1.0029192428519744,43.92156862745104,10.288804203317664,20.370370370370658,10.972806461064986
2010-08-25 13:00:00,AAPL,7.257,0.9980745427038922,7.202,1.0006947339169099,7.243,1.0033245601883918,7.223,33156536,7.247062499999999,0.9996723883749602,7.273302755425469,1.0032920147839706,40.5797101449276,9.410292349087673,42.59259259259297,12.578268965324394
2010-08-25 14:00:00,AAPL,7.334,1.0106104450875018,7.229,1.003748958622605,7.322,1.0109070827005384,7.245,91985208,7.250249999999999,1.0004398333807663,7.277940588242091,1.0042607730017634,46.575342465753494,8.472505250800243,100.0,17.095177177884782
2010-08-25 15:00:00,AAPL,7.387,1.0072266157622034,7.302,1.010098215520819,7.343,1.002868068833652,7.325,112631596,7.25475,1.000620668252819,7.284136722695226,1.0046738695486674,58.423913043478315,8.267709644958083,100.0,22.365166793668784
2010-08-25 16:00:00,AAPL,7.384,0.9995938811425478,7.19,0.9846617365105451,7.349,1.000817104725589,7.346,10807076,7.260125,1.000740893897102,7.290314177676632,1.0049021920364771,61.29870129870127,8.262766990031023,100.0,27.894267322769306
2010-08-25 17:00:00,AAPL,7.382,0.9997291440953412,7.334,1.0200278164116827,7.369,1.0027214587018642,7.348,1108044,7.2669375,1.0009383447254696,7.297808065516953,1.0051904155254836,65.22911051212945,8.09989593055813,100.0,33.42190551372407
2010-08-25 18:00:00,AAPL,7.379,0.999593606068816,7.332,0.9997272975184075,7.365,0.9994571855068531,7.37,448532,7.27375,1.000937465060075,7.30420729737248,1.0051286800488486,65.69148936170211,7.812063831496493,97.67441860465142,38.848262102871374
2010-08-25 19:00:00,AAPL,7.382,1.000406559154357,7.353,1.0028641571194763,7.368,1.0004073319755602,7.367,454636,7.282,1.0011342155009453,7.310282792860816,1.0050225527218857,59.20245398773017,7.550860658596521,99.41860465116311,44.371517916824885
2010-08-26 04:00:00,AAPL,7.417,1.0047412625304795,7.361,1.0010879912960697,7.407,1.0052931596091206,7.376,9100,7.2917499999999995,1.0013389178797034,7.3194939554455,1.0051488540847981,67.35395189003438,7.408703518698198,100.0,49.92707347238044
2010-08-26 05:00:00,AAPL,7.387,0.9959552379668329,7.365,1.0005434044287462,7.377,0.995949777237748,7.379,2800,7.29625,1.0006171358041622,7.324970721593548,1.0045559326078854,77.30263157894757,7.225166263596608,85.7142857142856,54.688978234285194
2010-08-26 06:00:00,AAPL,7.406,1.0025720860971978,7.365,1.0,7.377,1.0,7.396,47600,7.303124999999999,1.0009422648620865,7.329925890965591,1.0046155067281948,81.03448275862073,7.073711526165803,85.7142857142856,59.00043254573947
2010-08-26 07:00:00,AAPL,7.399,0.999054820415879,7.348,0.9976917854718261,7.363,0.9981022095702861,7.392,332500,7.310749999999999,1.0010440735986308,7.333075806111726,1.004101094546749,80.21582733812957,7.029244176726719,79.04761904761924,61.29724926878573
2010-08-26 08:00:00,AAPL,7.423,1.0032436815785917,7.321,0.9963255307566684,7.41,1.0063832676898004,7.369,5880448,7.324062499999999,1.0018209486030845,7.3404019198153705,1.0040559340444375,75.09025270758141,7.142047111844241,100.0,65.84565732596569
2010-08-26 09:00:00,AAPL,7.433,1.0013471642193184,7.354,1.0045075809315667,7.397,0.9982456140350877,7.41,77245196,7.335812499999999,1.0016043008917523,7.345792213166288,1.0029668934646978,77.59740259740276,7.393400073195737,93.19371727748695,70.80086384138163
2010-08-26 10:00:00,AAPL,7.44,1.0009417462666488,7.377,1.0031275496328529,7.4,1.000405569825605,7.398,85113112,7.3468124999999995,1.0014994930691046,7.350954859531403,1.002064169378839,79.66666666666684,7.804403296170204,94.76439790575927,76.06555261392381
2010-08-26 11:00:00,AAPL,7.414,0.996505376344086,7.318,0.9920021689033482,7.356,0.994054054054054,7.404,69395956,7.3540624999999995,1.0009868225165675,7.351435349099841,1.0006292319424024,78.13620071684608,8.054466553926362,71.72774869109931,79.47571489752897
2010-08-26 12:00:00,AAPL,7.381,0.9955489614243325,7.324,1.0008198961464883,7.352,0.9994562262098967,7.357,29422680,7.362375,1.0011303276250372,7.351489125376047,0.9996500744147943,56.967213114754095,8.174934692977011,65.26946107784437,81.80869262024446
2010-08-26 13:00:00,AAPL,7.367,0.9981032380436254,7.309,0.9979519388312398,7.321,0.9957834602829161,7.354,33145000,7.36725,1.0006621504609585,7.348585399149757,0.9981270173211438,51.98237885462564,8.143156323002039,0.0,79.74930564706438
2010-08-26 14:00:00,AAPL,7.339,0.9961992670014932,7.264,0.9938432070050622,7.281,0.9945362655374949,7.323,62453720,7.364687500000001,0.9996521768638231,7.342148694468827,0.9965928527562967,44.44444444444432,7.629025665851613,0.0,78.617618404266
2010-08-26 15:00:00,AAPL,7.319,0.9972748330835263,7.253,0.9984856828193832,7.265,0.9978024996566406,7.284,74504472,7.359812500000001,0.9993380574532185,7.33480119975751,0.9959419459084324,33.82352941176465,6.921051230134026,0.0,76.25136326023305
2010-08-26 16:00:00,AAPL,7.426,1.0146194835360023,7.248,0.9993106300841031,7.27,1.0006882312456986,7.267,20944364,7.354875000000001,0.999329126930883,7.328629656923461,0.9957630927314329,32.39436619718299,6.201265276775145,3.448275862068881,70.88737858590355
2010-08-26 17:00:00,AAPL,7.281,0.9804740102343118,7.241,0.9990342163355408,7.253,0.9976616231086658,7.272,1062124,7.347625,0.9990142592498171,7.32142683245456,0.9954522452733132,32.86713286713271,5.501925740804143,0.0,65.33182303034798
2010-08-26 18:00:00,AAPL,7.274,0.9990385935997803,7.214,0.9962712332550754,7.252,0.9998621260168206,7.256,557872,7.3405625,0.9990388050560556,7.314814753173174,0.9955345779313961,20.83333333333327,4.907033046327938,0.0,59.776267474792434
2010-08-26 19:00:00,AAPL,7.268,0.9991751443497388,7.24,1.0036041031327974,7.257,1.0006894649751792,7.257,239484,7.333625,0.9990549089391991,7.3093085862043,0.9957422998856423,23.404255319148874,4.411562884671431,3.164556962025242,54.3965206393494
2010-08-27 06:00:00,AAPL,7.327,1.0081177765547606,7.287,1.0064917127071822,7.316,1.008130081300813,7.302,57400,7.3279375,0.9992244626634168,7.309945863708652,0.9967711552893218,24.999999999999915,3.922872692770892,40.506329113924,51.22051566764232
2010-08-27 07:00:00,AAPL,7.327,1.0,7.268,0.9973926169891587,7.303,0.9982230727173319,7.287,432600,7.3233125,0.9993688537873038,7.309284352879256,0.9974545160734868,41.754385964912174,3.5070290354430314,32.278481012658254,47.49050879883649
2010-08-27 08:00:00,AAPL,7.352,1.003412037668896,7.262,0.9991744634012107,7.316,1.001780090373819,7.301,3189704,7.3195,0.9994794022513719,7.3099239383193275,0.9981717888345373,28.685258964143415,3.153282602377249,40.506329113924,44.18530486072116
2010-08-27 09:00:00,AAPL,7.345,0.9990478781284003,7.19,0.9900853759294961,7.205,0.9848277747402953,7.316,69597360,7.3096250000000005,0.9986508641300637,7.2999311822889155,0.9973264816297446,33.86454183266926,3.0211677810513957,0.0,39.423400098816394
2010-08-27 10:00:00,AAPL,7.29,0.9925119128658952,7.11,0.9888734353268428,7.245,1.0055517002081888,7.209,186797212,7.2993125,0.9985891889118799,7.294699641118543,0.9979581224917204,22.841225626740908,3.284987963257027,20.5128205128205,35.80109647651279
2010-08-27 11:00:00,AAPL,7.313,1.0031550068587105,7.232,1.0171589310829816,7.268,1.0031746031746032,7.248,69985972,7.291250000000001,0.9988954439202323,7.292156818154872,0.9990196772853432,34.366197183098606,3.7958331134942975,32.30769230769212,33.204433879850164
2010-08-27 12:00:00,AAPL,7.304,0.9987693149186381,7.249,1.002350663716814,7.271,1.0004127682993946,7.27,38268244,7.2831875,0.9988942225270016,7.290141883092503,0.9998480209967431,38.77005347593575,4.502016868889195,43.70860927152313,30.077134394934774
2010-08-27 13:00:00,AAPL,7.311,1.000958378970427,7.248,0.9998620499379226,7.298,1.003713381928208,7.275,52158120,7.279562500000001,0.9995022783636973,7.290890275178931,1.0010576104458289,42.77456647398845,5.173817007136949,63.265306122448855,28.41444488632155
2010-08-27 14:00:00,AAPL,7.316,1.0006839009711395,7.261,1.0017935982339956,7.29,0.9989038092628117,7.301,43780072,7.275687500000001,0.9994676877903034,7.290805487066652,1.0015444591713651,52.552552552552605,5.793442194102937,73.27586206896571,27.220637339833022
2010-08-27 15:00:00,AAPL,7.317,1.0001366867140515,7.262,1.0001377220768488,7.304,1.001920438957476,7.291,68878852,7.274625,0.9998539656905274,7.292062107346018,1.0022505924486198,53.84615384615391,6.322689572527688,89.18918918918956,28.190717367504703
2010-08-27 16:00:00,AAPL,7.322,1.000683340166735,7.248,0.9980721564307354,7.312,1.0010952902519168,7.307,10763256,7.276562500000001,1.0002663367527536,7.293960954265445,1.0026580001395873,55.08982035928154,6.679926070837077,96.39639639639678,29.919991551868723
2010-08-27 17:00:00,AAPL,7.342,1.0027314941272876,7.293,1.0062086092715232,7.326,1.0019146608315097,7.313,1608208,7.280375,1.0005239424522223,7.29701229195445,1.0028103643656532,59.076923076923094,6.80752030726612,100.0,35.475547107424276
2010-08-27 18:00:00,AAPL,7.336,0.9991827839825661,7.293,1.0,7.32,0.9991809991809992,7.328,159992,7.2835,1.0004292361313805,7.299201597482598,1.0025859378785567,60.946745562130175,7.072317383882682,95.04132231405012,40.75562056931595
2010-08-27 19:00:00,AAPL,7.34,1.000545256270447,7.309,1.0021938845468257,7.328,1.0010928961748633,7.324,121716,7.288187499999999,1.0006435779501612,7.301944302484255,1.0025323405621274,59.29203539823022,7.415792424632407,100.0,46.31117612487151
2010-08-27 20:00:00,AAPL,7.286,0.9926430517711171,7.264,0.9938432070050622,7.276,0.9929039301310043,7.278,8400,7.2896875,1.000205812487673,7.299473416533374,1.0015485217049334,52.08333333333342,7.869853435762371,57.723577235772034,49.326470645632796
2010-08-30 06:00:00,AAPL,7.333,1.0064507274224541,7.311,1.0064702643171806,7.322,1.0063221550302364,7.325,14000,7.29375,1.0005572941226903,7.301618805434957,1.0016367375741357,45.871559633027495,8.246476474115369,95.12195121951201,54.61102349116124
2010-08-30 07:00:00,AAPL,7.332,0.9998636301650075,7.29,0.9971276159212146,7.313,0.9987708276427205,7.314,153832,7.2935625,0.999974293059126,7.3027027287268655,1.0012274520962283,50.83333333333337,8.819561018616602,87.80487804878005,59.489072271649015
2010-08-30 08:00:00,AAPL,7.324,0.9989088925259137,7.278,0.9983539094650206,7.299,0.9980856009845481,7.311,1630888,7.293312500000001,0.999965723197683,7.302350087895735,1.0012048416525854,70.93023255813947,9.524824210689303,76.42276422764239,63.55897267529441
2010-08-30 09:00:00,AAPL,7.436,1.0152921900600764,7.261,0.9976641934597418,7.418,1.0163036032333197,7.302,81723740,7.299687500000001,1.0008740884200424,7.313364365238998,1.002749349522456,61.637931034482854,10.040960855986029,100.0,66.86417661340974
2010-08-30 10:00:00,AAPL,7.44,1.0005379236148468,7.377,1.0159757609144746,7.414,0.9994607710973308,7.42,67533592,7.312750000000001,1.0017894601652468,7.322948711406712,1.0031866037288186,72.86585365853668,10.19412102046104,97.68786127167604,70.49803107224407
2010-08-30 11:00:00,AAPL,7.426,0.9981182795698924,7.351,0.9964755320591027,7.371,0.9942001618559483,7.417,41564516,7.320625000000001,1.0010768862602988,7.327525024606073,1.002020447110331,71.73252279635257,9.901551608456629,68.66666666666694,72.06249426961868
2010-08-30 12:00:00,AAPL,7.413,0.9982493940210073,7.358,1.000952251394368,7.394,1.0031203364536698,7.373,29861916,7.328500000000001,1.0010757278237856,7.33385597464359,1.0018073558806235,60.579710144927624,9.329927033924932,83.67346938775512,76.7110203467162
2010-08-30 13:00:00,AAPL,7.411,0.9997302036962092,7.36,1.000271812992661,7.375,0.9974303489315661,7.396,32192300,7.335000000000002,1.0008869482158698,7.337774453248962,1.001265532271128,64.44444444444451,8.535506022775964,69.7183098591549,79.44465864373475
2010-08-30 14:00:00,AAPL,7.405,0.9991903926595602,7.354,0.9991847826086956,7.383,1.001084745762712,7.378,32228868,7.340312500000001,1.0007242672119971,7.342081648177633,1.000965459874251,59.72602739726028,7.608670029565672,75.3521126760563,81.83601533086612
2010-08-30 15:00:00,AAPL,7.4,0.99932478055368,7.316,0.9948327440848518,7.332,0.9930922389272653,7.385,75420464,7.342937500000001,1.0003576142023924,7.341121491208335,1.000110212093604,59.72602739726028,6.7338527833847905,39.4366197183098,81.59868257790983
2010-08-30 16:00:00,AAPL,7.391,0.9987837837837837,7.277,0.9946692181519957,7.337,1.0006819421713038,7.334,16633036,7.345,1.0002808821401517,7.340728968236112,0.9996992304831835,50.74626865671645,6.049369800603886,42.95774647887309,80.47048481993339
2010-08-30 17:00:00,AAPL,7.389,0.9997294006223786,7.32,1.0059090284457881,7.34,1.000408886465858,7.337,675892,7.34675,1.0002382573179034,7.340659542689815,0.9994090595901723,52.11970074812961,5.4919242089943054,45.0704225352112,78.90351595694703
2010-08-30 18:00:00,AAPL,7.361,0.9962105832994992,7.324,1.0005464480874315,7.347,1.0009536784741144,7.339,170688,7.348062499999999,1.0001786504236565,7.341263395766976,0.9992531930128256,51.515151515151466,5.112377169365556,50.00000000000031,76.72633877976985
2010-08-30 19:00:00,AAPL,7.354,0.9990490422496944,7.293,0.9957673402512289,7.344,0.9995916700694161,7.345,341404,7.349562499999999,1.000204135443867,7.34152402474155,0.9991101769672687,60.1139601139602,4.98294659728755,47.88732394366221,74.03139031017349
2010-08-31 04:00:00,AAPL,7.357,1.000407941256459,7.335,1.0057589469354176,7.347,1.0004084967320261,7.349,2800,7.350749999999999,1.0001615742433647,7.342045546194736,0.9989772243170579,53.57142857142862,5.053107477794137,50.00000000000031,71.25361253239572
2010-08-31 06:00:00,AAPL,7.357,1.0,7.32,0.9979550102249489,7.332,0.9979583503470804,7.344,17752,7.354249999999999,1.0004761418902832,7.341088827509523,0.9986856888765805,55.629139072847806,5.1792807506398635,27.7310924369744,67.51415531700262
2010-08-31 07:00:00,AAPL,7.338,0.9974174255810793,7.281,0.9946721311475409,7.322,0.9986361156573923,7.323,174664,7.3542499999999995,1.0000000000000002,7.339270843937188,0.9979631973263337,55.44554455445534,5.654871677807005,19.32773109243675,63.03236259991578
2010-08-31 08:00:00,AAPL,7.336,0.9997274461706187,7.26,0.9971157807993407,7.294,0.9961759082217972,7.316,1737512,7.353062499999999,0.999838528741884,7.3349593349907884,0.9973769364640567,25.257731958762975,6.401640846662726,0.0,59.825497197928435
2010-08-31 09:00:00,AAPL,7.37,1.0046346782988005,7.255,0.9993112947658402,7.34,1.0063065533315054,7.296,64385328,7.355624999999999,1.0003484942498448,7.335439398324999,0.9976032977177876,22.47706422018358,7.193370926098603,37.096774193548434,56.60187625204158
2010-08-31 10:00:00,AAPL,7.404,1.0046132971506105,7.314,1.008132322536182,7.344,1.0005449591280655,7.343,79871204,7.350999999999999,0.999371229501232,7.336254693722618,0.9973665995374451,42.98642533936644,8.282415286863055,41.66666666666722,54.03864228636863
2010-08-31 11:00:00,AAPL,7.374,0.9959481361426256,7.306,0.9989062072737216,7.356,1.0016339869281046,7.346,40502056,7.347374999999999,0.9995068698136308,7.338135199082369,0.9982499250554169,37.62376237623783,9.649345624073876,61.99999999999995,53.237377607055166
2010-08-31 12:00:00,AAPL,7.386,1.0016273393002442,7.333,1.0036955926635642,7.345,0.9985046220772159,7.359,27671924,7.345749999999999,0.9997788325762602,7.338788989645952,0.9988314179752569,45.128205128205146,11.096366120842012,50.999999999999886,50.51515538483294
2010-08-31 13:00:00,AAPL,7.394,1.001083130246412,7.325,0.99890904132006,7.373,1.0038121170864533,7.347,32701676,7.3444375,0.9998213252561006,7.342047181108242,0.9994959236440449,40.404040404040444,12.581795201948198,88.76404494382052,50.01938781106319
2010-08-31 14:00:00,AAPL,7.404,1.0013524479307547,7.298,0.9963139931740614,7.33,0.994167909941679,7.375,66552360,7.341625,0.9996170571265669,7.340899830526505,0.9995183198885558,61.71428571428565,14.113456760099924,40.44943820224754,48.451764007484336
2010-08-31 15:00:00,AAPL,7.38,0.9967585089141004,7.301,1.0004110715264456,7.358,1.003819918144611,7.331,73132024,7.3400625,0.9997871724584135,7.342528418095409,1.0001230542414532,48.35680751173719,15.644163393666012,81.01265822784754,48.30394116526724
2010-08-31 16:00:00,AAPL,7.386,1.0008130081300812,7.297,0.9994521298452266,7.375,1.002310410437619,7.36,22393140,7.34275,1.0003661412964808,7.34562094970537,1.0007572755280176,53.78151260504194,17.02527202271827,100.0,49.98625728420308
2010-08-31 17:00:00,AAPL,7.393,1.0009477389656105,7.343,1.0063039605317254,7.381,1.000813559322034,7.36,1641332,7.3454999999999995,1.0003745190834497,7.348990383066763,1.0008498700169233,55.64516129032245,18.1176214162879,100.0,51.355584357755504
2010-08-31 18:00:00,AAPL,7.399,1.0008115785202218,7.366,1.0031322347814244,7.387,1.0008128979813034,7.384,443772,7.3484375,1.00039990470356,7.352610346584214,1.0009679867380321,57.37051792828677,18.932948373134845,100.0,54.720216595627186
2010-08-31 19:00:00,AAPL,7.4,1.000135153399108,7.369,1.0004072766766223,7.387,1.0,7.389,178976,7.350937500000001,1.0003402083776314,7.355885551671432,1.0010135558302606,57.87401574803129,19.510924603020833,100.0,57.88923068013423
2010-09-01 05:00:00,AAPL,7.433,1.0044594594594594,7.401,1.0043425159451758,7.413,1.0035196967645865,7.425,42000,7.355250000000001,1.0005866598648132,7.36132502294082,1.0014130881864822,61.50627615062752,19.61046544200908,100.0,60.94087387262251
2010-09-01 06:00:00,AAPL,7.439,1.000807211085699,7.4,0.9998648831239022,7.425,1.0016187778227437,7.414,44800,7.360125,1.0006627918833486,7.367389306470265,1.001650427445738,67.84313725490188,19.31380447914608,100.0,63.71865165040026
2010-09-01 07:00:00,AAPL,7.448,1.0012098400322624,7.402,1.0002702702702702,7.43,1.0006734006734006,7.425,556668,7.366249999999999,1.0008321869533465,7.373352229663573,1.0017971474212155,77.40585774058573,18.601398835246904,100.0,66.61380032019682
2010-09-01 08:00:00,AAPL,7.473,1.0033566058002148,7.338,0.9913536881923805,7.443,1.0017496635262448,7.431,4267228,7.373812499999999,1.001026641778381,7.379985350647995,1.001864632702935,72.72727272727265,17.54355445219358,100.0,69.39157809797456
2010-09-01 09:00:00,AAPL,7.507,1.0045497122976046,7.429,1.0124011992368493,7.48,1.0049711137981998,7.447,79349228,7.3854375,1.001576525033692,7.389510555348186,1.0021288926655223,73.91304347826072,15.99145991805991,100.0,73.40651740703154
2010-09-01 10:00:00,AAPL,7.573,1.0087917943252964,7.461,1.004307443801319,7.557,1.0102941176470588,7.481,134401596,7.399,1.001836384100468,7.405461931029311,1.0027113398535037,76.72413793103448,14.291687535226014,100.0,77.88831012411839
2010-09-01 11:00:00,AAPL,7.611,1.0050178264888419,7.544,1.0111245141401957,7.594,1.004896122800053,7.559,79349732,7.414625,1.0021117718610624,7.423417937597948,1.0033001672655695,85.57046979865771,13.397213480728329,100.0,83.44386567967395
2010-09-01 12:00:00,AAPL,7.607,0.9994744448824071,7.555,1.001458112407211,7.569,0.996707927311035,7.597,60090800,7.4279375000000005,1.0017954380700307,7.437282895921953,1.0030558384169062,85.99348534201951,13.160821454960676,90.5303030303029,86.41239505949365
2010-09-01 13:00:00,AAPL,7.613,1.0007887472065204,7.541,0.998146922567836,7.573,1.0005284713964857,7.572,113658076,7.442187500000001,1.001918432943196,7.450208334405577,1.0029982527997277,91.34948096885803,13.340722618023216,92.04545454545459,89.21121660831517
2010-09-01 14:00:00,AAPL,7.594,0.9975042690135295,7.508,0.9956239225566901,7.537,0.9952462696421497,7.576,103434996,7.4524375,1.0013772832248582,7.458474207319331,1.0021884301247892,90.56603773584898,13.687924449115194,78.40909090909078,90.12283276993132
2010-09-01 15:00:00,AAPL,7.584,0.9986831709244139,7.512,1.0005327650506126,7.566,1.0038476847552076,7.54,96916372,7.467187500000001,1.0019792182088076,7.468714759003205,1.002184152366686,78.52112676056322,14.24957835962352,88.13559322033882,92.18592128217239
2010-09-01 16:00:00,AAPL,7.591,1.0009229957805907,7.537,1.0033280085197018,7.566,1.0,7.57,20742568,7.4801874999999995,1.0017409499895373,7.477980020050518,1.0014453259745408,80.13029315960893,14.991274129798867,87.21461187214592,92.09984166707933
2010-09-01 17:00:00,AAPL,7.591,1.0,7.552,1.001990181769935,7.572,1.000793021411578,7.583,2278248,7.4925000000000015,1.001646014889333,7.4869343038552305,1.0009019565158268,79.73421926910285,15.861641354518433,89.67136150234731,94.83439296152933
2010-09-01 18:00:00,AAPL,7.593,1.000263469898564,7.558,1.0007944915254237,7.573,1.0001320655044903,7.572,445396,7.504500000000002,1.0016016016016016,7.495131036821399,1.0003511560655853,80.13029315960898,16.80447486597089,89.8550724637682,95.32563819685826
2010-09-01 19:00:00,AAPL,7.59,0.9996048992493085,7.555,0.999603069595131,7.576,1.0003961441964875,7.574,561288,7.5163125000000015,1.00157405556666,7.502832842838409,0.9997778456710515,78.36879432624097,17.757832430156853,91.30434782608666,94.84254640941862
2010-09-02 04:00:00,AAPL,7.606,1.0021080368906456,7.584,1.0038385175380542,7.596,1.0026399155227033,7.598,5600,7.529375000000002,1.0017378867629572,7.511705905425226,0.9993871204031531,77.65567765567748,18.750849439766768,100.0,94.84254640941862
2010-09-02 07:00:00,AAPL,7.619,1.0017091769655535,7.557,0.9964398734177217,7.581,0.9980252764612955,7.591,237300,7.539875000000001,1.0013945380592677,7.518305343003776,0.9985298040014974,78.81944444444431,19.566138383367335,91.2280701754388,94.35521697472079
2010-09-02 08:00:00,AAPL,7.65,1.0040687754298465,7.562,1.0006616382162234,7.625,1.0058039836433188,7.579,5399352,7.5523750000000005,1.0016578524179776,7.528466738908179,0.9984869429411201,73.79310344827584,20.31039246008484,100.0,94.35521697472079
2010-09-02 09:00:00,AAPL,7.634,0.9979084967320262,7.527,0.9953715948161862,7.558,0.9912131147540983,7.626,75507236,7.5603750000000005,1.0010592694351115,7.531279430440733,0.9972067634937001,74.4107744107743,20.793714319101447,63.18681318681317,92.31003992954373
2010-09-02 10:00:00,AAPL,7.591,0.9943673041655751,7.503,0.9968114786767637,7.567,1.0011907912146072,7.561,95299092,7.568125,1.0010250814278392,7.534681389446377,0.9966015428396576,50.174216027874465,21.18851568755804,60.0,90.08781770732152
2010-09-02 11:00:00,AAPL,7.585,0.9992095903043077,7.533,1.0039984006397442,7.564,0.9996035416941985,7.569,35603232,7.573375,1.0006936989016435,7.537473638070532,0.9959499397896483,44.78764478764479,21.40763484785529,30.681818181818308,86.23680760631142
2010-09-02 12:00:00,AAPL,7.589,1.0005273566249178,7.541,1.001061993893535,7.562,0.9997355896351138,7.565,37358748,7.573687500000001,1.0000412629772064,7.539809482063815,0.9955679577551375,48.94514767932492,21.288319148417916,28.409090909091287,82.25953487903871
2010-09-02 13:00:00,AAPL,7.583,0.9992093820002635,7.543,1.0002652168147461,7.572,1.0013224014810895,7.564,21791000,7.5723125,0.9998184503915694,7.542875245676784,0.9959316707583701,47.65957446808508,20.7565924387419,39.7727272727274,78.91357528307913
2010-09-02 14:00:00,AAPL,7.605,1.0029012264275352,7.557,1.0018560254540634,7.589,1.002245113576334,7.575,51030140,7.5735625,1.0001650750678872,7.547268079421852,0.9966926324582949,58.37320574162685,19.960757491542655,59.0909090909096,76.64084801035189
2010-09-02 15:00:00,AAPL,7.634,1.0038132807363576,7.571,1.0018525870054253,7.624,1.004611938331796,7.591,80407488,7.57675,1.0004208719476468,7.554575881381675,0.9974930399507068,55.837563451776795,19.11303369727519,98.86363636363599,76.57771669722054
2010-09-02 16:00:00,AAPL,7.636,1.000261985852764,7.559,0.9984150046229032,7.623,0.9998688352570829,7.623,7916328,7.582125,1.000709407067674,7.5610924641072295,0.9979334759768014,62.50000000000001,18.34672585236262,97.01492537313466,76.93797349404454
2010-09-02 17:00:00,AAPL,7.636,1.0,7.61,1.0067469241963223,7.625,1.0002623638987276,7.626,1439368,7.585812499999999,1.000486341230196,7.567178896097017,0.9980287711026945,61.233480176211565,17.653407493157076,100.0,77.37989268596374
2010-09-02 18:00:00,AAPL,7.644,1.0010476689366161,7.612,1.0002628120893562,7.633,1.001049180327869,7.627,425936,7.59,1.0005520173349922,7.573447572659206,0.9983699930177824,61.403508771929836,17.029947934053208,100.0,78.57938763545867
2010-09-02 19:00:00,AAPL,7.644,1.0,7.607,0.9993431424067263,7.624,0.9988209092100091,7.634,391580,7.593249999999999,1.0004281949934124,7.578262089548805,0.9984535032343618,62.23175965665251,16.440956282425006,87.99999999999957,78.57185467877316
2010-09-03 05:00:00,AAPL,7.636,0.998953427524856,7.613,1.0007887472065204,7.625,1.0001311647429172,7.628,2800,7.596499999999999,1.0004280117209363,7.5827133191155855,0.9986123621789861,56.306306306306254,15.8765602386318,89.33333333333334,78.6895614266169
2010-09-03 07:00:00,AAPL,7.629,0.9990832896804609,7.569,0.994220412452384,7.614,0.9985573770491804,7.601,191380,7.598875,1.0003126439807808,7.5856930030093395,0.9985773715539183,60.576923076923016,15.105194455840623,74.66666666666656,77.85596726907909
2010-09-03 08:00:00,AAPL,7.74,1.0145497443963822,7.592,1.0030387105297924,7.725,1.0145784081954294,7.615,10442124,7.606937499999999,1.0010610123209027,7.598960336056069,1.000011230090779,46.857142857142826,14.61435549376396,100.0,78.4195743544253
2010-09-03 09:00:00,AAPL,7.793,1.0068475452196382,7.682,1.011854583772392,7.772,1.0060841423948221,7.727,107988468,7.618875,1.0015692911897858,7.61544030405073,1.00111776967416,88.1278538812786,14.644191321214869,100.0,78.90266614186493
2010-09-03 10:00:00,AAPL,7.787,0.9992300782753754,7.687,1.000650872168706,7.715,0.9926659804426144,7.772,95611432,7.624499999999999,1.0007382979770634,7.624922179855423,1.000793710338524,89.88326848249034,14.933311589981685,73.36448598130828,77.42291536304872
2010-09-03 11:00:00,AAPL,7.778,0.9988442275587517,7.691,1.000520359047743,7.764,1.006351263771873,7.717,49373940,7.637375,1.001688635320349,7.6381676865358585,1.001792601027721,74.27652733118968,15.601798833267742,96.19047619047619,77.69860458610634
2010-09-03 12:00:00,AAPL,7.794,1.0020570840833118,7.743,1.0067611493953972,7.78,1.002060793405461,7.766,43898792,7.6506875,1.0017430727180479,7.6516755259133955,1.0018724399303944,78.21229050279325,16.74439078289017,100.0,77.69860458610634
2010-09-03 13:00:00,AAPL,7.822,1.0035925070567104,7.767,1.0030995738086013,7.807,1.0034704370179948,7.782,51802716,7.665875000000001,1.0019851157167248,7.666468332969263,1.002062668612365,78.57142857142854,18.328200235392007,100.0,79.7437816312834
2010-09-03 14:00:00,AAPL,7.829,1.0008949117872668,7.775,1.0010299987125015,7.791,0.9979505571922633,7.81,47706764,7.680187500000001,1.0018670406183248,7.678328491734095,1.0016245362380805,79.14438502673792,20.231037546547242,93.19148936170212,81.58775326248907
2010-09-03 15:00:00,AAPL,7.835,1.000766381402478,7.773,0.9997427652733119,7.823,1.004107303298678,7.794,71809416,7.695875000000001,1.0020425933611647,7.692106730616562,1.0015519452639094,73.52112676056339,22.35043930219021,100.0,85.43876336349916
2010-09-03 16:00:00,AAPL,7.84,1.0006381620931717,7.622,0.9805737810369227,7.821,0.9997443436021985,7.826,39266920,7.710374999999999,1.0018841262364575,7.704382280081651,1.0011054337657057,75.90673575129523,23.671934607848442,99.04306220095663,89.36287287971392
2010-09-03 17:00:00,AAPL,7.834,0.999234693877551,7.803,1.0237470480188926,7.817,0.9994885564505819,7.823,819644,7.7224375,1.0015644504968955,7.715107777216732,1.0006138193300238,75.38860103626921,24.323289849639565,97.12918660287072,92.54934284249966
2010-09-03 18:00:00,AAPL,7.834,1.0,7.797,0.9992310649750096,7.812,0.9993603684277856,7.821,458024,7.73425,1.001529633616329,7.724335607957995,1.0002457913007383,74.08376963350773,24.499849806046605,94.73684210526311,94.52967245440817
2010-09-03 19:00:00,AAPL,7.826,0.9989788103140158,7.798,1.0001282544568424,7.813,1.0001280081925243,7.813,108752,7.746,1.0015192164721853,7.732779835771519,0.9998099150882787,74.86772486772482,24.324335114757574,95.21531100478438,94.32698771224975
2010-09-03 20:00:00,AAPL,7.75,0.9902887809864555,7.727,0.9908951013080277,7.739,0.9905286061692052,7.742,16800,7.752625,1.0008552801445907,7.733372232364708,0.9983697692182685,74.86772486772476,23.5601539035468,59.80861244019124,92.25997032708624
2010-09-07 04:00:00,AAPL,7.78,1.0038709677419355,7.714,0.9983175876795651,7.764,1.0032303915234526,7.772,93800,7.761375,1.001128649973396,7.736289162615688,0.9978928637223764,64.172335600907,22.44690746731973,71.77033492822966,90.69165560087676
2010-09-07 05:00:00,AAPL,7.763,0.9978149100257069,7.715,1.0001296344309047,7.752,0.9984544049459041,7.73,11200,7.7693125,1.001022692499718,7.737785432842766,0.9969606458704502,55.492957746478936,21.109753252704454,66.02870813397108,88.8043616083196
2010-09-07 06:00:00,AAPL,7.77,1.0009017132551847,7.714,0.9998703823720027,7.759,1.0009029927760578,7.744,159880,7.778375,1.0011664481252363,7.739805867810121,0.996202156601388,46.874999999999936,19.810165969807212,40.74074074074098,86.17884720502745
2010-09-07 07:00:00,AAPL,7.796,1.0033462033462035,7.742,1.0036297640653358,7.782,1.0029642995231345,7.767,313768,7.7819375,1.0004580005463866,7.7438243565901095,0.9955581154920031,58.14814814814819,18.313399820581942,62.03703703703688,84.66238629967765
2010-09-07 08:00:00,AAPL,7.808,1.0015392508978962,7.752,1.0012916559028675,7.772,0.9987149832947828,7.784,2008104,7.7819375,1.0,7.746507751200576,0.9954471815278105,53.68852459016387,16.55448053671473,52.77777777777787,83.44633691696161
2010-09-07 09:00:00,AAPL,7.857,1.0062756147540983,7.735,0.9978070175438597,7.795,1.0029593412249098,7.776,77737604,7.7869375,1.0006425135128623,7.751126060610045,0.9960406467682432,48.319327731092436,14.709992225419413,66.66666666666632,81.59448506510974
2010-09-07 10:00:00,AAPL,7.847,0.9987272495863562,7.765,1.0038784744667097,7.834,1.0050032071840924,7.799,70613844,7.7913125,1.0005618383350323,7.759018816742422,0.9964146773673762,47.43589743589734,13.131223955242481,100.0,81.59448506510975
2010-09-07 11:00:00,AAPL,7.848,1.0001274372371607,7.8,1.004507405022537,7.831,0.999617053867756,7.836,39111268,7.7945,1.0004091095049774,7.7658741675288585,0.9967350388691069,58.365758754863684,12.01063872883292,96.8421052631587,82.89879724743476
2010-09-07 12:00:00,AAPL,7.848,1.0,7.788,0.9984615384615385,7.811,0.9974460477589069,7.833,34843788,7.7947500000000005,1.0000320738982615,7.770171865859443,0.9968788076027254,51.754385964912295,11.394310708749869,75.78947368421079,81.76540821930891
2010-09-07 13:00:00,AAPL,7.841,0.9991080530071356,7.795,1.0008988186954288,7.829,1.002304442452951,7.814,28302540,7.797125,1.0003046922608165,7.7757745453014016,0.997565610866468,47.96747967479678,11.206272734114078,94.73684210526325,81.47301055849022
2010-09-07 14:00:00,AAPL,7.847,1.0007652085193215,7.789,0.9992302758178319,7.806,0.9970622046238345,7.832,29810536,7.7960625,0.99986373182423,7.778653160034602,0.9976309421786366,52.307692307692236,11.3687322688366,70.52631578947405,79.83558365790543
2010-09-07 15:00:00,AAPL,7.822,0.9968140690709825,7.774,0.9980742072153037,7.799,0.9991032539072509,7.809,51377060,7.7946875,0.9998236289152377,7.78059095431702,0.9980154666945039,48.92086330935247,11.429437440883312,63.15789473684279,78.16705062319103
2010-09-07 16:00:00,AAPL,7.83,1.0010227563283047,7.74,0.9956264471314639,7.796,0.9996153352993974,7.797,6430592,7.793375,0.9998316160846731,7.782058482477304,0.9983797916821301,47.53521126760574,11.478383687900532,60.00000000000056,75.94482840096883
2010-09-07 17:00:00,AAPL,7.81,0.9974457215836525,7.782,1.0054263565891473,7.8,1.0005130836326321,7.797,388360,7.792624999999999,0.9999037644152885,7.783767198431846,0.9987671834643971,63.38028169014099,11.498252766559897,64.21052631578958,74.00968751845954
2010-09-07 18:00:00,AAPL,7.809,0.9998719590268886,7.782,1.0,7.794,0.9992307692307693,7.801,114604,7.7914375,0.9998476123257568,7.784741750962146,0.998988370537803,59.37499999999997,11.494152773699117,57.89473684210512,71.82999586508367
2010-09-07 19:00:00,AAPL,7.816,1.0008964015879114,7.782,1.0,7.804,1.0012830382345395,7.798,160832,7.7955,1.0005214057097935,7.786575869918132,0.9993760291240393,61.290322580645224,11.198704513239544,63.41463414634217,70.08987320069919
2010-09-08 04:00:00,AAPL,7.796,0.9974411463664279,7.749,0.9957594448727833,7.761,0.9944900051255766,7.788,5600,7.7953125000000005,0.9999759476621128,7.784140072783072,0.9985427583584212,61.904761904762,10.861809945866671,10.975609756097997,65.4098897979944
2010-09-08 05:00:00,AAPL,7.772,0.9969214982042073,7.749,1.0,7.761,1.0,7.764,22400,7.7958750000000006,1.0000721587492483,7.781936256327541,0.9982840657545853,44.976076555023916,10.49165103479432,2.6666666666663983,62.235337255020795
2010-09-08 06:00:00,AAPL,7.823,1.0065620174987133,7.788,1.005032907471932,7.8,1.0050251256281406,7.815,18480,7.7984374999999995,1.0003286994724774,7.783656612867776,0.9984327112566294,47.23618090452257,9.891595921159793,53.42465753424653,61.21613295535505
2010-09-08 07:00:00,AAPL,7.887,1.0081810047296433,7.794,1.0007704160246533,7.862,1.0079487179487179,7.81,429240,7.8034374999999985,1.000641154077339,7.791117887832749,0.9990614001628851,51.162790697674396,8.94428424316418,100.0,63.103426947912226
2010-09-08 08:00:00,AAPL,7.89,1.00038037276531,7.822,1.0035925070567104,7.844,0.9977105062325108,7.867,4414592,7.807937499999999,1.0005766689359656,7.796154279467725,0.9990666651033889,55.88235294117657,8.008904129321392,82.17821782178238,65.4055090079701
2010-09-08 09:00:00,AAPL,7.918,1.0035487959442333,7.821,0.9998721554589619,7.907,1.0080316165221825,7.851,90553400,7.814937499999998,1.0008965235697647,7.806711014756513,0.9998429181530353,52.56916996047429,7.465240530694249,100.0,67.51456250591248
2010-09-08 10:00:00,AAPL,7.941,1.0029047739328112,7.885,1.0081830967906917,7.917,1.0012647021626406,7.91,96878600,7.820124999999998,1.0006637928966162,7.817214727636845,1.000291394222519,66.21621621621627,7.339480989859021,100.0,70.13801929603592
2010-09-08 11:00:00,AAPL,7.964,1.0028963606598666,7.904,1.002409638554217,7.945,1.0035366931918657,7.92,57644216,7.827249999999999,1.0009111107559023,7.829384753576194,1.0011840927831965,65.27777777777783,7.634518761231343,100.0,71.9898711478878
2010-09-08 12:00:00,AAPL,8.004,1.0050226017076844,7.932,1.0035425101214575,7.984,1.0049087476400251,7.948,60899804,7.838062499999999,1.0013813919320322,7.844110015140366,1.0021540151573498,73.72013651877135,8.464367293831762,100.0,71.9898711478878
2010-09-08 13:00:00,AAPL,7.997,0.9991254372813594,7.924,0.9989914271306102,7.947,0.9953657314629258,7.986,52520496,7.8454375,1.0009409213054887,7.8539090613174745,1.0020217446999786,78.46153846153838,9.648078512473322,83.40807174887895,71.24353595265002
2010-09-08 14:00:00,AAPL,7.992,0.9993747655370764,7.916,0.9989904088844018,7.968,1.0026425066062665,7.95,59066224,7.8555625,1.0012905590032424,7.864774865001524,1.0024647911606617,71.03064066852365,11.051364682367709,92.82511210762331,72.18996030950626
2010-09-08 15:00:00,AAPL,7.996,1.0005005005005005,7.92,1.0005053057099544,7.949,0.9976154618473896,7.97,86915892,7.864937500000001,1.0011934218587148,7.872796306429951,1.0021938348055854,72.34042553191489,12.693000281735989,84.30493273542594,71.61040978895976
2010-09-08 16:00:00,AAPL,7.973,0.9971235617808903,7.861,0.992550505050505,7.949,1.0,7.952,14127904,7.874499999999999,1.0012158392867074,7.88005380105567,1.001921986163993,69.92287917737791,14.335451889440197,84.30493273542594,72.3758885081793
2010-09-08 17:00:00,AAPL,7.968,0.9993728834817509,7.936,1.0095407708942883,7.956,1.0008806139136999,7.952,403620,7.884250000000001,1.0012381738523082,7.8872867723837015,1.001623820227786,69.12928759894456,15.952708986957319,87.44394618834099,73.72511358881809
2010-09-08 18:00:00,AAPL,7.975,1.0008785140562249,7.816,0.9848790322580645,7.957,1.000125691302162,7.959,774928,7.8944374999999996,1.0012921330500681,7.893926127394778,1.0012272730310146,78.42565597667642,16.92869988366521,87.89237668161428,75.27469007112997
2010-09-08 19:00:00,AAPL,7.977,1.0002507836990597,7.942,1.0161207778915047,7.961,1.0005027020233757,7.96,120400,7.90425,1.0012429637957108,7.900314115261942,1.00074439949166,78.48837209302326,17.4127751405613,89.68609865470866,76.68999964551436
2010-09-09 04:00:00,AAPL,7.948,0.9963645480757177,7.924,0.9977335683706875,7.937,0.99698530335385,7.94,4200,7.91525,1.0013916563873866,7.903808009046519,0.9999440818605837,76.05177993527515,17.59744472214526,78.92376681614361,77.85827908851651
2010-09-09 05:00:00,AAPL,7.973,1.003145445395068,7.949,1.0031549722362443,7.962,1.0031498047121077,7.964,28000,7.9278125,1.001587126117305,7.909350103423041,0.9992546165216564,63.8376383763838,17.632186737920737,88.04347826086945,79.22654820599024
2010-09-09 07:00:00,AAPL,7.99,1.0021321961620469,7.951,1.0002516039753429,7.968,1.0007535795026377,7.966,191436,7.9383125,1.0013244511017383,7.914935807858941,0.9983757572292409,71.22302158273374,17.457633879962245,88.57142857142854,83.53742702906416
2010-09-09 08:00:00,AAPL,8.037,1.0058823529411764,7.939,0.9984907558797637,8.023,1.006902610441767,7.972,6007960,7.9483749999999995,1.0012675867824552,7.9252276356819,0.9983516818822513,63.800904977375545,17.031155371375643,100.0,88.94483443647158
2010-09-09 09:00:00,AAPL,8.053,1.0019907925842977,7.989,1.00629802242096,8.034,1.0013710582076532,8.026,82379528,7.96025,1.0014940160724677,7.935586908474099,0.9983911061662415,69.92481203007516,16.459982069199654,100.0,91.53235346234678
2010-09-09 10:00:00,AAPL,8.069,1.0019868372035265,8.016,1.0033796470146452,8.03,0.9995021160069703,8.036,79869552,7.9679375,1.0009657360007538,7.944578631476566,0.9980312969412476,67.87148594377514,15.757078705051828,96.58119658119547,91.34241993907986
2010-09-09 11:00:00,AAPL,8.064,0.999380344528442,8.016,1.0,8.049,1.0023661270236612,8.035,36199912,7.9761875,1.0010353996878114,7.954523523716894,0.9983165058356562,60.747663551401615,14.894739319066858,100.0,92.33251894898085
2010-09-09 12:00:00,AAPL,8.062,0.9997519841269841,8.01,0.999251497005988,8.024,0.9968940241023729,8.052,32894428,7.9811250000000005,1.0006190300817277,7.9611403309819515,0.9981134885535166,76.02040816326485,13.827743160900228,77.67857142857095,91.09243958390144
2010-09-09 13:00:00,AAPL,8.036,0.996774993798065,7.948,0.9922596754057429,7.984,0.9950149551345964,8.027,76196232,7.981125,0.9999999999999999,7.9633174423170034,0.997768791030964,63.99999999999959,12.271264122260185,41.96428571428575,87.86823323469508
2010-09-09 14:00:00,AAPL,8.023,0.9983822797411648,7.965,1.002138902868646,8.009,1.0031312625250501,7.986,36496012,7.984999999999999,1.0004855205249887,7.967668162096336,0.9983139171603422,57.91855203619906,11.269947900892234,64.28571428571479,85.88410625056814
2010-09-09 15:00:00,AAPL,8.026,1.0003739249657235,7.939,0.9967357187696171,7.953,0.9930078661505806,8.012,67560808,7.9840625,0.9998825923606763,7.966271194277637,0.9976545014749704,62.195121951219505,10.881989471867987,14.285714285714398,81.12220148866339
2010-09-09 16:00:00,AAPL,8.054,1.0034886618489909,7.934,0.999370197757904,7.948,0.9993713064252483,7.968,10185224,7.984,0.9999921719049669,7.96453108053691,0.9975536990769936,49.491525423728795,10.897904153783351,9.821428571428749,77.03405464547171
2010-09-09 17:00:00,AAPL,7.964,0.9888254283585796,7.924,0.9987396017141417,7.942,0.9992450931051836,7.951,1107820,7.9835625,0.9999452029058116,7.962385263342918,0.9972927434046741,48.49498327759208,11.08116844326576,4.4642857142856505,72.12511984584185
2010-09-09 18:00:00,AAPL,7.964,1.0,7.924,1.0,7.942,1.0,7.941,264852,7.982687500000001,0.9998903998058513,7.960443809691212,0.9971042137756436,46.84385382059801,11.39245911807143,4.4642857142856505,67.68952834466738
2010-09-09 19:00:00,AAPL,7.954,0.9987443495730788,7.925,1.0001261988894496,7.939,0.9996222613951146,7.944,351848,7.981562500000001,0.9998590700187123,7.958401542101572,0.9969576714736198,50.90252707581225,11.479551250270148,1.7857142857141015,63.10512731968337
2010-09-10 04:00:00,AAPL,8.0,1.0057832537088258,7.976,1.0064353312302838,7.989,1.00629802242096,7.992,2800,7.9833125,1.0002192553149838,7.961315680949041,0.997463301320893,45.490196078431474,11.210048229030178,46.4285714285714,60.82649538858506
2010-09-10 06:00:00,AAPL,7.993,0.999125,7.969,0.999122367101304,7.982,0.9991237952184254,7.984,2800,7.986125000000001,1.000352297370296,7.963285616096751,0.9974914067433476,53.511705685618686,10.618027390800979,39.09090909090943,58.11530274465705
2010-09-10 07:00:00,AAPL,7.999,1.0007506568247215,7.954,0.9981177061111808,7.972,0.9987471811576046,7.99,173768,7.986750000000002,1.0000782607334597,7.964115557420871,0.9972440398091527,41.83266932270934,9.893405167284293,30.000000000000483,54.799408374951035
2010-09-10 08:00:00,AAPL,8.001,1.0002500312539067,7.948,0.9992456625597185,7.961,0.9986201705970899,7.971,2435468,7.9863125,0.9999452217735623,7.963818837666502,0.9971288493650735,37.59999999999999,9.146965713284592,20.000000000000323,51.52586577405419
2010-09-10 09:00:00,AAPL,7.984,0.9978752655918011,7.89,0.9927025666834423,7.944,0.9978645898756437,7.963,91117068,7.981375000000001,0.9993817547209679,7.961931329317311,0.996947130395575,36.57587548638149,8.740759686575474,4.545454545454472,46.887086678753356
2010-09-10 10:00:00,AAPL,8.008,1.003006012024048,7.919,1.0036755386565273,7.994,1.006294058408862,7.947,68237316,7.9788749999999995,0.9996867707631829,7.964985488429948,0.9979465303196438,29.411764705882433,8.580609890620861,50.0,44.74422953589621
2010-09-10 11:00:00,AAPL,8.007,0.999875124875125,7.934,1.0018941785578988,7.955,0.9951213410057543,7.997,35144228,7.9741875,0.999412511162288,7.9640344895318576,0.9981400246941904,44.642857142857245,8.68734479432303,14.545454545454634,39.99675478842146
2010-09-10 12:00:00,AAPL,7.966,0.9948794804546023,7.907,0.9965969246281825,7.944,0.9986172218730358,7.957,43784664,7.967625,0.9991770321427731,7.962126442909776,0.9984874876480865,44.80286738351256,9.102439566015349,5.882352941176409,34.76799661848682
2010-09-10 13:00:00,AAPL,7.962,0.9994978659302033,7.919,1.0015176425951688,7.946,1.0002517623363545,7.947,32765040,7.96275,0.9993881489151409,7.960590591204083,0.999117126019872,37.73584905660368,9.735792660889086,9.999999999999492,29.957930141753707
2010-09-10 14:00:00,AAPL,7.99,1.0035167043456419,7.931,1.001515342846319,7.97,1.0030203876164108,7.949,41758780,7.961874999999999,0.9998901133402405,7.9614867253751225,0.9998413519669866,48.341232227488014,10.192820161060428,44.28571428571367,26.862692046515573
2010-09-10 15:00:00,AAPL,7.989,0.999874843554443,7.937,1.0007565250283696,7.963,0.9991217063989962,7.973,59341548,7.959,0.9996389041526023,7.961630846767968,0.9999693347067078,54.78260869565205,10.50282478135621,43.6363636363639,24.971458280281848
2010-09-10 16:00:00,AAPL,7.984,0.9993741394417324,7.918,0.997606148418798,7.958,0.9993720959437398,7.966,7465808,7.959312499999999,1.0000392637265987,7.961285051837686,1.000287102881981,54.54545454545455,10.679548795475583,34.54545454545496,24.55930099312458
2010-09-10 17:00:00,AAPL,7.977,0.999123246492986,7.945,1.0034099520080828,7.96,1.0002513194269917,7.96,129276,7.960062499999999,1.0000942292440458,7.9611626659483825,1.0002324529849007,53.389830508474596,10.862425966231687,38.18181818181821,23.109084542908107
2010-09-10 18:00:00,AAPL,7.975,0.9997492791776356,7.945,1.0,7.959,0.9998743718592964,7.963,180908,7.961124999999999,1.0001334788514538,7.960956697762822,1.0001123355203332,54.46808510638298,11.00988381873314,36.36363636363578,24.335635769459298
2010-09-10 19:00:00,AAPL,7.979,1.0005015673981192,7.948,1.0003775959723096,7.961,1.0002512878502325,7.963,110208,7.9623124999999995,1.0001491623357253,7.96096082178541,0.9999793775107678,41.93548387096763,11.106470790071592,40.00000000000065,26.01222307104662
2010-09-13 04:00:00,AAPL,8.008,1.0036345406692566,7.963,1.0018872672370407,7.997,1.004522044969225,7.978,8400,7.9659375,1.0004552697473252,7.964393124472514,1.00026130906976,44.19889502762433,11.010611549347129,100.0,31.31976275358631
2010-09-13 05:00:00,AAPL,8.025,1.0021228771228772,7.985,1.002762777847545,7.998,1.0001250468925849,8.016,5600,7.966499999999999,1.000070613157585,7.967593779284655,1.0002079201957905,56.03864734299505,10.912251839088091,100.0,36.62730243612599
2010-09-13 06:00:00,AAPL,8.026,1.0001246105919002,7.996,1.0013775829680651,8.015,1.0021255313828457,8.012,14000,7.9685625,1.0002588966296366,7.972108657448022,1.0007040303079173,59.390862944162414,10.776897856736081,100.0,42.08365164247521
2010-09-13 07:00:00,AAPL,8.05,1.0029902815848493,8.007,1.001375687843922,8.021,1.0007485963817842,8.029,255920,7.971625,1.0003843227683789,7.976764975786305,1.0010293545148583,68.02030456852808,10.44813161936978,100.0,45.05984211866569
2010-09-13 08:00:00,AAPL,8.065,1.001863354037267,8.006,0.9998751092793806,8.037,1.001994763745169,8.022,2346372,7.976375000000001,1.0005958634531855,7.982501644759038,1.0013644200221459,58.82352941176501,9.873634337121006,100.0,48.44368050250406
2010-09-13 09:00:00,AAPL,8.114,1.0060756354618725,8.008,1.0002498126405195,8.081,1.0054746796068184,8.038,84021364,7.984937500000001,1.001073482628387,7.991882440496273,1.0019441714433275,81.53846153846163,8.858836736350238,100.0,52.33256939139292
2010-09-13 10:00:00,AAPL,8.122,1.0009859502095144,8.067,1.0073676323676326,8.101,1.0024749412201461,8.083,74520656,7.991625000000001,1.0008375143825483,8.002274589020438,1.0021712241354972,92.02453987730064,8.615744974045816,100.0,56.77701383583734
2010-09-13 11:00:00,AAPL,8.116,0.9992612656981039,8.06,0.9991322672616835,8.083,0.9977780520923342,8.104,37789808,7.999625000000001,1.0010010479720959,8.009962723399443,1.0022946176027332,92.81767955801114,8.959587613616577,88.5350318471334,61.443101463708395
2010-09-13 12:00:00,AAPL,8.095,0.997412518482011,8.049,0.9986352357320099,8.071,0.9985154026970183,8.086,37637628,8.0075625,1.0009922340109692,8.015775797361401,1.0020189443081895,82.2857142857141,9.871517332888972,80.645161290322,63.14561042428184
2010-09-13 13:00:00,AAPL,8.102,1.000864731315627,8.056,1.0008696732513356,8.072,1.0001239003840912,8.076,28320516,8.0154375,1.00098344533683,8.021130483326981,1.0016943961819817,79.9999999999995,11.266314874176398,79.72027972027864,66.7664340451054
2010-09-13 14:00:00,AAPL,8.094,0.9990125894840779,8.052,0.999503475670308,8.079,1.0008671952428148,8.075,25785620,8.02225,1.000849922415339,8.02664186586727,1.0013978483229728,82.386363636363,12.889211161816625,84.61538461538451,71.14049136033917
2010-09-13 15:00:00,AAPL,8.096,1.0002470966147765,8.05,0.999751614505713,8.081,1.0002475553905186,8.081,73048724,8.029625,1.0009193181464053,8.031818831022767,1.001192786440558,82.87292817679511,14.67850771549886,86.01398601398513,75.36349058333839
2010-09-13 16:00:00,AAPL,8.093,0.9996294466403162,8.059,1.00111801242236,8.078,0.9996287588169781,8.085,15898932,8.037125,1.0009340411289445,8.036217037592026,1.0008209645646,83.51648351648308,16.733823298708813,83.80281690140757,77.55888517309916
2010-09-13 17:00:00,AAPL,8.093,1.0,8.033,0.9967737932745998,8.075,0.9996286209457786,8.081,920304,8.0443125,1.0008942874473148,8.03991065305945,1.0003465982001587,81.96721311475358,18.778991264363597,81.69014084506946,79.67298390691613
2010-09-13 18:00:00,AAPL,8.092,0.9998764364265416,8.061,1.0034856218100336,8.079,1.000495356037152,8.078,332472,8.0518125,1.0009323357340978,8.043633448006169,0.9999155860747787,75.99999999999943,20.793090370638147,84.28571428571418,82.43633167026387
2010-09-13 19:00:00,AAPL,8.093,1.000123578843302,8.064,1.0003721622627466,8.081,1.0002475553905186,8.083,124768,8.0593125,1.0009314672938547,8.047192167243676,0.9994261748201011,76.4705882352937,22.747702017860266,80.76923076922965,84.80229903623118
2010-09-14 07:00:00,AAPL,8.07,0.9971580378104535,8.022,0.9947916666666667,8.05,0.9961638411087738,8.047,140196,8.062625,1.0004110152075627,8.047459579887136,0.9985292889296866,73.91304347826019,24.16162907196012,50.485436893204046,85.58684351009607
2010-09-14 08:00:00,AAPL,8.102,1.0039653035935563,8.031,1.0011219147344803,8.057,1.0008695652173913,8.054,1824732,8.0663125,1.000457357250275,8.048368191326457,0.9982317410677609,58.89570552147236,25.19553376521077,48.8372093023252,86.07779958244743
2010-09-14 09:00:00,AAPL,8.104,1.0002468526289803,8.015,0.9980077200846719,8.089,1.0039717016259153,8.058,71792140,8.070937500000001,1.0005733722813244,8.052237887390604,0.9982551367047338,56.49350649350636,25.797077961931826,84.99999999999945,85.24446624911405
2010-09-14 10:00:00,AAPL,8.118,1.0017275419545906,8.044,1.00361821584529,8.1,1.0013598714303373,8.093,72283876,8.075875,1.0006117628838036,8.05678666002007,0.9982466919140519,52.816901408450995,26.01660979742944,98.4374999999981,85.15766069355841
2010-09-14 11:00:00,AAPL,8.13,1.0014781966001478,8.086,1.005221282943809,8.116,1.0019753086419754,8.104,53777612,8.0808125,1.0006113888587924,8.062426025732444,0.9983346728041784,49.62406015037548,25.932817788073155,100.0,85.1576606935584
2010-09-14 12:00:00,AAPL,8.149,1.0023370233702336,8.093,1.0008656937917388,8.112,0.9995071463775259,8.119,51498972,8.082749999999999,1.0002397654938782,8.067147356615068,0.9983089394309134,62.59541984732819,25.47484318731005,93.9393939393945,84.82096035685811
2010-09-14 13:00:00,AAPL,8.133,0.99803656890416,8.077,0.9980229828246633,8.117,1.0006163708086786,8.116,33689852,8.083749999999998,1.000123720268473,8.071895227413634,0.9986570446214018,66.66666666666714,24.56665927239392,100.0,84.82096035685811
2010-09-14 14:00:00,AAPL,8.144,1.0013525144473134,8.092,1.0018571251702366,8.125,1.0009855858075642,8.119,43086736,8.086375,1.0003247255296122,8.076952824802813,0.9991591556892302,67.7165354330717,23.422297997372475,100.0,84.82096035685811
2010-09-14 15:00:00,AAPL,8.14,0.9995088408644401,8.084,0.9990113692535837,8.104,0.9974153846153845,8.128,65560376,8.0884375,1.0002550586634924,8.079528746250164,0.9991533593544899,67.96875000000024,22.12841101563932,71.99999999999868,83.26540480130247
2010-09-14 16:00:00,AAPL,8.132,0.9990171990171989,8.079,0.9993814943097478,8.097,0.9991362290227048,8.107,9025016,8.09,1.000193176988757,8.08119267517872,0.9991042985964496,57.82312925170065,20.65983344135689,62.66666666666569,81.8282734023876
2010-09-14 17:00:00,AAPL,8.114,0.9977865223807183,8.082,1.000371333085778,8.097,1.0,8.1,360584,8.091125,1.0001390605686031,8.082698134685508,0.9990974208511134,56.29139072847694,19.099395988975946,62.66666666666569,80.82946814551778
2010-09-14 18:00:00,AAPL,8.148,1.0041902883904361,8.087,1.0006186587478345,8.122,1.0030875632950476,8.103,2269904,8.093687499999998,1.0003167050317474,8.086441169477364,0.9994211150460985,57.43243243243262,17.68762629685348,95.99999999999982,81.73389704994673
2010-09-14 19:00:00,AAPL,8.133,0.9981590574374078,8.091,1.0004946209966612,8.115,0.9991381433144546,8.124,508536,8.095999999999998,1.0002857164920194,8.089161058098568,0.9994407441723653,62.72189349112428,16.411689847535374,86.66666666666683,81.84785716390687
2010-09-15 07:00:00,AAPL,8.139,1.0007377351530802,8.092,1.0001235941169202,8.127,1.001478743068392,8.12,65800,8.09925,1.0004014328063242,8.092764766851086,0.9996003911624368,59.77011494252907,15.466152925876134,100.0,82.6248579409077
2010-09-15 08:00:00,AAPL,8.147,1.000982921734857,8.078,0.9982698961937715,8.108,0.9976621139411836,8.13,1940680,8.1010625,1.0002237861530388,8.094215741436697,0.9993784290442569,74.83870967741944,14.741852427805913,75.32467532467514,82.15385007553367
2010-09-15 09:00:00,AAPL,8.164,1.0020866576653982,8.083,1.000618965090369,8.141,1.0040700542673902,8.11,70977648,8.1048125,1.0004629022427614,8.098671385109393,0.9997048393478501,65.26946107784437,14.285204913551524,100.0,83.17106447302983
2010-09-15 10:00:00,AAPL,8.169,1.000612444879961,8.114,1.003835209699369,8.155,1.001719690455718,8.144,77375564,8.111374999999999,1.0008097041109834,8.104036015098975,0.9999041945879655,65.47619047619042,14.351632629899653,100.0,84.0440803460457
2010-09-15 11:00:00,AAPL,8.168,0.9998775859958378,8.119,1.0006162188809464,8.147,0.9990190067443288,8.158,41364904,8.116999999999999,1.0006934705891417,8.108127823184788,0.9995996761566058,66.08187134502921,14.666248137349047,87.87878787878903,84.43905574102124
2010-09-15 12:00:00,AAPL,8.173,1.0006121449559258,8.133,1.0017243502894444,8.161,1.0017184239597396,8.151,35831740,8.121500000000001,1.0005543920167552,8.113163268595759,0.9995273214975681,59.509202453988,15.315906405990663,100.0,87.1898648025099
2010-09-15 13:00:00,AAPL,8.174,1.0001223540927444,8.143,1.001229558588467,8.162,1.000122534003186,8.163,31006976,8.125375,1.0004771286092469,8.117814385872354,0.9995461904663366,64.16184971098266,16.16848920271301,100.0,90.03224206349184
2010-09-15 14:00:00,AAPL,8.174,1.0,8.135,0.9990175610954193,8.161,0.9998774810095563,8.165,47236504,8.128187500000001,1.00034613787056,8.121927301503558,0.9995756874610165,63.313609467455706,17.053423564418186,98.4615384615366,90.78010531135502
2010-09-15 15:00:00,AAPL,8.186,1.0014680694886224,8.142,1.000860479409957,8.17,1.001102806028673,8.163,92814260,8.1318125,1.0004459788852065,8.126505653741313,0.9997930847118515,61.11111111111092,17.92143500070355,100.0,90.86691086691067
2010-09-15 16:00:00,AAPL,8.184,0.9997556804300024,8.091,0.9937361827560796,8.172,1.0002447980416158,8.175,14893900,8.135250000000003,1.0004227224865307,8.130838448623093,0.9998802171868931,72.00000000000018,18.460366477653753,100.0,90.86691086691067
2010-09-15 17:00:00,AAPL,8.193,1.0010997067448681,8.133,1.0051909529106415,8.182,1.0012236906510035,8.149,577360,8.138812500000002,1.00043790909929,8.135710977325656,1.0000566641867987,75.86206896551737,18.721448918028,100.0,91.20361120361096
2010-09-15 18:00:00,AAPL,8.195,1.0002441108263151,8.157,1.0029509406123203,8.181,0.9998777804937666,8.185,535976,8.143625,1.0005913024780948,8.140024217580356,1.0001488813730939,77.41935483870975,18.839742740555327,98.82352941176327,91.1382517264867
2010-09-15 19:00:00,AAPL,8.212,1.0020744356314826,8.167,1.0012259409096482,8.2,1.002322454467669,8.187,1396724,8.1500625,1.0007904956330873,8.145736196858417,1.000259245343249,72.51908396946503,18.985270173780858,100.0,91.1382517264867
2010-09-16 04:00:00,AAPL,8.183,0.9964685825621042,8.159,0.9990204481449738,8.172,0.9965853658536586,8.175,5600,8.154750000000002,1.0005751489635817,8.14823751144333,0.9997760767409244,79.72027972027888,19.08100737677694,69.56521739130535,91.00298602600374
2010-09-16 06:00:00,AAPL,8.204,1.0025662959794697,8.18,1.0025738448339256,8.193,1.0025697503671072,8.196,2800,8.1591875,1.0005441613783375,8.152500605591584,0.9997241614508823,64.15094339622632,19.0613372108104,92.39130434782633,92.65435478606823
2010-09-16 07:00:00,AAPL,8.212,1.000975134080936,8.174,0.9992665036674816,8.194,1.0001220554131578,8.203,393484,8.164124999999999,1.0006051460393572,8.156452928868577,0.999664847617312,76.39751552795009,18.947285154379337,93.47826086956681,94.36611001956274
2010-09-16 08:00:00,AAPL,8.209,0.9996346809547004,8.159,0.9981649131392221,8.18,0.9982914327556748,8.197,3978968,8.1674375,1.0004057385206622,8.15869550707157,0.9993349571535923,70.54263565891483,18.601140042198914,78.26086956521756,93.38060277318593
2010-09-16 09:00:00,AAPL,8.205,0.9995127299305641,8.135,0.9970584630469419,8.182,1.000244498777506,8.182,63846188,8.1720625,1.0005662730813671,8.160914982588563,0.9992013997766819,59.689922480620055,17.953497868397516,69.4915254237303,92.42642825968946
2010-09-16 10:00:00,AAPL,8.245,1.0048750761730652,8.148,1.0015980331899201,8.225,1.0052554387680273,8.182,112301700,8.177312500000001,1.0006424326784091,8.16701831758013,0.9993827528338324,64.22764227642227,17.227299342135954,100.0,92.42642825968946
2010-09-16 11:00:00,AAPL,8.249,1.0004851425106127,8.202,1.0066273932253313,8.23,1.0006079027355623,8.228,70933436,8.182,1.000573232342533,8.17301657304869,0.9994746529558077,71.05263157894676,16.449270259357682,100.0,93.79727963054084
2010-09-16 12:00:00,AAPL,8.248,0.9998787731846283,8.21,1.0009753718605219,8.235,1.0006075334143376,8.232,36729644,8.1875,1.0006722072842826,8.178919756567863,0.9996235341686461,71.79487179487109,15.645648383632599,100.0,93.79727963054084
2010-09-16 13:00:00,AAPL,8.251,1.0003637245392822,8.207,0.9996345919610231,8.226,0.9989071038251368,8.237,35074620,8.191562500000002,1.000496183206107,8.183403589275686,0.999499675026038,73.12499999999967,14.80264956053778,87.83783783783976,93.12160395486528
2010-09-16 14:00:00,AAPL,8.322,1.0086050175736274,8.212,1.0006092360180332,8.309,1.010089958667639,8.229,120156652,8.200750000000001,1.0011215808949756,8.195365152201811,1.0004642157343986,67.50000000000028,14.349641790838552,100.0,93.79500462826589
2010-09-16 15:00:00,AAPL,8.376,1.0064888248017303,8.286,1.0090112031173892,8.362,1.0063786255867133,8.311,179436460,8.2133125,1.0015318720848703,8.211235137706401,1.0012785583887327,78.4232365145228,14.512874704976287,100.0,93.79500462826589
2010-09-16 16:00:00,AAPL,8.43,1.0064469914040115,8.153,0.9839488293507122,8.407,1.0053814876823726,8.365,19922168,8.228124999999999,1.0018034745420923,8.229879410305792,1.0020170802347763,81.69014084507049,14.455076537673676,100.0,93.79500462826589
2010-09-16 17:00:00,AAPL,8.419,0.9986951364175565,8.378,1.0275972034833802,8.399,0.9990484120375877,8.41,1560440,8.242312499999999,1.001724268894797,8.245986133133812,1.0021707415886139,84.45121951219551,14.535323337676617,96.59574468085067,93.69134941822779
2010-09-16 18:00:00,AAPL,8.415,0.9995248841905213,8.348,0.9964191931248508,8.394,0.9994046910346471,8.404,818692,8.2555625,1.0016075585583537,8.260082691882973,1.0021559716260424,81.38801261829667,14.520396748584549,94.46808510638301,93.38402081302684
2010-09-16 19:00:00,AAPL,8.41,0.9994058229352348,8.376,1.0033540967896502,8.399,1.000595663569216,8.397,749420,8.2691875,1.0016504023802133,8.273312911703641,1.0021501153559969,87.75510204081641,14.43441740234757,96.59574468085067,93.19489551751855
2010-09-17 04:00:00,AAPL,8.431,1.0024970273483946,8.391,1.0017908309455588,8.405,1.0007143707584236,8.422,8400,8.282,1.0015494267121166,8.285854539160438,1.0020155594682596,87.0503597122303,14.314768182426397,99.14893617021248,93.14761419364146
2010-09-17 05:00:00,AAPL,8.439,1.0009488791365202,8.375,0.9980931950899774,8.389,0.9980963712076145,8.43,57120,8.2955625,1.0016375875392418,8.295677916383253,1.0016515233498253,87.27915194346295,14.166419316925499,92.07048458149751,92.77244503640446
2010-09-17 06:00:00,AAPL,8.401,0.9954970968124185,8.358,0.9979701492537314,8.389,1.0,8.393,44800,8.3078125,1.001476693111528,8.304565733870563,1.0010853072194394,86.66666666666704,13.867974543268508,92.07048458149751,92.33191640204323
2010-09-17 07:00:00,AAPL,8.432,1.0036900369003692,8.348,0.9988035415171094,8.381,0.9990463702467518,8.396,564900,8.3195,1.0014068083505736,8.311845187787652,1.0004854090998865,86.57243816254451,13.522623074388472,88.54625550660803,93.38641851956005
2010-09-17 08:00:00,AAPL,8.426,0.9992884250474383,8.348,1.0,8.394,1.0015511275504116,8.378,5756940,8.332875,1.0016076687300919,8.3196694556174,1.0000203684857742,81.45161290322646,13.205575874534155,94.22222222222226,93.4881361792487
2010-09-17 09:00:00,AAPL,8.415,0.9986945169712792,8.261,0.9895783421178723,8.285,0.9870145341910889,8.397,143047604,8.3393125,1.000772542489837,8.316367602701456,0.9980190033693601,82.03125000000058,12.695623022325355,32.96703296703317,90.12640129577461
2010-09-17 10:00:00,AAPL,8.355,0.9928698752228166,8.263,1.0002421014405036,8.343,1.0070006035003016,8.289,98643524,8.3466875,1.0008843654677768,8.318904021491793,0.9975527384891492,56.94444444444462,11.944746220763959,64.64088397790036,89.36973542981255
2010-09-17 11:00:00,AAPL,8.383,1.0033512866546976,8.309,1.005566985356408,8.338,0.9994006951935753,8.345,63754572,8.3534375,1.000808704051757,8.320722686111623,0.9968892073785706,64.30317848410758,11.098317079746781,61.87845303867339,88.94678696397605
2010-09-17 12:00:00,AAPL,8.374,0.9989263986639629,8.321,1.0014442171139728,8.341,1.0003597985128327,8.34,36380988,8.3600625,1.0007930866783883,8.322653858862896,0.9963148534795282,54.38066465256797,10.19787266267165,63.535911602209374,86.9210042752099
2010-09-17 13:00:00,AAPL,8.356,0.9978504896106997,8.301,0.9975964427352482,8.338,0.999640330895576,8.344,33731236,8.3670625,1.0008373143143368,8.324115396114049,0.9957001393367633,46.263345195729386,9.216513580905113,43.44262295081893,83.77892777247762
2010-09-17 14:00:00,AAPL,8.362,1.0007180469123984,8.315,1.0016865437899047,8.342,1.0004797313504439,8.339,36223684,8.369124999999999,1.0002465022820135,8.325818691722235,0.9950706943712009,35.56485355648512,8.253105650631808,46.7213114754102,80.81900063222263
2010-09-17 15:00:00,AAPL,8.354,0.9990432910786892,8.294,0.997474443776308,8.328,0.9983217453847997,8.345,95580016,8.366999999999999,0.999746090541126,8.326026435367737,0.9948502902475156,37.87234042553219,7.913740506590111,35.24590163934369,77.89722639897283
2010-09-17 16:00:00,AAPL,8.4,1.00550634426622,8.301,1.0008439836026042,8.329,1.0001200768491836,8.325,48632444,8.362124999999999,0.9994173538902832,8.326309631999381,0.9951368031551789,36.47540983606551,7.739213455084189,36.66666666666731,74.37870788045436
2010-09-17 17:00:00,AAPL,8.342,0.9930952380952381,8.302,1.0001204674135646,8.318,0.9986793132428862,8.331,296660,8.3570625,0.9993945916857259,8.325518238475631,0.9956223135238509,35.4166666666672,7.703420635890485,27.49999999999974,70.35093010267657
2010-09-17 18:00:00,AAPL,8.337,0.9994006233517141,8.295,0.9991568296795953,8.316,0.9997595575859582,8.318,273364,8.352187499999998,0.9994166610576382,8.324611739573191,0.9961169656889836,32.24489795918406,7.716886519433764,25.833333333333986,66.23055973230623
2010-09-17 19:00:00,AAPL,8.33,0.9991603694374476,8.296,1.0001205545509342,8.311,0.9993987493987493,8.321,250348,8.346687499999998,0.9993414898791485,8.323315383423363,0.9965431670952509,34.19913419913473,7.7713949366524995,21.666666666666643,62.06783317596268
2010-09-20 04:00:00,AAPL,8.356,1.0031212484993997,8.331,1.0042189006750242,8.344,1.0039706413187341,8.347,5600,8.342875,0.999543231970767,8.325285346906853,0.9974358506781109,33.47457627118686,7.841458856720034,54.128440366971816,59.82674180155095
2010-09-20 05:00:00,AAPL,8.356,1.0,8.331,1.0,8.344,1.0,8.347,5600,8.340062499999998,0.999662885995535,8.327067694820485,0.9981052928181815,42.91187739463598,7.9032207624121416,54.128440366971816,57.46744711744657
2010-09-20 07:00:00,AAPL,8.372,1.0019147917663953,8.324,0.9991597647341256,8.354,1.0011984659635667,8.341,108500,8.337875,0.9997377117977235,8.329632676266153,0.998749430986417,39.91935483870973,7.863505114919575,63.30275229357713,55.47599245763349
2010-09-20 08:00:00,AAPL,8.37,0.9997611084567606,8.324,1.0,8.341,0.9984438592291118,8.361,1996232,8.335374999999999,0.9997001634109409,8.330715278526519,0.9991413014139117,73.15436241610638,7.8285605552842945,51.37614678899006,53.2151959136053
2010-09-20 09:00:00,AAPL,8.474,1.012425328554361,8.327,1.0003604036520903,8.443,1.0122287495504136,8.343,127715672,8.3384375,1.0003674099845539,8.341409061523994,1.0007239100249232,49.03846153846126,7.383820356358456,100.0,53.65572454796655
2010-09-20 10:00:00,AAPL,8.53,1.0066084493745573,8.422,1.0114086705896481,8.488,1.0053298590548383,8.446,149181788,8.351125,1.0015215680395757,8.355370103283613,1.0020306686095104,76.1194029850742,6.939909972881797,100.0,54.29204368648832
2010-09-20 11:00:00,AAPL,8.515,0.9982415005861666,8.463,1.004868202327238,8.487,0.9998821866163997,8.491,49661472,8.360124999999998,1.0010776991123949,8.367906283923269,1.0020094638654395,80.24691358024648,7.3610701737812505,99.43502824858788,54.58164402128641
2010-09-20 12:00:00,AAPL,8.517,1.0002348796241924,8.465,1.000236322816968,8.501,1.0016495817132083,8.49,50580152,8.370312499999999,1.0012185822580404,8.380581875930575,1.0024469581412452,80.9128630705392,8.380829238813709,100.0,58.30569774534011
2010-09-20 13:00:00,AAPL,8.538,1.0024656569214514,8.479,1.001653868871825,8.524,1.002705564051288,8.504,61607224,8.381749999999998,1.001366436438305,8.394240744889569,1.0028587038882444,81.673306772908,9.936565517835016,100.0,60.270093079901216
2010-09-20 14:00:00,AAPL,8.566,1.0032794565472007,8.5,1.0024767071588632,8.552,1.003284842796809,8.527,68325712,8.395125,1.0015957288155817,8.409265435852467,1.003282779354248,87.69230769230766,12.077205025740618,100.0,62.38795679997492
2010-09-20 15:00:00,AAPL,8.591,1.0029185150595374,8.531,1.0036470588235296,8.572,1.0023386342376053,8.555,131411728,8.4095,1.0017123032712436,8.424763965771279,1.0035304972554047,88.85017421602782,14.699416332258245,100.0,64.41373948874106
2010-09-20 16:00:00,AAPL,8.582,0.9989523920381796,8.347,0.9784316023912788,8.557,0.9982501166588895,8.572,10796380,8.423812499999999,1.0017019442297401,8.437357873793061,1.0033126670780739,92.90540540540567,16.815796148242836,94.25287356321884,67.23653118942994
2010-09-20 17:00:00,AAPL,8.579,0.9996504311349336,8.543,1.0234814903558165,8.565,1.0009349070936076,8.561,762524,8.438562500000002,1.0017509886408325,8.449514266765151,1.0030510848579728,88.99676375404556,18.412410445873267,97.31800766283537,70.04745875539801
2010-09-20 18:00:00,AAPL,8.578,0.9998834362979366,8.546,1.0003511646962426,8.562,0.9996497373029772,8.568,327460,8.4538125,1.001807179836613,8.460227193739899,1.0025673441110257,90.70512820512867,19.595797154358323,96.16858237547899,73.43205212962775
2010-09-20 19:00:00,AAPL,8.578,1.0,8.545,0.9998829861923708,8.563,1.0001167951413223,8.563,341460,8.469249999999999,1.0018260991712318,8.470015080050384,1.0019166003563935,88.65248226950402,20.476777338858096,96.55172413793157,76.75899976692021
2010-09-21 04:00:00,AAPL,8.575,0.9996502681277687,8.549,1.0004681100058512,8.563,1.0,8.566,13160,8.485,1.001859668801842,8.478870786712253,1.0011359667871718,88.69257950530088,21.11576407896436,96.10389610389673,80.57032732824783
2010-09-21 05:00:00,AAPL,8.583,1.0009329446064141,8.539,0.9988302725464967,8.553,0.9988321849818989,8.571,47600,8.4980625,1.0015394814378316,8.485930711787276,1.0001096890733385,88.27838827838883,21.475718534473028,91.77489177489248,84.23374724166773
2010-09-21 06:00:00,AAPL,8.566,0.9980193405569149,8.535,0.9995315610727252,8.554,1.0001169180404537,8.551,11200,8.5111875,1.0015444696952982,8.492413501140868,0.9993352603773941,89.25925925925986,21.60203929009333,92.20779220779268,88.15269866061918
2010-09-21 07:00:00,AAPL,8.577,1.0012841466261966,8.535,1.0,8.556,1.000233808744447,8.557,109200,8.5238125,1.0014833417781008,8.498469358175072,0.9985057147636651,82.84023668639132,21.563497527290338,93.07359307359306,90.31631825543145
2010-09-21 08:00:00,AAPL,8.61,1.0038474991255684,8.53,0.9994141769185705,8.593,1.004324450677887,8.559,4861472,8.539562499999999,1.001847764717959,8.507472276444114,0.9980829912018963,76.98412698412771,21.46378875485514,100.0,92.86473823504416
2010-09-21 09:00:00,AAPL,8.624,1.0016260162601627,8.536,1.0007033997655335,8.558,0.9959269172582335,8.597,95193672,8.54675,1.0008416707530392,8.512284440592293,0.9968056842013034,82.71604938271656,21.089447525229424,66.98113207547152,93.06909266737162
2010-09-21 10:00:00,AAPL,8.625,1.0001159554730983,8.539,1.0003514526710404,8.564,1.0007010983874738,8.563,95307240,8.551499999999999,1.000555766811946,8.517209731964455,0.9965436840862849,65.57377049180356,20.350593425941195,72.64150943396231,94.2505017032034
2010-09-21 11:00:00,AAPL,8.601,0.9972173913043479,8.536,0.9996486708045439,8.584,1.0023353573096683,8.567,64996120,8.5575625,1.0007089399520552,8.523570709872603,0.9967339893436945,62.04819277108472,19.310615107110166,90.21739130434752,93.70702344233382
2010-09-21 12:00:00,AAPL,8.613,1.0013951866062085,8.563,1.003163074039363,8.597,1.0015144454799627,8.585,40164656,8.5635625,1.0007011342306877,8.530563975599021,0.9968450683940692,60.126582278481166,18.068345321539013,100.0,93.70702344233383
2010-09-21 13:00:00,AAPL,8.622,1.0010449320794148,8.574,1.001284596519911,8.608,1.0012795161102712,8.599,38071656,8.5688125,1.0006130626126686,8.53793883506578,0.9970078264817687,58.27814569536446,16.638443928755592,100.0,93.73841076185673
2010-09-21 14:00:00,AAPL,8.7,1.0090466249130132,8.562,0.9986004198740377,8.632,1.0027881040892193,8.612,152374992,8.573812499999999,1.000583511425883,8.546897041249991,0.9974424158831801,67.34693877551022,15.196493620545102,100.0,93.73841076185673
2010-09-21 15:00:00,AAPL,8.656,0.9949425287356324,8.536,0.9969633263256249,8.591,0.9952502316960148,8.634,147291144,8.575,1.0001385031454795,8.551097323035707,0.997350632876064,70.55214723926383,13.590435685237855,48.10126582278359,90.85514775201138
2010-09-21 16:00:00,AAPL,8.627,0.9966497227356746,8.547,1.0012886597938147,8.585,0.9993015946921199,8.593,14228648,8.57675,1.0002040816326532,8.554326149413258,0.9975890553251614,57.21393034825867,12.541366711648479,40.50632911392468,87.54994381389606
2010-09-21 17:00:00,AAPL,8.597,0.9965225454966963,8.532,0.9982449982449981,8.546,0.9954571927781012,8.587,2230424,8.5755625,0.9998615442912525,8.553533182802472,0.9972930518905729,55.339805825242834,11.913909513398778,0.0,81.9943882583405
2010-09-21 18:00:00,AAPL,8.591,0.9993020821216704,8.519,0.9984763244256916,8.559,1.001521179499181,8.549,1564528,8.575375,0.9999781355450443,8.55405383205938,0.9974918650595083,46.5306122448977,11.590584419559576,15.116279069767273,77.59791078648209
2010-09-21 19:00:00,AAPL,8.581,0.9988359911535328,8.537,1.002112924052119,8.563,1.0004673443159249,8.562,450436,8.575375,1.0,8.554905848053725,0.9976130312731193,51.20967741935453,11.527582365873682,19.767441860466484,73.28954601968381
2010-09-22 05:00:00,AAPL,8.583,1.000233073068407,8.529,0.9990629026590137,8.545,0.9978979329674179,8.574,22400,8.574249999999997,0.9998688104018773,8.55396243395337,0.9975030169471738,51.792828685259025,11.65064974043202,0.0,67.94684699882389
2010-09-22 06:00:00,AAPL,8.563,0.9976698124198998,8.538,1.0010552233556103,8.551,1.000702165008777,8.554,14000,8.574124999999999,0.9999854214654345,8.553680297386382,0.997600991035529,47.94007490636721,11.944590180242459,6.896551724138213,62.96600408694647
2010-09-22 07:00:00,AAPL,8.583,1.0023356300362023,8.527,0.9987116420707425,8.545,0.9992983276809729,8.553,325584,8.573562499999998,0.9999343956380388,8.552853602397203,0.9975191173906613,41.10169491525436,12.41589624326562,0.0,57.626898747841096
2010-09-22 08:00:00,AAPL,8.571,0.9986018874519398,8.516,0.9987099800633283,8.538,0.9991808074897601,8.546,2491076,8.572437500000001,0.9998687826676488,8.55143897359747,0.9974195643406661,46.859903381642575,12.927284444573218,0.0,52.52829364923597
2010-09-22 09:00:00,AAPL,8.719,1.0172675300431688,8.522,1.0007045561296384,8.687,1.0174513937690324,8.541,133199164,8.578312500000001,1.0006853359969086,8.564349547540568,0.9990565166022577,43.75000000000011,13.902086258538771,100.0,52.96119408213637
2010-09-22 10:00:00,AAPL,8.71,0.9989677715334329,8.608,1.0100915278103733,8.661,0.997007021986877,8.69,133580216,8.58475,1.0007504389703685,8.573554352536704,0.9994453282666844,65.28189910979219,15.15687482516015,82.55033557046983,52.376568665296205
2010-09-22 11:00:00,AAPL,8.679,0.9964408725602755,8.61,1.0002323420074348,8.665,1.00046184043413,8.665,57092308,8.5910625,1.0007353155304464,8.582263461818922,0.9997103540369752,59.14285714285711,16.5976420862032,85.23489932885882,51.556285294677245
2010-09-22 12:00:00,AAPL,8.689,1.0011522064754004,8.633,1.00267131242741,8.656,0.9989613387189846,8.668,40191564,8.5955625,1.000523800170235,8.589285989264738,0.9997932140832101,58.30903790087443,18.199937062727827,79.1946308724839,52.23481300562238
2010-09-22 13:00:00,AAPL,8.696,1.0008056162964667,8.628,0.99942082705896,8.671,1.0017329020332715,8.659,55128892,8.6001875,1.0005380683346785,8.59706827600143,1.0001751806238894,53.658536585366,19.85660250962958,89.26174496644288,53.158159424093505
2010-09-22 14:00:00,AAPL,8.711,1.00172493100276,8.637,1.0010431154381085,8.693,1.0025371929419906,8.674,58531368,8.605500000000001,1.0006177190904268,8.60620463066796,1.0006996511027184,63.24503311258289,21.54309626541582,100.0,53.70163768496309
2010-09-22 15:00:00,AAPL,8.712,1.0001147973826197,8.653,1.00185249507931,8.699,1.0006902105142068,8.697,76378092,8.609687500000001,1.0004866074022427,8.615042284890059,1.001108858856552,66.98113207547152,23.089040920122706,100.0,53.70163768496309
2010-09-22 16:00:00,AAPL,8.717,1.0005739210284665,8.631,0.997457529180631,8.704,1.0005747787101966,8.703,14785960,8.61675,1.0008202969039235,8.623514448233863,1.0016059756215148,76.84210526315813,24.541872011012465,100.0,53.70163768496309
2010-09-22 17:00:00,AAPL,8.721,1.0004588734656419,8.537,0.9891090256053761,8.706,1.0002297794117645,8.554,615860,8.6243125,1.0008776510865467,8.631370215068733,1.0016967203491727,76.17328519855627,25.394202247616725,100.0,53.701637684963096
2010-09-22 18:00:00,AAPL,8.719,0.9997706685013186,8.686,1.0174534379758697,8.703,0.9996554100620262,8.709,817040,8.634125,1.0011377718513794,8.6381920993479,1.0016093571919966,76.0000000000001,25.858790206884127,98.21428571428564,56.4856943456021
2010-09-22 19:00:00,AAPL,8.719,1.0,8.687,1.000115127791849,8.706,1.0003447087211306,8.704,144900,8.643312499999999,1.0010640916132207,8.6446499946481,1.0012189995683525,80.38461538461573,26.08692774935234,100.0,59.7908982837174
2010-09-23 04:00:00,AAPL,8.681,0.9956417020300493,8.656,0.9964314492920457,8.669,0.9957500574316565,8.672,2800,8.649937500000002,1.0007664885424428,8.646969042776853,1.0004230487763637,80.15564202334664,25.975638969658597,77.97619047619095,64.12290886572801
2010-09-23 05:00:00,AAPL,8.671,0.9988480589793802,8.645,0.9987292051756006,8.659,0.9988464644134272,8.662,2800,8.6570625,1.0008237053735936,8.648114848226676,0.9997892872898416,71.52777777777825,25.58948891323324,72.0238095238101,67.28443833539706
2010-09-23 06:00:00,AAPL,8.671,1.0,8.645,1.0,8.659,1.0,8.662,2800,8.6638125,1.000779710207706,8.649151529347945,0.9990861830266264,70.79037800687328,25.0013632606831,72.0238095238101,70.18756987224948
2010-09-23 07:00:00,AAPL,8.681,1.0011532695190866,8.634,0.9987275882012725,8.659,1.0,8.665,344260,8.670937499999999,1.0008223862185381,8.650089478933856,0.9984160528559286,40.140845070422706,24.2382808875239,72.0238095238101,74.18889262357226
2010-09-23 08:00:00,AAPL,8.7,1.0021886879391775,8.64,1.0006949270326615,8.662,1.0003464603302923,8.667,6317612,8.6786875,1.0008937903196744,8.651223814273488,0.9977264643267799,49.1379310344832,23.4604724239057,12.00000000000071,74.47241752778683
2010-09-23 09:00:00,AAPL,8.734,1.0039080459770116,8.633,0.9991898148148146,8.702,1.0046178711613944,8.665,97906060,8.679625000000001,1.0001080232466029,8.656059641485538,0.997392709610242,48.69565217391372,22.28560161010723,92.00000000000071,79.58352863889799
2010-09-23 10:00:00,AAPL,8.821,1.009961071673918,8.687,1.006255067763234,8.778,1.0087336244541485,8.706,149289476,8.6869375,1.0008424903149618,8.667673008963105,0.9986229830163288,65.75342465753434,21.09796098425921,100.0,85.13908419445355
2010-09-23 11:00:00,AAPL,8.863,1.0047613649246117,8.759,1.0082882468055716,8.813,1.0039872408293462,8.781,113972404,8.6961875,1.0010648171464338,8.681513674776143,0.9993756343678244,75.84541062801972,20.05914308194949,100.0,85.13908419445355
2010-09-23 12:00:00,AAPL,8.847,0.9981947421866185,8.793,1.0038817216577234,8.823,1.001134687393623,8.816,59600072,8.706625000000003,1.0012002386103107,8.694988562892702,0.9998621307202381,77.27272727272765,19.11759123728209,100.0,86.1085099960941
2010-09-23 13:00:00,AAPL,8.848,1.0001130326664407,8.804,1.0012509951097466,8.828,1.0005667006687067,8.825,41487628,8.716437500000001,1.0011270153475083,8.707656318807683,1.0001184521910247,77.67857142857174,18.266433633914314,100.0,86.92879336671305
2010-09-23 14:00:00,AAPL,8.855,1.0007911392405062,8.731,0.9917083144025443,8.754,0.9916175804259175,8.832,102533732,8.72025,1.0004373919964433,8.71207000273076,0.9994989355147397,77.67857142857157,17.177956655084497,56.21301775147905,85.65203708221279
2010-09-23 15:00:00,AAPL,8.77,0.9904009034443816,8.669,0.9928988661092659,8.735,0.9978295636280557,8.757,201561136,8.7225,1.0002580201255697,8.714253811994498,0.9993123834746134,58.10810810810818,15.702016447706633,44.970414201183026,83.1914075952539
2010-09-23 16:00:00,AAPL,8.84,1.0079817559863171,8.64,0.9966547467989387,8.737,1.0002289639381798,8.735,7476924,8.724562500000001,1.0002364574376614,8.716420115614069,0.9993029653899763,55.128205128205174,14.165639263186996,46.15384615384615,80.19995460380092
2010-09-23 17:00:00,AAPL,8.832,0.9990950226244345,8.72,1.0092592592592593,8.746,1.001030101865629,8.823,938840,8.7270625,1.000286547319708,8.719237247460349,0.9993896252631977,54.98392282958212,12.915867220490394,51.47928994082864,77.50435960051362
2010-09-23 18:00:00,AAPL,8.763,0.9921874999999999,8.716,0.9995412844036695,8.73,0.9981705922707523,8.753,459620,8.72875,1.0001933640328575,8.720262271511745,0.9992207883823158,63.604240282685524,11.889981013858417,42.01183431952679,74.28279484048734
2010-09-23 19:00:00,AAPL,8.758,0.9994294191486933,8.716,1.0,8.738,1.0009163802978236,8.733,579488,8.73075,1.0002291278819992,8.721951578986817,0.9992211460961554,62.283737024221416,11.050333660388024,46.74556213017719,71.32421495883051
2010-09-24 06:00:00,AAPL,8.779,1.0023978077186573,8.752,1.0041303350160626,8.766,1.0032043945983062,8.769,19600,8.7368125,1.0006943847893937,8.726146666702357,0.9994727448045536,63.29966329966316,10.526942058010492,63.3136094674557,69.3852885006733
2010-09-24 07:00:00,AAPL,8.807,1.0031894293199681,8.752,1.0,8.793,1.0030800821355235,8.769,199696,8.7451875,1.0009585875855755,8.732513650825943,0.9995079613790434,66.4615384615384,10.366947552583845,79.28994082840212,68.23472965780675
2010-09-24 08:00:00,AAPL,8.855,1.0054502100601794,8.765,1.0014853747714807,8.829,1.0040941658137157,8.786,6920396,8.755812500000001,1.0012149539389523,8.74170282693776,0.9996015324929007,68.76790830945545,10.610887435496242,100.0,69.45827463135169
2010-09-24 09:00:00,AAPL,8.887,1.003613777526821,8.788,1.0026240730176839,8.833,1.00045305244082,8.834,149531256,8.7666875,1.0012420320786903,8.75039779580083,0.9993815874655639,68.40579710144934,11.24124728436217,100.0,71.01250743558447
2010-09-24 10:00:00,AAPL,8.874,0.998537189152695,8.79,1.0002275830678196,8.831,0.9997735763613721,8.841,125096272,8.77725,1.0012048450455204,8.75807419620075,0.9990174961980509,60.07326007326003,12.104130457927349,98.47328244274759,72.48192259774765
2010-09-24 11:00:00,AAPL,8.872,0.9997746224926751,8.81,1.0022753128555177,8.857,1.002944173932737,8.834,74079908,8.7869375,1.001103705602552,8.767495701324489,0.9988886839641674,53.74999999999977,13.075917136193198,100.0,74.03615540198044
2010-09-24 12:00:00,AAPL,8.872,1.0,8.824,1.001589103291714,8.849,0.9990967596251553,8.86,38803016,8.791375000000002,1.0005050109893239,8.775258015484061,0.9986708128382682,56.64062499999978,13.92209235957194,93.70078740157544,78.57508803540125
2010-09-24 13:00:00,AAPL,8.865,0.9992110009017133,8.814,0.9988667271078876,8.832,0.9980788789693751,8.852,39145456,8.7925625,1.0001350755712273,8.780662014009389,0.9987814208823291,54.05405405405421,14.524160725299291,80.31496062992221,77.92591918150798
2010-09-24 14:00:00,AAPL,8.851,0.998420755781162,8.77,0.9950079419105967,8.809,0.9973958333333331,8.836,83934060,8.7916875,0.9999004840738976,8.783360869818019,0.9989534757151874,69.3069306930696,14.767450765881023,62.20472440944845,75.82618164869956
2010-09-24 15:00:00,AAPL,8.856,1.000564907920009,8.775,1.0005701254275943,8.843,1.0038596889544784,8.812,103995388,8.792625,1.000106634818401,8.789040786978207,0.9996989527867326,67.96116504854353,14.7333837867957,88.97637795275632,75.21375820163047
2010-09-24 16:00:00,AAPL,8.869,1.0014679313459802,8.785,1.0011396011396012,8.856,1.001470089336198,8.845,19712532,8.799,1.000725039450676,8.795417854885045,1.0003176360739876,72.26890756302507,14.749513989829412,99.21259842519729,75.17001366969701
2010-09-24 17:00:00,AAPL,8.879,1.0011275228323373,8.798,1.0014797951052932,8.864,1.000903342366757,8.858,3954524,8.8070625,1.0009162973065122,8.801949487753136,1.0003352071545786,72.72727272727252,15.061428756294562,100.0,75.170013669697
2010-09-24 18:00:00,AAPL,8.877,0.9997747494087174,8.839,1.0046601500340988,8.854,0.9988718411552345,8.867,356020,8.814374999999998,1.0008302995465284,8.806906679395695,0.999982307312534,78.6324786324785,15.545532683537061,92.53731343283468,77.18803009643898
2010-09-24 19:00:00,AAPL,8.868,0.9989861439675566,8.824,0.9983029754497115,8.849,0.9994352834876893,8.857,580328,8.820812499999999,1.0007303410621855,8.810915567072295,0.9996075237407412,74.57627118644017,16.11531343371302,88.80597014925334,79.62333876022066
2010-09-27 04:00:00,AAPL,8.874,1.0006765899864682,8.847,1.0026065276518585,8.861,1.0013560854333823,8.864,2800,8.828999999999999,1.000928202475679,8.815685513065409,0.9994187625080354,69.48356807511716,16.793276683582583,97.61904761904755,82.48251661939852
2010-09-27 05:00:00,AAPL,8.899,1.0028172188415594,8.854,1.0007912286650842,8.881,1.0022570815934995,8.871,14000,8.8379375,1.0010122890474575,8.821905940392513,0.9991965047448765,67.17171717171718,17.635726077777775,100.0,85.17811162268582
2010-09-27 06:00:00,AAPL,8.893,0.9993257669401058,8.844,0.9988705669753783,8.858,0.997410201553879,8.884,30800,8.843687500000001,1.000650604284088,8.82534346987894,0.998575003486836,64.28571428571402,18.496443541014013,73.863636363637,86.94765618069192
2010-09-27 07:00:00,AAPL,8.887,0.99932531204318,8.844,1.0,8.868,1.001128923007451,8.871,422380,8.848374999999999,1.000530039081548,8.829405996557137,0.9983851189401632,56.218905472636834,19.27954268285006,81.94444444444483,88.9031496425957
2010-09-27 08:00:00,AAPL,8.93,1.0048385281872396,8.845,1.0001130710085935,8.913,1.0050744248985115,8.874,5283208,8.853625000000001,1.0005933292836258,8.837367330218362,0.9987559670807762,58.851674641148456,19.976780194903142,100.0,90.94128244995926
2010-09-27 09:00:00,AAPL,8.928,0.9997760358342667,8.837,0.999095534200113,8.869,0.9950633905531246,8.916,98049448,8.855875000000001,1.0002541331940307,8.84037996543566,0.9985039986938299,62.28070175438609,20.441308629145407,57.69230769230763,89.74141394239845
2010-09-27 10:00:00,AAPL,8.922,0.9993279569892473,8.817,0.9977367885028856,8.867,0.9997744954335327,8.871,95103400,8.858125,1.000254068626759,8.84291520682274,0.9985365880641652,53.78787878787867,20.58787683020412,55.76923076923179,87.28414898513356
2010-09-27 11:00:00,AAPL,8.88,0.9952925353059853,8.827,1.001134172621073,8.851,0.9981955565580242,8.87,46901260,8.85775,0.9999576659846187,8.843685187125336,0.9983698793057602,57.02811244979916,20.46816502278457,40.38461538461653,83.97218317316782
2010-09-27 12:00:00,AAPL,8.88,1.0,8.829,1.0002265775461652,8.866,1.0016947237600269,8.854,29106896,8.858812499999999,1.0001199514549406,8.845810407399114,0.9986520738787067,58.677685950413526,20.128431153836836,54.80769230769216,81.54631705455364
2010-09-27 13:00:00,AAPL,8.905,1.0028153153153152,8.848,1.0021519990938952,8.882,1.0018046469659372,8.869,43752016,8.8619375,1.0003527560832788,8.849257035265865,0.9989213605396734,55.15695067264569,19.77982273807121,70.19230769230741,79.89033414857072
2010-09-27 14:00:00,AAPL,8.907,1.0002245929253228,8.853,1.0005650994575044,8.881,0.9998874127448774,8.886,42887432,8.8664375,1.0005077896340389,8.852280174764353,0.9989102467450659,55.75221238938051,19.714270236728986,54.285714285714434,77.7006078643562
2010-09-27 15:00:00,AAPL,8.896,0.9987650162793309,8.784,0.992206031853609,8.798,0.9906542056074766,8.884,94654588,8.863625,0.9996827925533791,8.847110634310605,0.9978202219674592,53.8812785388127,19.41040404606884,0.0,73.23866560713832
2010-09-27 16:00:00,AAPL,8.894,0.9997751798561151,8.766,0.9979508196721311,8.789,0.9989770402364173,8.802,16713284,8.8594375,0.9995275634968762,8.841576288185784,0.9975124498369216,40.41095890410961,18.750463378839594,0.0,69.78284758439116
2010-09-27 17:00:00,AAPL,8.827,0.9924668315718461,8.774,1.0009126169290439,8.807,1.0020480145636592,8.791,1660680,8.855875,0.9995978864346635,8.838283308358568,0.9976122421269485,39.8648648648647,17.7724820947734,14.516129032258549,65.64616708880794
2010-09-27 18:00:00,AAPL,8.824,0.9996601336807522,8.789,1.0017095965352178,8.81,1.0003406381287612,8.81,200900,8.853125,0.9996894716784057,8.835589659943466,0.9977093917815537,41.059602649006514,16.556326544593432,16.93548387096831,61.075216280239665
2010-09-27 19:00:00,AAPL,8.822,0.9997733454215775,8.784,0.9994311070656503,8.799,0.9987514188422246,8.807,263144,8.850000000000001,0.9996470172961526,8.83210493042504,0.9976256892820375,37.54385964912278,15.226562443345111,8.06451612903205,55.96768939851923
2010-09-27 20:00:00,AAPL,8.864,1.0047608252097031,8.837,1.006033697632058,8.851,1.0059097624730085,8.854,11200,8.849375,0.9999293785310733,8.833904460860749,0.9981812950125138,39.19413919413899,14.01451152152573,50.00000000000072,53.60450531891734
2010-09-28 05:00:00,AAPL,8.833,0.9965027075812274,8.807,0.9966051827543284,8.82,0.9964975708959439,8.824,14000,8.8455625,0.9995691786143088,8.832580226493059,0.9981021514505893,47.301587301587396,12.60993284700037,25.00000000000036,50.05972919951439
2010-09-28 06:00:00,AAPL,8.849,1.001811389109023,8.808,1.0001135460429202,8.822,1.0002267573696144,8.84,16100,8.8433125,0.9997456351701771,8.831572585874673,0.9984184257218999,34.5514950166114,11.22071276301876,26.61290322580591,46.11494339988987
2010-09-28 07:00:00,AAPL,8.849,1.0,8.785,0.9973887375113534,8.805,0.9980729993198821,8.831,188020,8.839375,0.999554748291435,8.829041863410419,0.9983862792828387,40.92664092664082,10.05710461452759,12.903225806451566,41.27623372247051
2010-09-28 08:00:00,AAPL,8.848,0.9998869928805515,8.794,1.0010244735344338,8.827,1.0024985803520727,8.817,2779196,8.834,0.9993919253340875,8.828847400228474,0.9988090108439198,38.686131386861135,9.478435604958651,40.86021505376373,39.44271031636643
2010-09-28 09:00:00,AAPL,8.84,0.9990958408679926,8.301,0.9439390493518307,8.617,0.9762093576526567,8.828,298901652,8.818249999999999,0.9982171156893819,8.808671457349572,0.9971328342030306,45.714285714285566,11.296198914050857,0.0,34.89024118056395
2010-09-28 10:00:00,AAPL,8.745,0.9892533936651583,8.526,1.0271051680520418,8.732,1.0133457119647207,8.619,220175508,8.8098125,0.999043177501205,8.80136941379247,0.9980857215198561,23.789473684210733,14.311378191128624,43.39622641509395,31.745587092513613
2010-09-28 11:00:00,AAPL,8.781,1.0041166380789024,8.673,1.0172413793103448,8.713,0.9978240952817223,8.734,135774800,8.8011875,0.9990209780287606,8.792953279145568,0.9980863133177429,36.93379790940763,17.767395110838883,36.22641509433915,30.553037503737592
2010-09-28 12:00:00,AAPL,8.734,0.9946475344493793,8.52,0.9823590453130404,8.707,0.9993113738092507,8.716,129389148,8.791250000000002,0.9988708910019247,8.784767252560275,0.998134314552471,35.810810810810736,21.61536083516014,33.9622641509435,29.34153935827713
2010-09-28 13:00:00,AAPL,8.744,1.001144950767117,8.668,1.0173708920187794,8.73,1.0026415527736303,8.709,58016364,8.78175,0.9989193800654058,8.779551323745011,0.9986692818137363,41.165048543689366,25.627757037524432,42.80303030303023,29.475895742633448
2010-09-28 14:00:00,AAPL,8.743,0.9998856358645929,8.656,0.9986155976003693,8.684,0.9947308132875142,8.733,71324120,8.769437499999999,0.9985979446010189,8.770451197674058,0.9987133769093924,44.423440453686254,29.641325181757946,28.632478632477948,28.02171720512155
2010-09-28 15:00:00,AAPL,8.733,0.9988562278394144,8.65,0.9993068391866913,8.672,0.9986181483187473,8.687,96266828,8.7615625,0.9991019948542882,8.76107489313367,0.9990463918733297,38.95870736086163,33.48720197626633,23.504273504273385,25.427937528008542
2010-09-28 16:00:00,AAPL,8.727,0.9993129508759876,8.59,0.9930635838150288,8.68,1.0009225092250922,8.675,12841388,8.754750000000001,0.9992224560402327,8.753353474739988,0.9990630637788623,37.80918727915189,37.155688197582265,26.923076923076426,23.907791007861988
2010-09-28 17:00:00,AAPL,8.703,0.9972499140598142,8.661,1.0082654249126892,8.688,1.0009216589861751,8.683,536200,8.747312499999998,0.9991504611782172,8.74712933428856,0.9991295393116376,39.43161634103013,40.61200608429228,30.341880341880227,25.593451026855334
2010-09-28 18:00:00,AAPL,8.704,1.0001149029070437,8.659,0.9997690797829352,8.687,0.9998848987108654,8.688,423528,8.739624999999998,0.9991211586415828,8.741402731022983,0.9993243903225117,34.29672447013469,43.8374466282696,29.91452991452928,27.255369355440294
2010-09-28 19:00:00,AAPL,8.7,0.9995404411764705,8.668,1.0010393809908764,8.686,0.9998848854610338,8.69,403872,8.7325625,0.999191898965917,8.736126280449366,0.9995996716620412,36.400817995909804,46.82459449793163,29.487179487179088,28.087094380713662
2010-09-29 05:00:00,AAPL,8.704,1.0004597701149427,8.672,1.0004614674665437,8.686,1.0,8.695,16800,8.72225,0.9988190751569199,8.731352348977998,0.9998614208576231,36.065573770491774,49.700543908078075,32.857142857142556,28.971630991056674
2010-09-29 06:00:00,AAPL,8.701,0.9996553308823529,8.672,1.0,8.689,1.000345383375547,8.689,22400,8.7140625,0.9990613087219468,8.727318791932474,1.0005811335300494,37.367303609341754,52.426453293190704,34.28571428571404,30.428364221983454
2010-09-29 07:00:00,AAPL,8.731,1.0034478795540742,8.671,0.9998846863468633,8.69,1.0001150880423524,8.722,64400,8.7058125,0.9990532544378697,8.723764621272238,1.0011133866979078,34.73451327433618,54.948885414176836,34.76190476190426,29.581803375422535
2010-09-29 08:00:00,AAPL,8.759,1.0032069636925898,8.672,1.0001153269519087,8.703,1.0014959723820482,8.689,5660284,8.6994375,0.9992677306110141,8.721787038293929,1.0018349279052274,65.02057613168716,57.175418994833805,40.95238095238043,30.46804676166587
2010-09-29 09:00:00,AAPL,8.774,1.0017125242607603,8.652,0.9976937269372692,8.722,1.0021831552338274,8.706,82971112,8.692875,0.9992456408819537,8.721807320361174,1.0025714099746303,39.716312056737486,59.103373452746794,91.30434782608702,34.062015906125936
2010-09-29 10:00:00,AAPL,8.764,0.9988602689765216,8.671,1.0021960240406842,8.715,0.9991974317817015,8.72,81271848,8.699,1.000704600031635,8.7211590041363,1.0032536996259924,53.19148936170229,60.52225441431252,71.66666666666697,37.32665150947124
2010-09-29 11:00:00,AAPL,8.755,0.9989730716567778,8.688,1.0019605581824473,8.72,1.0005737234652898,8.718,43251684,8.69825,0.9999137831934705,8.721048622789986,1.0025346157937678,52.816901408450406,61.49340323661878,82.75862068965549,39.65434071146522
2010-09-29 12:00:00,AAPL,8.739,0.9981724728726442,8.676,0.9986187845303867,8.7,0.9977064220183485,8.724,52823708,8.6974375,0.9999065904061162,8.719043992048084,1.0023905948953047,45.96774193548398,62.21006240215046,48.275862068963406,42.336333048629854
2010-09-29 13:00:00,AAPL,8.721,0.9979402677651904,8.641,0.9959658828953435,8.677,0.9973563218390805,8.704,59317104,8.6955625,0.9997844192614204,8.715039802329219,1.0020238492463118,58.16326530612239,62.61207961531642,8.620689655170723,40.404358784189675
2010-09-29 14:00:00,AAPL,8.719,0.9997706685013186,8.657,1.001851637541951,8.7,1.0026506857208712,8.68,41533912,8.6936875,0.9997843727763442,8.713607440202628,1.0020751895236941,52.293577981650884,62.77119302421711,55.99999999999858,41.50289127894853
2010-09-29 15:00:00,AAPL,8.715,0.9995412317926369,8.633,0.9972276770243732,8.687,0.9985057471264368,8.704,91385532,8.693875,1.0000215673728785,8.711073398278568,1.0019998301386575,58.06451612903194,62.72354352601997,29.999999999998224,41.2827654927849
2010-09-29 16:00:00,AAPL,8.739,1.0027538726333909,8.654,1.002432526352369,8.688,1.0001151145389664,8.69,9307424,8.694875,1.0001150235079295,8.708875931775847,1.001725459795068,49.61240310077472,62.37506726901402,24.444444444446724,40.26284405619694
2010-09-29 17:00:00,AAPL,8.716,0.9973681199221878,8.665,1.001271088513982,8.681,0.9991942909760587,8.692,339752,8.6949375,1.0000071881424402,8.706221081130527,1.0013049159568743,50.38759689922528,61.68451292294026,8.888888888887925,39.16597795933082
2010-09-29 18:00:00,AAPL,8.7,0.9981642955484167,8.663,0.9997691863819966,8.677,0.9995392235917522,8.688,187516,8.694249999999998,0.9999209310015165,8.703438121022858,1.0009776517683833,48.148148148147904,60.68877345241993,0.0,37.86018498687118
2010-09-29 19:00:00,AAPL,8.691,0.9989655172413795,8.654,0.9989610989264689,8.669,0.999078022357958,8.682,266000,8.693125,0.9998706041349169,8.700158299973062,1.0006795640766095,46.762589928057494,59.438212299501956,0.0,36.364458491144724
2010-09-30 04:00:00,AAPL,8.698,1.0008054309055345,8.672,1.0020799630228796,8.686,1.0019610104971737,8.689,2800,8.693125,1.0,8.698809890451818,1.0006539524568918,43.05555555555579,57.926164778613284,32.075471698112764,36.46076912204652
2010-09-30 07:00:00,AAPL,8.698,1.0,8.671,0.9998846863468633,8.684,0.9997697444163021,8.689,9856,8.692999999999998,0.9999856208210508,8.697399424694503,1.0004917017406862,48.75000000000015,56.21432459187338,28.30188679245106,36.37117783748662
2010-09-30 08:00:00,AAPL,8.755,1.0065532306277305,8.661,0.9988467304809134,8.725,1.004721326577614,8.687,3527048,8.695249999999998,1.0002588289428276,8.700028050914074,1.0008084724392128,43.62416107382557,54.03808937209061,100.0,40.28855675486557
2010-09-30 09:00:00,AAPL,8.78,1.0028555111364932,8.687,1.003001962821845,8.732,1.0008022922636102,8.733,90926248,8.697874999999998,1.0003018889623645,8.703072998446068,1.0008996864317956,50.87719298245616,51.52398444003734,100.0,44.018715485024316
2010-09-30 10:00:00,AAPL,8.748,0.9963553530751709,8.642,0.9948198457465178,8.656,0.9912963811268898,8.734,96985224,8.694937499999998,0.999662273831252,8.69858985573692,1.0000821874005916,54.97076023391788,49.040176431611606,0.0,42.113953580262425
2010-09-30 11:00:00,AAPL,8.667,0.9907407407407408,8.49,0.9824114788243463,8.593,0.9927218114602587,8.658,182510972,8.686874999999999,0.999072736290514,8.68853367900007,0.999263500053919,36.776859504132275,47.070721884938074,0.0,40.18273664904552
2010-09-30 12:00:00,AAPL,8.634,0.9961924541363795,8.536,1.0054181389870436,8.606,1.0015128593040847,8.597,60742024,8.680062499999998,0.9992157709187711,8.680673328619111,0.9992860871854508,31.228070175438717,45.519922620754635,9.352517985611483,38.42718870644725
2010-09-30 13:00:00,AAPL,8.63,0.999536715311559,8.57,1.00398313027179,8.599,0.9991866139902394,8.609,42231616,8.6725,0.9991287505130293,8.672894916369671,0.9991742474630422,37.09090909090916,44.30993458462282,4.316546762590112,33.59453309180853
2010-09-30 14:00:00,AAPL,8.672,1.0048667439165702,8.55,0.9976662777129522,8.637,1.0044191185021514,8.601,61838196,8.6685625,0.9995459786682042,8.669476352905892,0.9996513523097023,30.5019305019307,43.17930512392103,31.6546762589933,31.371644735826653
2010-09-30 15:00:00,AAPL,8.661,0.998731549815498,8.565,1.001754385964912,8.579,0.9932847053375015,8.64,102405604,8.662437500000001,0.9992934237943143,8.660859557391046,0.9991113933124489,41.19718309859176,42.04359708830835,0.0,26.773943586401348
2010-09-30 16:00:00,AAPL,8.742,1.0093522687911327,8.564,0.9998832457676592,8.588,1.0010490733185684,8.582,24522820,8.6554375,0.9991919133615681,8.653920551925232,0.9990167954372232,34.01759530791786,40.54138917522675,5.882352941175583,24.41874863485758
2010-09-30 17:00:00,AAPL,8.61,0.9849004804392586,8.565,1.0001167678654834,8.586,0.9997671169073127,8.593,318080,8.649125000000002,0.9992706896676224,8.647451927932353,0.9990773924405731,36.443148688046506,38.74400029153531,4.575163398692636,24.193997176164352
2010-09-30 18:00:00,AAPL,8.603,0.9991869918699188,8.565,1.0,8.583,0.9996505939902166,8.589,183456,8.6425625,0.999241252727877,8.641313649081653,0.9990968622931974,36.6568914956011,36.862372750460466,2.6143790849670547,21.22812934755149
2010-09-30 19:00:00,AAPL,8.612,1.001046146693014,8.568,1.0003502626970229,8.595,1.0013981125480602,8.586,351876,8.6371875,0.9993780779716663,8.636902825359591,0.9993451392870565,37.20238095238078,34.91235472763208,10.457516339869379,20.14243581087766
2010-10-01 06:00:00,AAPL,8.644,1.0037157454714352,8.618,1.0058356676003735,8.632,1.0043048283885978,8.635,2800,8.634375,0.9996743731683492,8.63643588961106,0.9999129797299248,36.25377643504533,32.81380546779589,34.640522875816664,20.70888461262044
2010-10-01 07:00:00,AAPL,8.644,1.0,8.582,0.9958226966813646,8.631,0.9998841519925858,8.629,166740,8.631999999999998,0.9997249366630472,8.635918185838577,1.0001787258300197,42.896174863387955,30.71680761043807,33.98692810457519,22.103220124603062
2010-10-01 08:00:00,AAPL,8.664,1.002313743637205,8.565,0.9980191097646235,8.649,1.0020855057351405,8.635,2772056,8.6296875,0.9997321014828546,8.63716407290157,1.000598247555789,35.58282208588945,28.660800984646794,45.75163398692752,24.64497756832126
2010-10-01 09:00:00,AAPL,8.676,1.0013850415512466,8.565,1.0,8.619,0.9965313909122443,8.651,79586472,8.625625,0.9995292413543364,8.635434161196658,1.000665917647268,37.68545994065259,26.63226426494195,26.143790849672868,26.097410393303086
2010-10-01 10:00:00,AAPL,8.644,0.9963116643614569,8.493,0.9915936952714537,8.554,0.9924585218702866,8.623,127324624,8.6149375,0.9987609593507717,8.627678526796977,1.0002380728117646,43.64261168384855,25.011702338243406,0.0,24.315439743407932
2010-10-01 11:00:00,AAPL,8.598,0.9946783896344286,8.521,1.0032968326857412,8.572,1.0021042787000232,8.558,46923296,8.6049375,0.998839225473197,8.62237580995917,1.000863420072307,43.344709897610834,23.80637049868344,17.647058823528283,23.723504856245558
2010-10-01 12:00:00,AAPL,8.589,0.9989532449406838,8.539,1.0021124281187652,8.574,1.0002333177788147,8.575,28700616,8.5998125,0.9994044117112996,8.617768589963058,1.0014911311050263,44.295302013422564,22.826508021817887,21.05263157894717,19.337539943964845
2010-10-01 13:00:00,AAPL,8.592,1.0003492839678658,8.529,0.9988289026818129,8.555,0.9977839981338932,8.578,30970184,8.597437500000002,0.9997238311881801,8.611790629014195,1.0013928360663902,45.733788395904284,21.67092601727217,1.0526315789467977,13.840463920573
2010-10-01 14:00:00,AAPL,8.592,1.0,8.521,0.9990620236839021,8.559,1.0004675628287552,8.558,36516844,8.5945,0.9996583284263478,8.606762950060462,1.001084677854356,35.03649635036449,20.40054938805187,5.263157894735858,14.132861581391658
2010-10-01 15:00:00,AAPL,8.603,1.001280260707635,8.528,1.0008214998239642,8.541,0.9978969505783387,8.562,82807172,8.590874999999999,0.9995782186281923,8.600499811959466,1.0006980990120968,45.45454545454502,19.009699549397123,0.0,14.132861581391658
2010-10-01 16:00:00,AAPL,8.67,1.0077879809368826,8.523,0.9994136960600374,8.542,1.000117082308863,8.544,8338456,8.584937499999999,0.9993088596912422,8.59492840129666,1.0004718263618853,39.73799126637553,17.406000685142835,0.9259259259254233,13.66471757807577
2010-10-01 17:00:00,AAPL,8.561,0.9874279123414071,8.528,1.0005866478939343,8.545,1.0003512058066026,8.544,1239840,8.5828125,0.9997524734454969,8.590173315458882,1.0006098839343773,40.35087719298212,15.648480445910753,3.7037037037033382,13.630670741470947
2010-10-01 18:00:00,AAPL,8.557,0.9995327648639178,8.528,1.0,8.545,1.0,8.544,219492,8.580124999999999,0.9996868742035318,8.585871094938987,1.0003563627818957,41.66666666666641,14.052957123224765,3.7037037037033382,12.077838932843726
2010-10-01 19:00:00,AAPL,8.559,1.0002337267734018,8.528,1.0,8.544,0.9998829724985372,8.55,50568,8.5775,0.9996940604012181,8.581883371611465,1.0002049354305986,38.42592592592543,12.595841830451569,2.777777777777915,12.232159920498054
2010-10-04 04:00:00,AAPL,8.511,0.9943918682089029,8.485,0.9949577861163226,8.499,0.9947331460674157,8.502,2800,8.57225,0.9993879335470708,8.573989717172278,0.9995907568839729,25.555555555555017,11.412227337203628,0.0,11.90536253487719
2010-10-04 05:00:00,AAPL,8.509,0.9997650099870756,8.482,0.9996464348850913,8.495,0.9995293563948698,8.498,8400,8.566,0.9992709032051096,8.566466886965394,0.9993253681315166,20.53571428571368,10.504108333220923,0.0,11.651186790505374
2010-10-04 06:00:00,AAPL,8.504,0.9994123868844752,8.479,0.9996463098325866,8.492,0.999646851088876,8.495,16800,8.55725,0.9989785197291617,8.5593748024925,0.9992265704520777,13.333333333332888,9.959187673719192,0.0,11.505943508007206
2010-10-04 07:00:00,AAPL,8.543,1.0045860771401693,8.491,1.001415261233636,8.511,1.0022373999057934,8.526,100380,8.54975,0.9991235502059657,8.554767678445595,0.999709915971322,15.300546448087033,9.435687911766273,12.101910828024563,11.597298757349161
2010-10-04 08:00:00,AAPL,8.551,1.0009364391899802,8.488,0.999646684725003,8.513,1.0002349900129246,8.522,1379532,8.541250000000002,0.9990058188835933,8.550789804307918,1.0001216180950225,34.30656934306475,8.932123772316436,16.535433070865516,10.591460434851875
2010-10-04 09:00:00,AAPL,8.565,1.001637235411063,8.464,0.997172478793591,8.518,1.0005873370139786,8.514,78092700,8.5349375,0.999260939558027,8.547666965802403,1.0007512911813143,25.619834710743476,8.529485886473372,31.70731707317089,10.464815377551638
2010-10-04 10:00:00,AAPL,8.544,0.9975481611208408,8.479,1.0017722117202268,8.515,0.9996478046489786,8.522,63191408,8.532499999999999,0.9997144091564817,8.544555826202174,1.0011269357511023,27.419354838709467,7.939189838137772,28.04878048780485,9.481323516489267
2010-10-04 11:00:00,AAPL,8.528,0.99812734082397,8.401,0.9908008019813658,8.418,0.9886083382266587,8.518,78946980,8.522875,0.9988719601523589,8.532502890373395,1.0000003387487133,31.481481481481367,7.5064839824658325,0.0,8.028890691507442
2010-10-04 12:00:00,AAPL,8.437,0.9893292682926828,8.385,0.998095464825616,8.411,0.999168448562604,8.42,52437336,8.5126875,0.9988046873854186,8.52093118652831,0.9997719298392044,14.92537313432814,7.2654185884026505,0.0,8.028890691507442
2010-10-04 13:00:00,AAPL,8.446,1.0010667298802893,8.388,1.0003577817531306,8.418,1.000832243490667,8.415,34880356,8.504125000000002,0.9989941484401961,8.511128216382756,0.9998168282792897,15.789473684210222,7.11311178692815,4.729729729729518,7.31126129740751
2010-10-04 14:00:00,AAPL,8.457,1.0013023916646935,8.389,1.0001192179303766,8.435,1.0020194820622477,8.422,47947760,8.496375,0.99908867755354,8.50387791006059,0.9999709446957316,18.367346938775327,6.953997435865329,17.910447761194664,7.1366955297545935
2010-10-04 15:00:00,AAPL,8.471,1.0016554333688068,8.405,1.0019072595064966,8.423,0.9985773562537047,8.438,64342292,8.489,0.9991319827573525,8.496175251959581,0.9999764902043025,23.809523809524052,6.778811272089399,8.955223880597332,7.575728435401844
2010-10-04 16:00:00,AAPL,8.535,1.0075551882894582,8.389,0.9980963712076145,8.424,1.0001187225454113,8.427,8636404,8.481625000000001,0.9991312286488397,8.48930141843962,1.000035506943058,22.522522522522706,6.648795662314375,9.701492537313333,7.822302582211703
2010-10-04 17:00:00,AAPL,8.454,0.9905096660808437,8.423,1.0040529264513054,8.443,1.002255460588794,8.44,245504,8.47525,0.9992483751639574,8.48489175954061,1.0003851572712315,22.97297297297291,6.555638437570606,23.880597014925332,9.149002416374223
2010-10-04 18:00:00,AAPL,8.46,1.000709723207949,8.411,0.9985753294550634,8.447,1.000473765249319,8.445,452256,8.469125,0.9992773074540573,8.481283020536742,1.0007118398320687,35.71428571428558,6.5121755935792836,27.06766917293184,10.601321485652356
2010-10-04 19:00:00,AAPL,8.458,0.9997635933806146,8.428,1.0020211627630486,8.443,0.9995264590979046,8.446,166880,8.4628125,0.9992546455507505,8.477637018580861,1.00100506470041,37.755102040816304,6.515995503902141,29.906542056074485,12.057034727450754
2010-10-05 04:00:00,AAPL,8.538,1.009458500827619,8.452,1.002847650688182,8.52,1.00911998104939,8.468,9856,8.464125000000001,1.0001550902847016,8.481671588239827,1.0022284658013902,37.56345177664949,6.06309094470145,100.0,17.4068289661339
2010-10-05 07:00:00,AAPL,8.504,0.9960178027641133,8.454,1.0002366303833412,8.476,0.9948356807511739,8.47,50120,8.4629375,0.9998597019774637,8.481131436978892,1.0020092374556013,51.764705882352985,5.4369541231868,59.63302752293696,20.56545395197607
2010-10-05 08:00:00,AAPL,8.529,1.0029397930385702,8.457,1.0003548616039744,8.511,1.0041293062765453,8.474,2885036,8.464125000000001,1.0001403177088335,8.483976062028521,1.0024859644808344,43.77104377104394,5.33168676965971,91.74311926605473,25.662293911201335
2010-10-05 09:00:00,AAPL,8.637,1.0126626802673233,8.411,0.9945607189310629,8.621,1.012924450710845,8.516,105287392,8.470999999999998,1.0008122517094202,8.497025960882947,1.0038871071590916,48.929663608562464,5.669537580576503,100.0,31.21784946675689
2010-10-05 10:00:00,AAPL,8.678,1.0047470186407317,8.595,1.021876114611818,8.641,1.0023199164830066,8.626,108990728,8.479,1.0009443985361823,8.51073777413219,1.004691036965198,62.211981566820285,6.42370006090502,100.0,36.773405022312446
2010-10-05 11:00:00,AAPL,8.689,1.001267573173542,8.624,1.0033740546829553,8.667,1.0030089110056706,8.646,49836892,8.4883125,1.0010983016865196,8.525619890881504,1.0054982770234113,81.2324929971992,7.536373825991295,100.0,41.6566321985333
2010-10-05 12:00:00,AAPL,8.687,0.9997698239152951,8.639,1.001739332096475,8.672,1.0005769008884275,8.67,24295768,8.498125,1.0011560012664473,8.539560853654695,1.0060375196665645,84.0425531914896,8.886414139331654,100.0,46.293552583485216
2010-10-05 13:00:00,AAPL,8.698,1.001266259928629,8.647,1.0009260331056837,8.679,1.0008071955719557,8.675,31878532,8.5144375,1.001919541075237,8.552840772354248,1.0064385699615206,83.9572192513372,10.710174636893083,100.0,50.08759052386462
2010-10-05 14:00:00,AAPL,8.716,1.0020694412508622,8.656,1.001040823406962,8.703,1.002765295540961,8.681,41633396,8.5326875,1.0021434181647348,8.567141651177653,1.0061899745200613,83.51648351648375,12.972140095690243,100.0,54.08488049676435
2010-10-05 15:00:00,AAPL,8.763,1.005392381826526,8.685,1.0033502772643252,8.751,1.0055153395380902,8.707,98663376,8.5535,1.002439149447346,8.584651970113114,1.0060900472580432,87.23404255319181,15.610663870334372,100.0,59.640436052319906
2010-10-05 16:00:00,AAPL,8.764,1.0001141161702614,8.515,0.9804260218767991,8.74,0.9987430007999086,8.75,23932356,8.5725625,1.002228619863214,8.599447020578532,1.0053717215851443,88.65248226950386,17.778531212531284,96.64634146341486,65.00967724473185
2010-10-05 17:00:00,AAPL,8.762,0.9997717937015063,8.653,1.0162066940692895,8.742,1.000228832951945,8.67,1079008,8.5925,1.0023257339914406,8.613023494809148,1.0047198250008849,85.78313253012094,19.537606116818115,97.2477064220188,70.14956483874792
2010-10-05 18:00:00,AAPL,8.763,1.000114129194248,8.722,1.0079741130243844,8.748,1.0006863417982153,8.745,777924,8.612749999999998,1.002356706430026,8.625878400065421,1.0038845970399095,85.7142857142862,20.90449812278339,99.025974025974,74.65598296456898
2010-10-05 19:00:00,AAPL,8.766,1.000342348510784,8.733,1.001261178628755,8.754,1.0006858710562414,8.753,725732,8.6321875,1.0022568285390847,8.638080457202047,1.0029410417348754,86.74698795180758,21.95836113070377,100.0,79.71402608231358
2010-10-06 04:00:00,AAPL,8.783,1.0019393109742185,8.757,1.0027481964960494,8.771,1.001941969385424,8.774,4508,8.652437500000001,1.0023458711942947,8.650739461278043,1.0021491610646829,84.01162790697715,22.81969921147927,100.0,84.73060983024061
2010-10-06 06:00:00,AAPL,8.801,1.0020494136399865,8.769,1.0013703323055843,8.783,1.0013681450233722,8.792,29400,8.673687500000002,1.0024559553305066,8.663335703061087,1.001259552936509,96.5299684542589,23.554195960310643,100.0,88.95946555163364
2010-10-06 07:00:00,AAPL,8.801,1.0,8.749,0.9977192382255674,8.783,1.0,8.771,655900,8.690125,1.0018950994026472,8.674732302769554,1.000120456584302,96.25850340136078,23.96552428923865,100.0,93.01126170869298
2010-10-06 08:00:00,AAPL,8.801,1.0,8.735,0.9983998171219567,8.76,0.9973813047933509,8.787,4877236,8.707875,1.0020425482947597,8.68285303583912,0.9991631922255572,94.02173913043512,24.074601103877768,91.54411764705894,96.43557146374769
2010-10-06 09:00:00,AAPL,8.84,1.0044313146233381,8.728,0.999198626216371,8.756,0.9995433789954339,8.763,103915952,8.723187500000002,1.0017584657565712,8.689819413378252,0.9979265220709131,81.81818181818215,23.954143243970073,83.3333333333337,95.50964553782177
2010-10-06 10:00:00,AAPL,8.794,0.9947963800904978,8.647,0.9907195233730522,8.704,0.9940612151667428,8.759,111887356,8.728375000000002,1.0005946794104792,8.691169945437467,0.9963296037643884,76.96969696969752,23.329679479176406,44.36619718309919,94.66148829671968
2010-10-06 11:00:00,AAPL,8.756,0.9956788719581533,8.672,1.00289117613045,8.72,1.0018382352941178,8.707,54457200,8.733312500000002,1.0005656837612957,8.693915664919613,0.9960520331584759,57.54716981132089,22.22167749077443,45.68965517241464,92.10296251373967
2010-10-06 12:00:00,AAPL,8.749,0.9992005481955231,8.648,0.9972324723247231,8.667,0.9939220183486237,8.724,51067324,8.7333125,0.9999999999999998,8.691352268260601,0.9951953818508841,59.276018099547734,20.639826107449654,0.0,86.54740695818413
2010-10-06 13:00:00,AAPL,8.74,0.9989713110069722,8.611,0.9957215541165588,8.725,1.0066920503057575,8.671,83812708,8.736625,1.000379294797936,8.694556814140544,0.9955623154605476,42.80000000000003,18.595436858971908,50.0,83.76962918040634
2010-10-06 14:00:00,AAPL,8.773,1.0037757437070938,8.653,1.004877482290094,8.74,1.0017191977077364,8.728,136572716,8.7404375,1.0004363813257409,8.698884736603349,0.9956802239541411,45.00000000000001,16.539304212752484,62.93103448275915,81.71024220722629
2010-10-06 15:00:00,AAPL,8.765,0.9990881112504275,8.671,1.0020802033976655,8.736,0.9995423340961099,8.745,97687968,8.7425,1.0002359721695853,8.702419523593505,0.9956503348480559,50.0,15.227890643874044,59.482758620690554,79.4592843528202
2010-10-06 16:00:00,AAPL,8.763,0.9997718197375927,8.692,1.0024218659900819,8.751,1.0017170329670328,8.746,12372976,8.7425,1.0,8.70704623563222,0.9959446652138656,48.87218045112777,14.654487072831643,72.41379310344817,77.92671730301177
2010-10-06 17:00:00,AAPL,8.773,1.0011411617026131,8.736,1.005062126092959,8.755,1.0004570906182153,8.753,1551088,8.7434375,1.0001072347726623,8.711613260810104,0.9964670587143385,50.545454545454575,14.23520172104761,75.8620689655183,76.58572113442945
2010-10-06 18:00:00,AAPL,8.77,0.9996580417189103,8.716,0.9977106227106226,8.736,0.9978298115362649,8.758,876764,8.743062499999999,0.9999571106901602,8.713935807399618,0.9966258473740583,50.1831501831504,14.001402020649524,59.482758620690554,74.33476328002337
2010-10-06 19:00:00,AAPL,8.752,0.9979475484606615,8.702,0.9983937586048647,8.721,0.9982829670329669,8.74,601888,8.741375,0.9998069898276492,8.714608587647273,0.9967455439838471,43.636363636363576,13.96542949457622,46.5517241379314,71.55172898416318
2010-10-07 07:00:00,AAPL,8.792,1.0045703839122486,8.743,1.0047115605607906,8.758,1.0042426327256047,8.779,226632,8.741625,1.0000285996196252,8.718741103109437,0.9974107166331884,38.84892086330948,13.961080871701824,78.4482758620686,70.50731617527705
2010-10-07 08:00:00,AAPL,8.81,1.0020473157415832,8.682,0.9930229898204278,8.789,1.0035396209180178,8.759,5399968,8.74275,1.0001286946076957,8.725432426622824,0.9981476472192324,46.03174603174597,14.142567202220398,100.0,70.56142872938962
2010-10-07 09:00:00,AAPL,8.807,0.9996594778660612,8.66,0.9974660216539968,8.695,0.9893048128342247,8.792,79836764,8.73725,0.9993709073232107,8.722534100277793,0.9976876955509186,54.48916408668728,14.589882800442322,22.950819672131555,66.2809187111747
2010-10-07 10:00:00,AAPL,8.776,0.9964800726694674,8.671,1.001270207852194,8.731,1.0041403105232891,8.696,79347156,8.734,0.9996280294142894,8.723340376441811,0.9984080089778605,42.61501210653754,15.18800895239621,52.45901639344272,63.63975295525485
2010-10-07 11:00:00,AAPL,8.765,0.9987465815861442,8.694,1.0026525198938994,8.728,0.9996563967472225,8.734,42525560,8.732000000000001,0.9997710098465767,8.72378415011402,0.9988303354836294,53.40050377833743,15.862268395940372,50.0,60.861975177477085
2010-10-07 12:00:00,AAPL,8.755,0.9988590986879635,8.683,0.9987347596043247,8.72,0.9990834097158571,8.731,36979320,8.729750000000001,0.9997423270728355,8.723423754865065,0.9990178372497783,51.04166666666654,16.75264626980895,43.442622950820386,57.71989867474489
2010-10-07 13:00:00,AAPL,8.775,1.0022844089091947,8.698,1.0017275135321895,8.752,1.0036697247706423,8.725,31345524,8.732750000000001,1.0003436524528193,8.726145302020774,0.9995870788992551,57.817109144542925,17.5227888178164,69.67213114754175,56.50478831366059
2010-10-07 14:00:00,AAPL,8.78,1.0005698005698005,8.727,1.0033340997930558,8.76,1.0009140767824496,8.757,53064004,8.735249999999999,1.0002862786636508,8.729369558971175,0.9996129007438864,54.31309904153372,18.16659910804547,76.22950819672135,56.11013136162657
2010-10-07 15:00:00,AAPL,8.789,1.0010250569476082,8.725,0.9997708261716511,8.74,0.997716894977169,8.763,70461580,8.7398125,1.0005223090352309,8.730381981926302,0.9994427156551103,53.26797385620912,18.602025528640507,47.87234042553214,56.304917097317286
2010-10-07 16:00:00,AAPL,8.786,0.9996586642393901,8.724,0.9998853868194844,8.752,1.0013729977116705,8.747,7606032,8.7415,1.000193081945408,8.732440840790463,0.9991565426364083,50.62111801242229,18.757416258827938,60.63829787234121,57.13539724731321
2010-10-07 17:00:00,AAPL,8.766,0.9977236512633736,8.736,1.0013755158184319,8.749,0.9996572212065813,8.754,287028,8.7420625,1.0000643482239888,8.734017903572324,0.9991440717922924,50.156739811912416,18.82740688021088,57.44680851063894,60.32688660901537
2010-10-07 18:00:00,AAPL,8.762,0.9995436915354781,8.73,0.9993131868131868,8.748,0.9998857012229968,8.75,569016,8.7428125,1.0000857921114155,8.735349531803532,0.9992321070460812,49.05660377358487,18.844032870410125,56.38297872340359,60.68149653809334
2010-10-07 19:00:00,AAPL,8.763,1.000114129194248,8.733,1.0003436426116838,8.75,1.0002286236854139,8.751,246176,8.74275,0.9999928512706866,8.73674481448891,0.9993059801395615,51.99999999999979,18.810760440680514,58.510638297872404,60.43591897226631
2010-10-08 06:00:00,AAPL,8.737,0.9970329795732056,8.711,0.9974808198786212,8.725,0.9971428571428571,8.728,14000,8.740874999999999,0.9997855365874582,8.735626260728061,0.9991851832350304,55.05226480836237,18.863728994629522,31.914893617020795,58.90437091650688
2010-10-08 07:00:00,AAPL,8.755,1.002060203731258,8.702,0.9989668235564229,8.732,1.0008022922636102,8.727,83160,8.740625,0.999971398744405,8.735280902563485,0.999360007157577,44.00000000000011,18.853966113756318,39.36170212765879,57.06814364007414
2010-10-08 08:00:00,AAPL,8.796,1.004683038263849,8.663,0.995518271661687,8.755,1.0026339899221257,8.732,9751644,8.74275,1.0002431176260278,8.737158911843153,0.9996034507650372,38.64541832669312,18.670412075491836,63.82978723404348,56.39968354388108
2010-10-08 09:00:00,AAPL,8.862,1.0075034106412006,8.734,1.0081957751356343,8.827,1.008223872073101,8.76,107033360,8.7470625,1.0004932658488463,8.74571520595333,1.000339161700075,66.66666666666666,18.224982016825418,100.0,58.650641398287156
2010-10-08 10:00:00,AAPL,8.848,0.9984202211690364,8.754,1.002289901534234,8.818,0.9989804010422567,8.83,104010928,8.748875,1.0002072124213128,8.752599472053014,1.0006330093163291,72.22222222222213,17.44322559038883,93.1818181818179,61.24120217850308
2010-10-08 11:00:00,AAPL,8.914,1.0074593128390597,8.799,1.00514050719671,8.886,1.007711499206169,8.821,134065456,8.7608125,1.0013644611450043,8.765304284238441,1.0018778739253265,70.27027027027012,15.995479102521177,100.0,62.43852018616594
2010-10-08 12:00:00,AAPL,8.913,0.999887816917209,8.836,1.0042050232981021,8.878,0.9990997074049067,8.889,68137216,8.77,1.0010487041013605,8.776037209549065,1.0017378193574014,79.43262411347473,14.177605299749011,95.18072289156676,62.17078256903076
2010-10-08 13:00:00,AAPL,8.901,0.998653651969034,8.844,1.000905387052965,8.869,0.9989862581662536,8.882,42790552,8.778812499999999,1.0010048460661345,8.78489080863963,1.0016979257285783,74.4186046511626,13.162969405443283,89.75903614457854,65.88235015083336
2010-10-08 14:00:00,AAPL,8.903,1.000224693854623,8.838,0.9993215739484396,8.883,1.0015785319652721,8.873,46078872,8.789,1.001160464470565,8.794234541150141,1.0017567343134555,71.04247104247086,12.81953048451018,98.13664596273284,68.41999623801615
2010-10-08 15:00:00,AAPL,8.916,1.0014601819611366,8.865,1.0030549898167007,8.892,1.0010131712259371,8.885,107662576,8.797749999999999,1.000995562635112,8.803545537231079,1.0016549706714164,78.26086956521696,12.977793125309583,100.0,71.19777401579394
2010-10-08 16:00:00,AAPL,8.911,0.9994392104082548,8.73,0.984771573604061,8.895,1.0003373819163293,8.895,34424572,8.8061875,1.0009590520303489,8.812255486066215,1.0016487722504295,77.99999999999956,12.840254532145668,100.0,74.33985051852613
2010-10-08 17:00:00,AAPL,8.907,0.9995511165974639,8.874,1.0164948453608247,8.888,0.999213041034289,8.898,564424,8.8154375,1.0010503978026812,8.819469249298004,1.0015082292192852,79.19999999999959,12.469615266223999,95.88235294117666,75.79597395150586
2010-10-08 18:00:00,AAPL,8.903,0.9995509150106658,8.865,0.9989858012170385,8.882,0.9993249324932493,8.892,844984,8.8235625,1.0009216785894064,8.82542455888867,1.0011329056429328,77.34375000000009,11.902006959447451,92.35294117647064,76.6917202281586
2010-10-08 19:00:00,AAPL,8.898,0.9994383915534089,8.865,1.0,8.883,1.0001125872551226,8.884,406812,8.8319375,1.000949163107305,8.830907934232606,1.0008324794245642,75.38461538461534,11.201071554382937,92.94117647058796,79.19554445288391
2010-10-11 04:00:00,AAPL,8.895,0.9996628455832771,8.868,1.0003384094754653,8.882,0.9998874254193404,8.886,2800,8.8403125,1.000948263051001,8.835773845258071,1.0004343718757147,83.47457627118649,10.438330565466359,92.35294117647064,80.95746908089113
2010-10-11 06:00:00,AAPL,8.91,1.0016863406408094,8.883,1.0016914749661703,8.898,1.0018013960819636,8.901,5600,8.8495625,1.0010463431015588,8.841700145709684,1.0001569679476472,82.60869565217418,9.692570261530491,100.0,83.3215352747445
2010-10-11 07:00:00,AAPL,8.939,1.0032547699214365,8.887,1.0004502983226389,8.919,1.00236008091706,8.921,224280,8.8616875,1.0013701242293052,8.849062036594475,0.9999434476669864,82.06278026905845,9.155413733067885,100.0,85.74470312344431
2010-10-11 08:00:00,AAPL,8.938,0.9998881306633852,8.893,1.000675143467987,8.919,1.0,8.922,3382092,8.873375000000001,1.0013188797280428,8.85572279501405,0.9993269109313603,76.74418604651197,8.757578984005585,100.0,88.0496676624514
2010-10-11 09:00:00,AAPL,8.982,1.004922801521593,8.89,0.99966265602159,8.953,1.0038120865567888,8.922,87459792,8.88575,1.0013946215504246,8.864987290726997,0.9990547329203371,80.98159509202509,8.618482302155268,100.0,91.83217357261691
2010-10-11 10:00:00,AAPL,8.995,1.00144733912269,8.923,1.0037120359955005,8.95,0.9996649167876689,8.955,97353564,8.8934375,1.000865149255831,8.87308373922919,0.9985745422985329,75.96899224806253,8.50884787257708,97.77777777777769,95.07751110873463
2010-10-11 11:00:00,AAPL,8.98,0.9983324068927183,8.93,1.0007844895214613,8.951,1.0001117318435755,8.953,37407328,8.901749999999998,1.0009346779577637,8.880504335493077,0.9985457631532327,79.03225806451609,8.424036462719672,97.61904761904893,96.95469224123491
2010-10-11 12:00:00,AAPL,8.986,1.0006681514476614,8.932,1.0002239641657336,8.967,1.001787509775444,8.955,23729776,8.906812500000001,1.000568708400034,8.888742017827068,0.9985387163003983,85.34482758620732,8.150538223103725,100.0,96.95469224123491
2010-10-11 13:00:00,AAPL,8.99,1.0004451368795904,8.947,1.0016793551276308,8.973,1.0006691201070592,8.97,21195076,8.91275,1.0006666245640625,8.896766587557824,0.9988721091364418,85.59322033898354,7.737623367804556,100.0,97.3334801200228
2010-10-11 14:00:00,AAPL,8.999,1.0010011123470524,8.952,1.00055884654074,8.978,1.0005572272372671,8.978,43459864,8.9195625,1.0007643544360605,8.904503103028508,0.99907470792163,85.21739130434833,7.24823602519017,100.0,97.3334801200228
2010-10-11 15:00:00,AAPL,8.994,0.9994443827091898,8.893,0.9934092940125112,8.93,0.9946535976832257,8.981,96878488,8.922500000000001,1.0003293322962872,8.906931378930555,0.9985838855807732,85.47008547008582,6.47608254420009,50.0,94.82343995938021
2010-10-11 16:00:00,AAPL,8.97,0.9973315543695798,8.915,1.002473855841673,8.957,1.0030235162374022,8.936,15005676,8.9265625,1.0004553096105349,8.911699819032407,0.9987895566301379,63.29113924050632,5.988799134322165,78.12500000000104,94.1771046180148
2010-10-11 17:00:00,AAPL,8.951,0.9978818283166109,8.878,0.9958496915311275,8.937,0.9977671095232777,8.895,214928,8.9291875,1.0002940661648871,8.91410936007694,0.9986049344388662,70.94972067039133,5.486234803318022,57.29166666666632,91.90793910156665
2010-10-11 18:00:00,AAPL,8.951,1.0,8.911,1.0037170533904032,8.934,0.9996643168848607,8.942,762580,8.932062499999999,1.0003219777835328,8.91600370673628,0.9985235170317882,63.636363636363555,4.973564848761578,54.1666666666662,89.36164280527035
2010-10-11 19:00:00,AAPL,8.947,0.9995531225561388,8.911,1.0,8.929,0.999440340273114,8.938,134960,8.935,1.0003288714112784,8.917241448951872,0.9983406910724004,62.99999999999972,4.415218946366477,48.95833333333391,86.52599465712223
2010-10-12 04:00:00,AAPL,8.934,0.9985469989940763,8.859,0.9941645157670296,8.873,0.9937283010415499,8.925,16800,8.934374999999998,0.9999300503637377,8.913027977623123,0.9975409040428789,58.20105820105827,4.06165728525032,0.0,81.1991972715013
2010-10-12 05:00:00,AAPL,8.885,0.9945153346765168,8.814,0.9949204199119539,8.862,0.9987602840076638,8.831,62552,8.933124999999999,0.9998600909408886,8.908168170230445,0.9970667416837157,39.732142857142684,4.075494683274096,0.0,76.06847831725294
2010-10-12 07:00:00,AAPL,8.932,1.0052898142937536,8.845,1.003517131835716,8.919,1.0064319566689235,8.888,515424,8.9344375,1.0001469250682153,8.909199773065641,0.9973217404956991,37.872340425531895,4.2195935435253595,49.13793103448323,73.63496468191379
2010-10-12 08:00:00,AAPL,8.967,1.0039184952978057,8.894,1.0055398530243074,8.951,1.0035878461710954,8.923,3645180,8.9364375,1.000223852928626,8.91318074705939,0.9976208068005836,43.41085271317858,4.431425691060248,76.72413793103506,72.76669783494515
2010-10-12 09:00:00,AAPL,8.982,1.0016728002676478,8.829,0.9926917022711941,8.876,0.9916210479276057,8.953,107793084,8.93375,0.9996992649475811,8.909639723529923,0.9970012908980701,50.17421602787478,4.879049359192305,12.068965517240851,67.88164036368075
2010-10-12 10:00:00,AAPL,8.998,1.0017813404586953,8.859,1.00339789330615,8.976,1.011266336187472,8.879,107168040,8.9351875,1.000160906674129,8.915959749860406,0.9980086469691234,39.612188365650894,5.601556178420818,98.27586206896646,67.78585492306777
2010-10-12 11:00:00,AAPL,9.014,1.0017781729273172,8.952,1.0104977988486286,8.98,1.000445632798574,8.979,59738028,8.9370625,1.0002098445052217,8.922058821302272,0.9985306767543796,51.011235955056215,6.500614758892674,100.0,67.78585492306776
2010-10-12 12:00:00,AAPL,9.003,0.9987796760594632,8.957,1.0005585344057195,8.977,0.9996659242761693,8.983,30165044,8.938687499999999,1.0001818270824445,8.92729131451158,0.9989066669849942,50.79006772009025,7.5147131418199775,97.45762711864398,67.64461198521467
2010-10-12 13:00:00,AAPL,8.993,0.9988892591358436,8.953,0.9995534219046555,8.977,1.0,8.981,18133276,8.9393125,1.0000699207797568,8.932025475034287,0.9992546976314239,49.8866213151928,8.636937806465264,97.45762711864398,67.626825837485
2010-10-12 14:00:00,AAPL,9.025,1.00355832314022,8.95,0.9996649167876689,8.998,1.0023393115740225,8.981,88334372,8.940874999999998,1.0001747897279571,8.938308763126258,0.9998877165471347,55.97964376590332,9.70553080755188,100.0,67.75910096976007
2010-10-12 15:00:00,AAPL,9.067,1.0046537396121884,8.965,1.0016759776536313,9.032,1.0037786174705492,9.0,120150688,8.944250000000002,1.000377479832791,8.947231738066614,1.0007109749399936,55.29715762273881,10.57204360445252,100.0,67.75910096976007
2010-10-12 16:00:00,AAPL,9.061,0.999338259622808,8.908,0.9936419408812046,9.035,1.00033215234721,9.035,16636788,8.950812500000001,1.000733711602426,8.955590620155508,1.0012679229846557,61.84538653366587,11.26714911015624,100.0,67.75910096976007
2010-10-12 17:00:00,AAPL,9.052,0.9990067321487694,9.017,1.0122361921867984,9.037,1.0002213613724407,9.04,718788,8.9558125,1.0005586085062108,8.963343894426412,1.0014000287042557,62.59351620947636,11.822136456906712,100.0,67.75910096976006
2010-10-12 18:00:00,AAPL,9.052,1.0,9.011,0.9993345902184761,9.038,1.0001106561912139,9.038,715932,8.962125,1.0007048495041628,8.970453999719135,1.0016348600106506,63.56783919597986,12.172563319621712,100.0,70.53687874753784
2010-10-12 19:00:00,AAPL,9.06,1.0008837825894832,9.023,1.001331705693042,9.047,1.0009957955299846,9.041,811916,8.9691875,1.000788038551125,8.97774409498398,1.0017427892362558,74.0524781341108,12.330408757276944,100.0,71.75215652531556
2010-10-13 04:00:00,AAPL,9.099,1.0043046357615895,9.065,1.004654771140419,9.087,1.004421355145352,9.083,9940,8.9790625,1.0011009915892604,8.98814941927122,1.002114117836339,77.12609970674471,12.193278069790122,100.0,74.12484171050076
2010-10-13 05:00:00,AAPL,9.128,1.0031871634245522,9.101,1.0039713182570327,9.115,1.003081324969737,9.118,4200,8.9941875,1.001684474297846,9.000230426959675,1.0023574762910576,75.92592592592568,11.57871952761447,100.0,76.6711380067971
2010-10-13 06:00:00,AAPL,9.123,0.9994522348816827,9.096,0.9994506098230963,9.11,0.9994514536478332,9.114,9884,9.009687500000002,1.0017233352095452,9.010684672011134,1.0018342037022392,75.62499999999979,10.48355558910201,97.90794979079466,79.39056114332269
2010-10-13 07:00:00,AAPL,9.133,1.0010961306587745,9.056,0.9956024626209322,9.097,0.9985729967069155,9.112,1483188,9.0208125,1.00123478200548,9.018905179438645,1.0010230853665727,96.79999999999967,9.28200648398824,92.46861924686166,84.52770665703721
2010-10-13 08:00:00,AAPL,9.131,0.9997810139056171,9.065,1.000993816254417,9.099,1.0002198526986918,9.101,6177948,9.0300625,1.0010254065251882,9.026533257587346,1.0006341732063875,87.11656441717744,8.251252046293976,93.30543933054395,89.71134217540077
2010-10-13 09:00:00,AAPL,9.135,1.0004380681195926,9.056,0.9990071704357418,9.107,1.000879217496428,9.102,109675412,9.0445,1.0015988261432298,9.034196756864741,1.0004578325858478,86.95652173913005,7.5817022394290925,94.24460431654609,92.21726846884872
2010-10-13 10:00:00,AAPL,9.136,1.0001094690749863,9.071,1.0016563604240283,9.11,1.0003294169320303,9.111,93340548,9.052875,1.000925977113163,9.041416113353813,0.9996590318263933,89.15662650602371,7.16378553172241,96.37681159420232,93.30908367235799
2010-10-13 11:00:00,AAPL,9.142,1.0006567425569177,9.081,1.001102414287289,9.112,1.000219538968167,9.113,67604040,9.061124999999999,1.0009113127045275,9.048138388272497,0.9994767837037953,89.34911242603513,6.922180194536938,97.82608695652165,98.07336819676249
2010-10-13 12:00:00,AAPL,9.129,0.9985779916867207,9.08,0.9998898799691665,9.097,0.9983538191395961,9.115,36438416,9.068625,1.0008277117907547,9.052791875103688,0.9990803432359325,87.99999999999972,6.823841676010085,86.95652173912993,97.44451595621604
2010-10-13 13:00:00,AAPL,9.116,0.998575966699529,9.056,0.9973568281938325,9.091,0.9993404419039243,9.101,64177176,9.07575,1.0007856758880203,9.056430744141434,0.9986553357473081,74.80916030534294,6.762699312748069,79.48717948717886,96.30491481661485
2010-10-13 14:00:00,AAPL,9.119,1.000329091706889,9.049,0.9992270318021201,9.089,0.9997800021999781,9.095,71271312,9.0814375,1.0006266699721786,9.059532578032725,0.9982131039344104,70.89552238805906,6.610413539150691,68.67469879518103,94.70586324308913
2010-10-13 15:00:00,AAPL,9.116,0.9996710165588332,9.053,1.0004420377942316,9.072,0.9981296072175155,9.092,82323640,9.0839375,1.0002752868144498,9.060719951553416,0.9977186928339722,69.40298507462667,6.224149323807296,46.24999999999875,91.86099506983106
2010-10-13 16:00:00,AAPL,9.378,1.0287406757349715,9.058,1.0005523031039434,9.104,1.0035273368606703,9.077,70587412,9.088249999999999,1.0004747390655209,9.064841860929283,0.9978978676294595,61.33333333333281,6.871576842991193,85.89743589743449,91.0775192863552
2010-10-13 17:00:00,AAPL,9.09,0.9692898272552782,9.056,0.9997792007065577,9.071,0.9963752196836556,9.08,1062740,9.090375,1.0002338183918797,9.06542835036459,0.9974888840386863,66.47398843930577,8.248282358541402,42.8571428571422,87.90291611175198
2010-10-13 18:00:00,AAPL,9.087,0.9996699669966996,9.052,0.9995583038869258,9.069,0.9997795171425423,9.074,857976,9.092312499999998,1.0002131375218293,9.065768507472724,0.9972931267931987,45.180722891566326,10.141669958690503,32.35294117647113,84.14474617711147
2010-10-13 19:00:00,AAPL,9.095,1.000880378562782,9.053,1.0001104728236856,9.07,1.0001102657404344,9.072,540652,9.093749999999998,1.000158100593221,9.066171506761036,0.997124934581938,33.57142857142887,12.381904005048241,2.1739130434770857,78.70996356841574
2010-10-13 20:00:00,AAPL,9.048,0.9948323254535458,9.021,0.996465260134762,9.035,0.996141124586549,9.039,6816600,9.0905,0.999642611683849,9.063202791831413,0.9966408568336951,35.29411764705905,14.59905923362475,0.0,73.15440801286022
2010-10-14 04:00:00,AAPL,9.12,1.0079575596816974,9.093,1.0079813767874957,9.107,1.0079690094078582,9.11,33600,9.09,0.9999449975248885,9.067373954514135,0.9974560205174781,30.379746835443157,16.858899376765294,93.50649350649249,72.79365765210979
2010-10-14 05:00:00,AAPL,9.113,0.9992324561403509,9.079,0.9984603541185528,9.094,0.9985725266278687,9.103,8400,9.089,0.9998899889988999,9.06990976836993,0.997789853506043,51.7543859649121,19.066430426508372,76.62337662337572,71.49495635340844
2010-10-14 06:00:00,AAPL,9.103,0.9989026665203555,9.068,0.9987884128207951,9.09,0.9995601495491533,9.085,8400,9.0885625,0.9999518648916272,9.07182312376327,0.998110146744776,47.21030042918456,21.30343632331776,71.4285714285711,69.90765476610684
2010-10-14 07:00:00,AAPL,9.124,1.0023069317807318,9.079,1.0012130569033966,9.107,1.001870187018702,9.103,282436,9.089062499999999,1.0000550142005404,9.075173302452482,0.9985268080020886,45.726495726495784,23.567228515348017,93.50649350649249,69.66312941697895
2010-10-14 08:00:00,AAPL,9.177,1.0058088557650153,9.073,0.9993391342658883,9.14,1.0036235862523335,9.106,11392444,9.091124999999998,1.000226921093347,9.081347273647484,0.9991511526791114,48.9959839357428,25.914606558591174,100.0,70.08153945881996
2010-10-14 09:00:00,AAPL,9.152,0.99727579819113,9.068,0.9994489143612917,9.092,0.9947483588621444,9.142,88828012,9.090000000000002,0.9998762529389931,9.082361819014391,0.9990360729848499,58.0524344569291,28.255603768696066,54.285714285714434,67.91377695632944
2010-10-14 10:00:00,AAPL,9.157,1.0005463286713288,9.074,1.0006616674018527,9.135,1.0047294324681038,9.095,71580852,9.0914375,1.0001581408140812,9.087374979108258,0.9997112188237905,50.161812297734826,30.547280923276453,95.23809523809452,67.96897089641544
2010-10-14 11:00:00,AAPL,9.152,0.999453969640712,9.096,1.0024245095878335,9.121,0.9984674329501917,9.139,52737832,9.0929375,1.0001649904099323,9.090577362050329,0.9999053903247236,56.57142857142851,32.76580651559002,81.90476190476186,67.16496813589099
2010-10-14 12:00:00,AAPL,9.143,0.9990166083916086,9.082,0.9984608619173264,9.111,0.9989036289880496,9.124,39053896,9.0941875,1.0001374693271565,9.092522375188393,0.99995434645717,57.060518731988736,34.93513933082397,72.38095238095258,65.75134954835937
2010-10-14 13:00:00,AAPL,9.133,0.9989062670895765,9.071,0.9987888130367759,9.118,1.000768302052464,9.115,46599896,9.096,1.0001993031263101,9.094948815646642,1.0000837145315777,51.076923076923315,37.010060910352784,79.04761904761891,65.31196606549764
2010-10-14 14:00:00,AAPL,9.13,0.9996715208584257,9.08,1.0009921728585602,9.098,0.997806536521167,9.12,32090464,9.097625,1.0001786499560248,9.095239404632675,0.9999163813360461,57.859531772575465,38.979798699278334,60.00000000000034,64.22934498287661
2010-10-14 15:00:00,AAPL,9.152,1.0024096385542167,9.075,0.9994493392070484,9.139,1.0045064849417453,9.102,64754088,9.0998125,1.0002404473695057,9.099407080381944,1.0001958841326108,54.5741324921136,40.4890296952134,99.04761904761789,65.91672944134532
2010-10-14 16:00:00,AAPL,9.246,1.0102709790209792,9.06,0.9983471074380167,9.228,1.009738483422694,9.141,20192620,9.109625000000001,1.0010783189214065,9.111654025107473,1.0013012933076888,59.66386554621847,41.68290266447706,100.0,68.90284055245651
2010-10-14 17:00:00,AAPL,9.244,0.9997836902444299,9.099,1.0043046357615895,9.216,0.9986996098829648,9.133,1753304,9.1188125,1.0010085486504658,9.121591737002,1.0013136366208266,73.47931873479337,42.62916100553772,93.78238341968887,69.34089319258175
2010-10-14 18:00:00,AAPL,9.227,0.9981609692773692,9.125,1.0028574568633914,9.204,0.9986979166666669,9.218,1144276,9.1271875,1.0009184309908772,9.12944014300181,1.0011654634857126,65.52706552706564,43.35351321739797,87.56476683937866,71.82465008048378
2010-10-14 19:00:00,AAPL,9.225,0.9997832448249702,9.188,1.0069041095890412,9.211,1.000760538896132,9.208,475020,9.138187499999999,1.0012051905365151,9.137207748430209,1.0010978462346927,65.71428571428606,44.04523358231961,87.68115942029024,74.89843998291818
2010-10-15 05:00:00,AAPL,9.234,1.0009756097560976,9.194,1.000653025685677,9.217,1.0006513950711107,9.22,36988,9.1450625,1.000752337375437,9.144807010484474,1.0007243789301188,67.13881019830053,44.59716994985429,92.02898550724693,79.89038845312761
2010-10-15 06:00:00,AAPL,9.234,1.0,9.182,0.9986948009571459,9.197,0.9978300965607029,9.207,41412,9.1515,1.0007039317664588,9.149777771390715,1.0005156084379647,66.08187134502955,45.03892267231861,77.53623188405753,84.1979568911308
2010-10-15 07:00:00,AAPL,9.234,1.0,9.146,0.9960792855587018,9.18,0.9981515711645103,9.2,824320,9.157125,1.0006146533355187,9.152656078877314,1.000126326708989,58.66261398176278,45.25284933383638,64.70588235294095,82.59792293815572
2010-10-15 08:00:00,AAPL,9.286,1.0056313623565085,9.155,1.0009840367373715,9.248,1.0074074074074073,9.182,10547964,9.1659375,1.0009623653712272,9.16173645231757,1.000503591718751,64.76510067114097,45.34008806245828,100.0,83.89662423685708
2010-10-15 09:00:00,AAPL,9.308,1.0023691578720655,9.204,1.0053522665210268,9.279,1.0033520761245676,9.252,171040548,9.174624999999999,1.000947802666121,9.172904409239706,1.0007600869239732,67.49226006191961,45.2941502228336,100.0,85.48392582415869
2010-10-15 10:00:00,AAPL,9.319,1.0011817791147402,9.214,1.0010864841373315,9.302,1.0024787153788124,9.284,134685852,9.18775,1.0014305761815878,9.185199227407352,1.001152551456583,73.23529411764711,45.19094122446594,100.0,85.84467618490909
2010-10-15 11:00:00,AAPL,9.399,1.0085846120828412,9.276,1.0067288908183198,9.356,1.0058052031821114,9.305,157160948,9.201562500000001,1.001503360452777,9.20146596765427,1.0014928538166876,77.05382436260624,45.20167971943598,100.0,85.84467618490909
2010-10-15 12:00:00,AAPL,9.388,0.9988296627300778,9.33,1.0058214747736094,9.355,0.9998931167165456,9.359,70917644,9.2161875,1.0015894039735098,9.216088256449101,1.001578618462799,79.75000000000006,45.299908998260584,99.61240310077541,88.36282556352359
2010-10-15 13:00:00,AAPL,9.393,1.0005325948018748,9.339,1.0009646302250805,9.378,1.002458578300374,9.358,53891236,9.232875,1.0018106727971843,9.231508422501568,1.00166239266525,83.727034120735,45.55126613896362,100.0,88.6273758280739
2010-10-15 14:00:00,AAPL,9.412,1.0020227829234536,9.35,1.0011778563015312,9.396,1.0019193857965452,9.38,77478828,9.250250000000001,1.0018818623668144,9.247174287025228,1.0015487361223052,82.92011019283761,46.01547905186748,100.0,89.63266683336491
2010-10-15 15:00:00,AAPL,9.537,1.0132809179770506,9.362,1.001283422459893,9.522,1.0134099616858236,9.399,200274256,9.27675,1.0028647874381773,9.273348164451397,1.0024970313722759,78.76712328767144,46.855490075497,100.0,91.16705836775644
2010-10-15 16:00:00,AAPL,9.567,1.0031456432840515,9.286,0.9918820764793846,9.551,1.0030455786599455,9.527,30766652,9.302499999999998,1.0027757565957904,9.299791196408407,1.0024837573943899,87.68472906403963,47.584876740783,100.0,92.33107953177762
2010-10-15 17:00:00,AAPL,9.569,1.0002090519494096,9.397,1.0119534783545123,9.537,0.9985341849021045,9.555,3749592,9.3218125,1.0020760548239722,9.322382511036178,1.0021373298614544,91.01654846335691,48.151801369211114,96.2264150943398,94.3436581481298
2010-10-15 18:00:00,AAPL,9.581,1.0012540495349564,9.5,1.0109609449824413,9.566,1.0030407885079164,9.539,3256680,9.3436875,1.0023466466419486,9.34558417665178,1.0025501131514691,87.90697674418612,48.60559935850577,100.0,94.39656820103991
2010-10-15 19:00:00,AAPL,9.59,1.0009393591483144,9.54,1.0042105263157894,9.566,1.0,9.571,867776,9.3663125,1.0024214208790694,9.366576159827801,1.0024496388420312,88.52097130242834,48.98041169648284,100.0,94.3965682010399
2010-10-18 04:00:00,AAPL,9.594,1.0004171011470282,9.566,1.0027253668763105,9.581,1.0015680535228935,9.585,27720,9.3894375,1.002468954564563,9.38699747793944,1.002208444138442,92.60969976905349,49.29542043489562,100.0,94.74199134439053
2010-10-18 05:00:00,AAPL,9.561,0.9965603502188869,9.489,0.9919506585824797,9.548,0.9965556831228474,9.508,7280,9.410125,1.002203273625284,9.402331051469016,1.0013731974326487,96.51972157772647,49.194401527290786,91.77057356608492,94.97564727365199
2010-10-18 06:00:00,AAPL,9.567,1.0006275494195167,9.525,1.0037938665823585,9.554,1.0006284038542104,9.545,17080,9.4324375,1.0023711162179036,9.416775713233871,1.0007067614121885,87.87878787878823,48.85208311109919,93.26683291770593,95.28596246795286
2010-10-18 07:00:00,AAPL,9.606,1.0040765130134839,9.526,1.0001049868766403,9.557,1.0003140046054009,9.557,1591828,9.456000000000001,1.0024980287438958,9.430130407211598,0.9997554086323495,87.06199460916478,48.549005013858164,92.79279279279305,95.32839620603875
2010-10-18 08:00:00,AAPL,9.685,1.0082240266500104,9.539,1.0013646861221919,9.638,1.0084754630114052,9.566,17750376,9.480375,1.002577728426396,9.449927511286683,0.999357816337424,86.32478632478671,48.32120728755054,100.0,96.57638332359112
2010-10-18 09:00:00,AAPL,9.658,0.9972121837893649,9.487,0.9945486948317435,9.594,0.9954347374974061,9.64,206801644,9.5000625,1.0020766583600331,9.463648700687951,0.9982356922260934,87.30158730158765,47.91497728091232,86.90476190476177,97.80965440980339
2010-10-18 10:00:00,AAPL,9.624,0.9964796024021537,9.542,1.0057974069779698,9.576,0.9981238273921202,9.598,136901268,9.5171875,1.001802619719607,9.474348824431956,0.9972933151157644,78.3847980997625,47.36893864546663,78.0918727915196,96.59253623155446
2010-10-18 11:00:00,AAPL,9.596,0.9970906068162926,9.537,0.9994760008383987,9.562,0.9985380116959063,9.581,89527228,9.530062500000001,1.0013528156296176,9.482696555438435,0.9963759309605317,73.79807692307716,46.58763763627335,73.1448763250881,95.10058491628158
2010-10-18 12:00:00,AAPL,9.59,0.9993747394747812,9.508,0.9969592114920833,9.528,0.9964442585233216,9.566,82716424,9.540875000000002,1.0011345675854697,9.487011169206204,0.9954825762376902,70.14563106796112,45.53103864248073,57.69230769230788,92.75015756585424
2010-10-18 13:00:00,AAPL,9.564,0.997288842544317,9.491,0.9982120319730754,9.511,0.9982157850545759,9.531,91667492,9.5491875,1.0008712513265292,9.489295819757993,0.9945938731780881,50.93750000000004,44.213015742292875,47.52066115702432,89.83463874124448
2010-10-18 14:00:00,AAPL,9.576,1.001254705144291,9.489,0.9997892740490992,9.54,1.0030491010409,9.513,111214964,9.5581875,1.0009424885625087,9.494124789304852,0.9942337805499003,43.506493506493314,42.697741339722505,22.834645669291152,85.56920777282868
2010-10-18 15:00:00,AAPL,9.634,1.0060568086883876,9.525,1.0037938665823585,9.612,1.0075471698113208,9.543,180718440,9.5638125,1.0005885006963924,9.505350999847247,0.994472121398251,50.46439628482947,40.93186804572292,79.52755905511837,84.43184994255748
2010-10-18 16:00:00,AAPL,9.642,1.0008303923603903,8.837,0.927769028871391,9.005,0.9368497711194341,9.617,80769556,9.5296875,0.9964318622934107,9.457698523671318,0.9889046364795754,56.284153005464404,37.205373159892886,0.0,78.87629438700192
2010-10-18 17:00:00,AAPL,9.635,0.999274009541589,8.965,1.0144845535815321,9.094,1.0098833981121598,9.008,67648952,9.501999999999999,0.9970946056730611,9.423060569035954,0.9888110779116266,21.17163412127438,33.29719847029619,14.060031595576424,74.10185169786729
2010-10-18 18:00:00,AAPL,9.627,0.9991696938245979,9.037,1.00803123257111,9.067,0.9970310094567848,9.092,7717416,9.4708125,0.9967177962534204,9.389150038651577,0.9881235570039547,26.743075453677136,31.039214855061942,9.79462875197464,69.09044218408812
2010-10-18 19:00:00,AAPL,9.08,0.9431806377895502,8.995,0.9953524399690161,9.025,0.995367817359656,9.068,4315052,9.437,0.9964298205671372,9.354469082589521,0.9877155822258673,26.89721421709892,30.046584081455432,3.159557661927267,63.92006121562075
2010-10-19 04:00:00,AAPL,9.171,1.010022026431718,9.062,1.0074485825458588,9.11,1.0094182825484763,9.102,172200,9.407562500000001,0.9968806294373214,9.33118631281909,0.9887873596290231,25.44103992571955,29.761906546270556,16.587677725118294,59.286043311460645
2010-10-19 05:00:00,AAPL,9.164,0.9992367244575292,9.11,1.0052968439638048,9.145,1.00384193194292,9.142,160216,9.382375000000001,0.9973226327223444,9.313454283026797,0.989996535556027,30.71613459879198,29.886363118664455,22.11690363349115,54.959204624432374
2010-10-19 06:00:00,AAPL,9.15,0.9984722828459189,9.104,0.9993413830954995,9.137,0.9991252050300712,9.139,246736,9.3563125,0.9972221852142978,9.296649113214722,0.9908630931096573,27.852650494159874,30.320123307469252,20.853080568720358,50.56215354491684
2010-10-19 07:00:00,AAPL,9.162,1.001311475409836,9.042,0.9931898066783832,9.1,0.9959505308087993,9.129,2612064,9.327749999999998,0.9969472481813747,9.277920626241892,0.9916214989871162,28.783658310120686,31.08496440113167,15.00789889415466,46.29756050758738
2010-10-19 08:00:00,AAPL,9.342,1.0196463654223968,9.071,1.0032072550320725,9.224,1.0136263736263738,9.103,50906968,9.301874999999999,0.9972260191364478,9.272785328504568,0.9941074030183668,28.28467153284663,31.87071231215043,36.07907742998347,43.12046298049169
2010-10-19 09:00:00,AAPL,9.325,0.9981802611860414,9.056,0.9983463785690662,9.297,1.007914137033825,9.228,293021568,9.283312499999997,0.9980044345898003,9.27509148769461,0.9971206329578296,35.98673300165838,32.622364604756356,48.105436573311394,40.63783207940938
2010-10-19 10:00:00,AAPL,9.499,1.0186595174262736,9.255,1.0219743816254419,9.424,1.0136603205335053,9.301,287652736,9.2738125,0.9989766583856788,9.289273250771313,1.0006420930859878,40.72289156626506,33.011780268629984,69.02800658978569,38.91716577884193
2010-10-19 11:00:00,AAPL,9.457,0.9955784819454679,9.34,1.0091842247433818,9.424,1.0,9.428,127991080,9.265187500000001,0.9990699617875606,9.302104369745473,1.0030507269524236,46.78966789667897,33.13004312811505,69.02800658978569,37.9240127057877
2010-10-19 12:00:00,AAPL,9.467,1.0010574177857672,9.389,1.0052462526766595,9.435,1.0011672325976233,9.429,68614700,9.259375,0.9993726516597747,9.314761096436381,1.005350522742943,45.625942684766216,33.00894921362216,70.84019769357499,37.521141867013
2010-10-19 13:00:00,AAPL,9.449,0.9980986584979401,9.317,0.9923314516987966,9.344,0.9903550609432962,9.439,86089920,9.2489375,0.9988727640904489,9.31754575391863,1.006282362893676,43.00395256916996,32.760613454616504,55.848434925864744,36.56022845594503
2010-10-19 14:00:00,AAPL,9.382,0.9929093025717007,9.257,0.993560158849415,9.34,0.9995719178082192,9.347,138235552,9.2364375,0.9986484934080265,9.319684253545427,1.0076491763021889,72.63017356475295,32.48951869939717,55.18945634266877,36.421181158742854
2010-10-19 15:00:00,AAPL,9.375,0.9992538904284801,9.246,0.998811710057254,9.362,1.002355460385439,9.345,138011188,9.2208125,0.9983083304574951,9.323714324636338,1.0094491869442455,68.52409638554221,32.30164489204769,83.02325581395338,38.39354752857224
2010-10-19 16:00:00,AAPL,9.376,1.0001066666666667,9.278,1.0034609560891197,9.333,0.9969023712881863,9.365,12091996,9.2413125,1.0022232314126331,9.324598674670973,1.0112556431085626,72.38239757207887,31.626534560225736,75.12195121951213,41.29839783691785
2010-10-19 17:00:00,AAPL,9.349,0.9971203071672355,9.291,1.001401164043975,9.308,0.9973213329047466,9.339,1525216,9.2546875,1.0014473052393802,9.323017848511832,1.0088413143167523,73.83900928792565,30.538260878926565,69.02439024390229,40.71488845851697
2010-10-19 18:00:00,AAPL,9.37,1.0022462295432666,9.288,0.9996771068776235,9.308,1.0,9.314,1578444,9.269749999999998,1.0016275536045922,9.321587577224989,1.0072287775492137,66.8941979522184,29.076036320011067,69.02439024390229,44.54957680540043
2010-10-19 19:00:00,AAPL,9.324,0.9950907150480257,9.252,0.9961240310077519,9.272,0.996132359260851,9.306,2017792,9.285187499999997,1.0016653631435584,9.316864950822609,1.0050826560395492,64.79128856624317,27.30266083445073,51.3432835820896,46.62086858242893
2010-10-20 04:00:00,AAPL,9.373,1.0052552552552552,9.324,1.0077821011673151,9.339,1.0072260569456428,9.342,22400,9.299499999999998,1.0015414336005601,9.318973050744265,1.003638650349739,61.658031088082836,25.346088603984242,71.3432835820896,50.0402382952131
2010-10-20 05:00:00,AAPL,9.366,0.9992531740104555,9.326,1.0002145002145002,9.341,1.0002141556911874,9.353,36652,9.311749999999998,1.0013172751223185,9.321070855435288,1.0023195715291455,69.62233169129722,23.248431804492558,71.9402985074624,53.861390564409504
2010-10-20 06:00:00,AAPL,9.37,1.0004270766602605,9.312,0.9984988205018227,9.342,1.0001070549191737,9.353,99036,9.324562500000003,1.0013759497409191,9.323064107298594,1.0012150355517058,62.012320328542,21.053064055074984,72.23880597014933,56.95311991135567
2010-10-20 07:00:00,AAPL,9.379,1.0009605122732124,9.317,1.0005369415807561,9.357,1.0016056518946692,9.338,782656,9.340625,1.0017226009263165,9.326296097079679,1.000185917256673,55.42168674698793,18.70566801821552,63.03317535544973,59.226246118131144
2010-10-20 08:00:00,AAPL,9.383,1.0004264846998614,9.297,0.9978533862831384,9.335,0.99764881906594,9.357,6487208,9.3475625,1.000742723318836,9.327125040214948,0.998554704874133,38.94389438943895,16.559069369010576,38.65030674846657,60.214980905894826
2010-10-20 09:00:00,AAPL,9.409,1.0027709687733135,9.294,0.9996773152629881,9.338,1.0003213711837171,9.338,99887116,9.350124999999998,1.000274135636964,9.328160750670667,0.9979244054982962,36.307692307692484,14.695096275460386,40.490797546011564,61.630697497664656
2010-10-20 10:00:00,AAPL,9.39,0.9979806568179402,9.263,0.9966645147406928,9.361,1.0024630541871922,9.342,124793676,9.3461875,0.999578882635259,9.331288298225841,0.9979854064224641,34.70031545741287,13.115526538827263,54.6012269938652,62.6597058067692
2010-10-20 11:00:00,AAPL,9.491,1.0107561235356761,9.332,1.0074489906077946,9.448,1.0092938788590962,9.366,113155504,9.3476875,1.0001604932492527,9.342403698394808,0.9995951502572368,53.41365461847418,11.757805871565532,100.0,65.54273710825188
2010-10-20 12:00:00,AAPL,9.514,1.0024233484353597,9.43,1.0105015002143163,9.457,1.000952582557155,9.45,74037544,9.349062499999999,1.0001470952040277,9.353317631881016,1.0006023021074482,66.26506024096406,10.568338794496904,100.0,67.26340340881936
2010-10-20 13:00:00,AAPL,9.489,0.9973722934622663,9.419,0.9988335100742313,9.441,0.9983081315427725,9.461,56033684,9.355125,1.0006484607413846,9.361668333606634,1.0013483526938274,64.89028213166168,9.402801710424049,91.35135135135137,68.50358922890635
2010-10-20 14:00:00,AAPL,9.481,0.9991569185372535,9.394,0.9973457904236118,9.441,1.0,9.445,100759400,9.3614375,1.0006747638326585,9.369223730406002,1.0015070595428712,67.64705882352965,8.407234945106472,91.35135135135137,69.64309776544948
2010-10-20 15:00:00,AAPL,9.474,0.9992616812572513,9.355,0.9958484138812008,9.388,0.9943861879038237,9.444,118929356,9.3630625,1.0001735844521742,9.371011946557811,1.0010227538834513,73.66548042704667,7.64677922361939,62.70270270270235,70.02389041971823
2010-10-20 16:00:00,AAPL,9.47,0.9995777918513827,9.362,1.0007482629609834,9.405,1.001810822326374,9.389,9764804,9.3675625,1.0004806119792535,9.374248904028496,1.0011947377290813,61.9760479041917,7.08607517102688,71.89189189189122,70.95180350578613
2010-10-20 17:00:00,AAPL,9.419,0.9946145723336853,9.367,1.00053407391583,9.386,0.997979797979798,9.406,1602804,9.3724375,1.0005204128608696,9.375368056025783,1.000833253690678,71.11111111111113,6.6959147560673795,61.62162162162091,69.76282382843434
2010-10-20 18:00:00,AAPL,9.409,0.9989383161694447,9.355,0.9987189068004697,9.37,0.9982953334753889,9.394,1317652,9.376312500000001,1.0004134463420002,9.374856812594755,1.0002581305657952,58.80149812734068,6.375993392091968,52.97297297297228,68.53232503695989
2010-10-20 19:00:00,AAPL,9.399,0.9989371877989157,9.356,1.000106894708712,9.384,1.001494130202775,9.377,870828,9.383312499999999,1.0007465621479656,9.375727592347635,0.9999376185838126,55.16014234875445,6.214884861539769,40.163934426229126,66.9289663804225
2010-10-20 20:00:00,AAPL,9.47,1.0075539951058625,9.442,1.0091919623770842,9.457,1.007779198635976,9.46,1181600,9.390687499999999,1.0007859697734676,9.38346782164786,1.0000165529654759,57.14285714285714,6.243803592291176,100.0,68.64983358909458
2010-10-21 04:00:00,AAPL,9.484,1.0014783526927138,9.433,0.999046812116077,9.47,1.0013746431214974,9.451,8400,9.398750000000001,1.0008585633373492,9.391708981490922,1.0001087760071798,64.20454545454564,6.438183548636522,100.0,71.35298450120072
2010-10-21 05:00:00,AAPL,9.456,0.9970476592155209,9.42,0.9986218594296619,9.435,0.9963041182682154,9.444,28000,9.4045625,1.0006184333023007,9.395831935634643,0.9996895263343148,69.67930029154506,6.757999763773646,74.07407407407393,71.50469508408872
2010-10-21 06:00:00,AAPL,9.461,1.0005287648054146,9.418,0.9997876857749468,9.448,1.001377848436672,9.436,48944,9.410250000000001,1.0006047596578789,9.400800322717057,0.9995999625412725,62.93333333333339,7.159791413671541,83.7037037037035,72.15821759499102
2010-10-21 07:00:00,AAPL,9.506,1.0047563682485996,9.424,1.0006370779358675,9.477,1.003069432684166,9.451,865340,9.419125000000001,1.000943120533461,9.408057434839243,0.9997670024536268,61.917808219177985,7.794875205920998,100.0,73.70050615220494
2010-10-21 08:00:00,AAPL,9.485,0.9977908689248894,9.373,0.9945882852292021,9.468,0.9990503323836657,9.46,5585188,9.42725,1.0008626066646318,9.41376625056884,0.9994310777878878,54.72312703583057,8.382322720709967,92.24137931034451,75.3231841496991
2010-10-21 09:00:00,AAPL,9.529,1.0046389035318926,9.391,1.0019204096874001,9.484,1.0016899028305872,9.471,94339448,9.434937500000002,1.0008154551963724,9.420455179086092,0.9992792361596533,51.791530944625265,9.140095108463859,100.0,78.73150044145095
2010-10-21 10:00:00,AAPL,9.515,0.9985308007136111,9.429,1.0040464274305185,9.458,0.9972585407001265,9.484,89771612,9.435562500000001,1.0000662431521141,9.424030876315989,0.998844017389197,57.00325732899005,9.766602970862786,77.19298245614068,80.77051071423591
2010-10-21 11:00:00,AAPL,9.485,0.9968470835522858,9.36,0.9926821508113267,9.404,0.9942905476844999,9.461,80687964,9.43225,0.9996489345494769,9.422123173809705,0.9985756730252917,52.55255255255246,9.979290305586847,29.824561403509183,79.39402929254946
2010-10-21 12:00:00,AAPL,9.419,0.9930416447021614,9.328,0.9965811965811966,9.378,0.997235219055721,9.407,50753192,9.4283125,0.9995825492326859,9.41792096678021,0.9984808467523879,52.39520958083831,9.78931063728759,7.0175438596498605,74.22833728475224
2010-10-21 13:00:00,AAPL,9.41,0.9990444845525003,9.268,0.9935677530017154,9.294,0.9910428662827896,9.382,58895312,9.419125,0.9990255414211184,9.406118969943998,0.9976460761078929,46.064139941691096,9.17183222709226,0.0,68.67278172919667
2010-10-21 14:00:00,AAPL,9.36,0.9946865037194473,9.261,0.9992447129909364,9.343,1.0052722186356788,9.299,71600816,9.4163125,0.9997014053853198,9.400107639473141,0.9979809843773325,38.72549019607862,8.33267832761969,25.789473684210325,65.03045519213329
2010-10-21 15:00:00,AAPL,9.384,1.0025641025641026,9.312,1.0055069646906383,9.354,1.0011773520282563,9.347,72344020,9.413125,0.9996614916932718,9.395716435713796,0.9978127250676734,46.93877551020417,7.4040079654383915,31.57894736842046,61.709766081970464
2010-10-21 16:00:00,AAPL,9.413,1.0030903665814153,9.306,0.9993556701030928,9.321,0.9964720974983965,9.36,12534620,9.4090625,0.9995684217515436,9.388600584693434,0.997394657427096,46.57534246575329,6.575905933144286,14.210526315789114,59.0157562826975
2010-10-21 17:00:00,AAPL,9.401,0.998725167321789,9.3,0.9993552546744038,9.329,1.0008582770089047,9.328,1214668,9.4065,0.9997276561825368,9.382924338532154,0.9972220227607326,32.914572864321386,5.90913674324492,18.42105263157907,56.04515410156906
2010-10-21 18:00:00,AAPL,9.371,0.9968088501223275,9.302,1.0002150537634407,9.324,0.999464036874263,9.333,371224,9.402750000000001,0.9996013394992825,9.377312496767187,0.9968970920924028,32.06106870229003,5.3763635082187795,15.78947368421023,53.49892366060179
2010-10-21 19:00:00,AAPL,9.341,0.9967986340838757,9.249,0.9943023005805204,9.274,0.9946374946374945,9.332,3285268,9.391312500000002,0.9987836005423946,9.367473211360789,0.9962482477318644,34.71074380165278,5.325853187919187,0.0,50.55598071765889
2010-10-22 05:00:00,AAPL,9.294,0.9949684187988439,9.267,1.001946156341226,9.282,1.0008626266982965,9.285,22400,9.379562500000002,0.9987488436786659,9.359332905516904,0.996594768358193,28.249999999999872,5.670988271318041,3.8095238095242205,48.536291238953055
2010-10-22 07:00:00,AAPL,9.346,1.0055950075317408,9.291,1.0025898348980253,9.333,1.0054945054945055,9.309,180264,9.3731875,0.9993203307723573,9.35682500975339,0.9975758474612635,24.27440633245388,6.115466370330694,28.095238095238482,44.54158224424409
2010-10-22 08:00:00,AAPL,9.361,1.0016049646907768,9.3,1.0009686793671295,9.342,1.0009643201542913,9.333,2682344,9.3665625,0.9992931966846924,9.35541310406259,0.9981036978149205,33.966745843230484,6.591757786029244,32.38095238095291,40.78496848763036
2010-10-22 09:00:00,AAPL,9.394,1.0035252643948296,9.292,0.9991397849462365,9.323,0.9979661742667523,9.345,63785680,9.3569375,0.9989724085009842,9.352326141770915,0.9984800872007115,32.85024154589384,7.145369959037178,23.33333333333384,37.96603844647812
2010-10-22 10:00:00,AAPL,9.373,0.9977645305514157,9.271,0.9977399913904434,9.346,1.0024670170545962,9.327,68166392,9.349312500000002,0.999185096619487,9.351723652078446,0.9994427826496057,33.415233415233516,7.672656469816763,34.2857142857146,35.220594589923195
2010-10-22 11:00:00,AAPL,9.37,0.9996799317187667,9.303,1.0034516233416029,9.318,0.9970040659105499,9.348,41555780,9.3389375,0.9988902927354283,9.348511875690024,0.999914365434894,42.28723404255324,8.31969937727847,23.913043478260995,30.99354144982658
2010-10-22 12:00:00,AAPL,9.347,0.9975453575240129,9.298,0.9994625389659249,9.318,1.0,9.322,30763628,9.330187500000001,0.9990630625807273,9.345605982767164,1.0007140515467807,42.06349206349204,9.06813037466043,33.84615384615402,27.749362257371555
2010-10-22 13:00:00,AAPL,9.34,0.9992510966085375,9.282,0.99827919982792,9.3,0.9980682549903414,9.32,31270568,9.323687500000002,0.9993033366156898,9.341262555836959,1.001187013212431,54.08163265306104,9.750562190485303,25.000000000001283,23.58269559070496
2010-10-22 14:00:00,AAPL,9.355,1.0016059957173449,9.282,1.0,9.321,1.002258064516129,9.304,38722964,9.320124999999999,0.9996179086868793,9.33933278861439,1.0016780151216338,41.8250950570344,10.231797673552515,58.750000000000696,22.55808545425274
2010-10-22 15:00:00,AAPL,9.34,0.9983965793693211,9.246,0.9961215255332903,9.308,0.99860529986053,9.324,74378668,9.321,1.0000938828610133,9.336348713508258,1.001740718446186,43.956043956044084,10.47587686771178,42.50000000000083,23.262276487391166
2010-10-22 16:00:00,AAPL,9.363,1.0024625267665952,9.275,1.0031364914557646,9.296,0.9987107864202835,9.309,14339388,9.3180625,0.9996848514107929,9.332505978888424,1.0012344146431096,47.43083003952573,10.416207905386091,27.500000000000277,24.400190717410634
2010-10-22 17:00:00,AAPL,9.321,0.9955142582505607,9.28,1.0005390835579513,9.302,1.000645438898451,9.301,627732,9.314812499999999,0.9996512150460461,9.329600647565716,1.0012382560822828,43.579766536964776,10.199291398337191,38.88888888888903,26.560684544571135
2010-10-22 18:00:00,AAPL,9.311,0.9989271537388692,9.252,0.9969827586206897,9.269,0.9964523758331543,9.3,1157632,9.311562499999999,0.9996510933526574,9.323829157321363,1.0009679912849951,45.7364341085271,10.037399627794287,0.0,25.127936006559448
2010-10-22 19:00:00,AAPL,9.311,1.0,9.253,1.000108084738435,9.298,1.0031287085985543,9.273,1471652,9.309624999999999,0.9997919253616135,9.321369237576471,1.001053178516116,48.962655601659954,9.90214204690924,37.66233766233757,25.465902133999286
2010-10-25 04:00:00,AAPL,9.363,1.0055847921812908,9.237,0.9982708310818112,9.347,1.005269950526995,9.255,81760,9.311062499999998,1.0001544100863353,9.323810262569188,1.001523720082086,53.053435114503834,9.63660164292645,100.0,30.23198400534434
2010-10-25 05:00:00,AAPL,9.362,0.9998931966250134,9.327,1.0097434231893472,9.349,1.0002139723975607,9.35,39200,9.31575,1.0005034334158964,9.326209285181648,1.0016267515314874,52.69230769230758,9.08892511875856,100.0,34.76414774803439
2010-10-25 06:00:00,AAPL,9.354,0.999145481734672,9.321,0.9993567063364426,9.337,0.9987164402609904,9.344,19600,9.319187499999998,1.000368998738695,9.327236972307205,1.0012330700488103,51.38339920948611,8.341156813881724,84.99999999999945,38.60917698780045
2010-10-25 07:00:00,AAPL,9.38,1.0027795595467182,9.314,0.9992490076172085,9.342,1.0005355039091786,9.353,596148,9.319749999999999,1.0000603593392665,9.328642974944614,1.0010146243913018,52.84552845528443,7.568490581187311,91.25000000000041,43.678621432244924
2010-10-25 08:00:00,AAPL,9.363,0.99818763326226,9.296,0.9980674253811466,9.337,0.9994647827017769,9.348,3225320,9.3194375,0.9999664690576464,9.329438882092747,1.0010396075101529,49.122807017543956,6.912115171265204,84.99999999999945,48.18920344282688
2010-10-25 09:00:00,AAPL,9.434,1.0075830396240522,9.31,1.0015060240963856,9.395,1.006211845346471,9.34,75213404,9.3239375,1.0004828617607018,9.335682798083914,1.0017431629413165,54.63414634146345,6.173023394929247,100.0,52.18391243753585
2010-10-25 10:00:00,AAPL,9.426,0.9991520033919865,9.345,1.0037593984962405,9.365,0.9968068121341139,9.398,89145784,9.325125000000002,1.000127360356073,9.338474912552112,1.0015591495065377,64.63878326996198,5.59891137007564,76.19047619047659,54.617774871398275
2010-10-25 11:00:00,AAPL,9.398,0.9970294928920008,9.328,0.9981808453718565,9.375,1.00106780565937,9.369,37824332,9.328687500000001,1.0003820324124342,9.341953492309052,1.001804639863707,61.818181818181706,5.226471869695447,84.1269841269844,57.99519991548997
2010-10-25 12:00:00,AAPL,9.394,0.9995743775271335,9.344,1.0017152658662092,9.367,0.9991466666666667,9.377,19799136,9.33175,1.0003282884114189,9.344338873993905,1.0016777680669338,60.22727272727274,5.037896242843254,77.77777777777872,60.4114256650491
2010-10-25 13:00:00,AAPL,9.407,1.0013838620395998,9.349,1.000535102739726,9.386,1.0020283975659228,9.37,23980096,9.337124999999999,1.0005759905698286,9.3483066002802,1.0017742224427573,61.38996138996158,5.113850604378449,92.85714285714255,64.24165340832029
2010-10-25 14:00:00,AAPL,9.409,1.000212607632614,9.354,1.0005348165579204,9.379,0.9992542083954826,9.389,31533180,9.340749999999998,1.0003882351366185,9.351229781205895,1.0015106128712956,66.9172932330828,5.348170288537023,87.30158730158723,67.21139971139992
2010-10-25 15:00:00,AAPL,9.399,0.9989371877989157,9.319,0.9962582852255721,9.337,0.9955219106514553,9.382,77131516,9.3425625,1.000194042234296,9.349874563948191,1.000976855600267,64.41947565543083,5.709741326013886,53.968253968253904,68.82074715408062
2010-10-25 16:00:00,AAPL,9.39,0.9990424513246091,9.314,0.9994634617448224,9.334,0.9996786976544929,9.34,19751032,9.344937499999999,1.0002542129100018,9.348362700715029,1.000620836169416,62.31884057971016,6.058247703790511,51.58730158730142,68.42281946448622
2010-10-25 17:00:00,AAPL,9.35,0.9957401490947816,9.318,1.0004294610264117,9.333,0.9998928647953719,9.337,165116,9.346875,1.000207331509708,9.346899586361216,1.0002099624915861,57.19999999999997,6.392478072217587,50.79365079365106,68.88357784191123
2010-10-25 18:00:00,AAPL,9.35,1.0,9.282,0.9961365099806826,9.3,0.9964641594342656,9.338,2298576,9.348812500000001,1.0002072885322635,9.34243295908872,0.9995247565725143,46.534653465346665,6.674385382003565,2.061855670103791,67.47034760136142
2010-10-25 19:00:00,AAPL,9.313,0.9960427807486633,9.256,0.9971988795518207,9.281,0.9979569892473118,9.303,5204808,9.347750000000001,0.9998863492021046,9.33658220108027,0.9986917804887273,39.48497854077251,6.791356517170966,0.0,65.30985377420092
2010-10-26 04:00:00,AAPL,9.31,0.9996778696445828,9.279,1.0024848746758859,9.293,1.0012929641202455,9.301,8400,9.344375000000001,0.9996389505495975,9.332431515263101,0.9983612650384424,38.33333333333334,6.641848008380214,10.526315789472617,65.89464909583829
2010-10-26 05:00:00,AAPL,9.3,0.9989258861439313,9.262,0.9981679060243561,9.287,0.9993543527386206,9.28,8400,9.3405,0.9995853120192628,9.328104704285662,0.9982588139159292,40.080971659918546,6.1991562246604905,5.2631578947370885,64.09469466430494
2010-10-26 06:00:00,AAPL,9.31,1.0010752688172042,9.273,1.001187648456057,9.289,1.000215354797028,9.3,19600,9.3375,0.9996788180504256,9.324380446734647,0.9982742301519884,39.91935483870957,5.598012353144333,7.017543859648412,58.92900265650761
2010-10-26 07:00:00,AAPL,9.325,1.0016111707841029,9.274,1.0001078399654912,9.289,1.0,9.293,227640,9.334187499999999,0.9996452476572957,9.321010880378966,0.9982340969616027,22.395833333332106,5.0197159999199314,7.017543859648412,53.76331064871031
2010-10-26 08:00:00,AAPL,9.321,0.9995710455764075,9.264,0.9989217166271296,9.292,1.0003229626439876,9.3,1437772,9.331374999999998,0.9996986882896877,9.318247939390492,0.9982923462155108,26.54320987654188,4.663321265464491,9.649122807016957,49.57715080465572
2010-10-26 09:00:00,AAPL,9.307,0.998498015234417,9.226,0.9958981001727117,9.264,0.9969866551872578,9.295,76429556,9.323187500000001,0.9991225837564136,9.313081468972351,0.9980395674777139,23.225806451611504,5.0143214013432615,0.0,44.50770636021125
2010-10-26 10:00:00,AAPL,9.364,1.006124422477705,9.247,1.002276176024279,9.343,1.0085276338514682,9.265,91715036,9.3218125,0.9998525182508663,9.315930852879745,0.9992216559926252,20.57142857142705,5.637625643800989,64.75409836065631,43.382934046914414
2010-10-26 11:00:00,AAPL,9.377,1.001388295600171,9.305,1.0062723045311992,9.354,1.0011773520282563,9.346,48431292,9.3205,0.999859201201483,9.319556485938818,0.9997579854710463,40.85106382978722,6.324388143053474,73.77049180327865,41.925739147096564
2010-10-26 12:00:00,AAPL,9.373,0.9995734243361415,9.318,1.0013970983342289,9.343,0.9988240324994655,9.358,26278448,9.319,0.9998390644278742,9.321789201563693,1.0001383189274924,44.76987447698727,7.052183506703878,64.75409836065631,41.290384823217664
2010-10-26 13:00:00,AAPL,9.365,0.9991464845833778,9.281,0.9960291908134794,9.305,0.9959327839023868,9.347,40864544,9.3139375,0.9994567550166326,9.3201902299862,1.000127720784011,51.44230769230778,8.027416458045035,35.65217391304373,38.59733981133208
2010-10-26 14:00:00,AAPL,9.34,0.997330485851575,9.28,0.9998922529899794,9.312,1.0007522837184308,9.306,29294524,9.309750000000001,0.9995504049710449,9.31941020808275,1.0005875826504902,44.03292181069948,9.193716427080503,53.333333333333464,37.239315119973995
2010-10-26 15:00:00,AAPL,9.338,0.9997858672376873,9.283,1.000323275862069,9.314,1.0002147766323024,9.316,49998536,9.308312500000001,0.9998455919868955,9.318894950170108,1.0009822981465784,45.783132530120234,10.3553689939212,55.55555555555643,35.167004714330325
2010-10-26 16:00:00,AAPL,9.36,1.0023559648747056,9.259,0.9974146288915222,9.294,0.9978526948679408,9.317,18686836,9.305812500000002,0.9997314228545723,9.316524002534859,1.000882168764194,53.211009174311826,11.445754993891033,33.33333333333465,32.16876838276073
2010-10-26 17:00:00,AAPL,9.304,0.9940170940170941,9.263,1.0004320120963386,9.287,0.9992468259091888,9.289,2447592,9.302937500000002,0.9996910533067371,9.313712192769634,1.0008488987683377,52.9680365296804,12.464715720390787,25.555555555557223,30.590285137610927
2010-10-26 18:00:00,AAPL,9.326,1.0023645743766123,9.265,1.0002159127712404,9.301,1.0015074835791966,9.291,1387904,9.303,1.0000067183080612,9.312501507743955,1.0010280632051922,48.59813084112184,13.151187359100707,41.11111111111207,30.0082745556004
2010-10-26 19:00:00,AAPL,9.312,0.9984988205018227,9.268,1.0003237992444685,9.288,0.9986023008278679,9.302,2061304,9.3034375,1.0000470278404814,9.310168030815959,1.0007705074509252,53.153153153153035,13.465416819986352,26.66666666666772,28.667886548545773
2010-10-27 05:00:00,AAPL,9.311,0.9998926116838489,9.282,1.0015105740181267,9.297,1.000968992248062,9.302,11200,9.303687500000002,1.0000268717879819,9.30891393264301,1.000588646147514,49.785407725322,13.48048763563551,36.666666666668114,30.5903760483549
2010-10-27 07:00:00,AAPL,9.318,1.0007517989474815,9.25,0.9965524671407024,9.27,0.9970958373668924,9.3,526960,9.302625000000003,0.999885797969891,9.305207843819867,1.0001634130359456,51.652892561983656,13.284829081383638,6.66666666666693,30.96074641872529
2010-10-27 08:00:00,AAPL,9.363,1.004829362524147,9.249,0.999891891891892,9.323,1.0057173678532902,9.273,6998124,9.304750000000002,1.0002284301474045,9.306902334884642,1.000459798700328,45.86466165413529,12.748470136870942,65.55555555555682,34.017926405729966
2010-10-27 09:00:00,AAPL,9.382,1.0020292641247464,9.261,1.0012974375608172,9.315,0.9991419071114447,9.323,75817364,9.306375000000001,1.0001746419839328,9.307673541086105,1.0003141987786994,60.13745704467371,11.943581485392059,56.66666666666693,36.873676893059404
2010-10-27 10:00:00,AAPL,9.337,0.9952035813259433,9.241,0.9978404060036714,9.257,0.9937734836285561,9.32,71109500,9.3041875,0.9997649460719129,9.302847489554095,0.9996209576289472,43.63636363636354,10.99350091489276,0.0,36.48381334530116
2010-10-27 11:00:00,AAPL,9.294,0.9953946663810647,9.225,0.9982685856509036,9.272,1.001620395376472,9.263,52558912,9.3046875,1.0000537392437545,9.299909633406086,0.999540221368721,31.83520599250953,9.851422756370921,15.463917525773857,36.95305632675257
2010-10-27 12:00:00,AAPL,9.288,0.9993544222078761,9.238,1.001409214092141,9.258,0.9984900776531491,9.274,19935384,9.299375,0.9994290512174643,9.295918239748364,0.9990575438184639,36.9003690036902,8.842165853852336,1.03092783505098,36.4742677171989
2010-10-27 13:00:00,AAPL,9.3,1.0012919896640828,9.229,0.9990257631521974,9.285,1.0029163966299417,9.262,33652332,9.295062499999998,0.9995362591572013,9.294878407391376,0.9995164629226563,40.485829959514184,7.9969698625794345,32.558139534884155,38.28305324691469
2010-10-27 14:00:00,AAPL,9.314,1.001505376344086,9.25,1.0022754361252575,9.284,0.9998922994076468,9.288,35082208,9.291374999999999,0.9996032840015869,9.293842368592196,0.9998687333831481,44.94382022471933,7.224364221773303,40.90909090909201,36.95833061071667
2010-10-27 15:00:00,AAPL,9.324,1.0010736525660295,9.243,0.9992432432432433,9.303,1.0020465316673848,9.288,58635808,9.29125,0.9999865466628999,9.294714523964368,1.0003594219331766,44.360902255639296,6.421084869157139,69.69696969697067,36.73202382703289
2010-10-27 16:00:00,AAPL,9.321,0.9996782496782497,9.17,0.9921021313426376,9.262,0.9955928195205848,9.31,25764088,9.288124999999999,0.9996636620476254,9.29159885501538,1.0000375466180955,51.69811320754721,5.771469814928777,7.575757575758677,33.555449338983024
2010-10-27 17:00:00,AAPL,9.32,0.999892715373887,9.222,1.00567066521265,9.248,0.9984884474195637,9.261,12176836,9.284,0.999555884529978,9.287446583109153,0.9999269586820972,45.81939799331104,5.328315187996351,0.0,31.574773010480595
2010-10-27 18:00:00,AAPL,9.32,1.0,9.206,0.9982650184341791,9.225,0.9975129757785467,9.25,2793252,9.2796875,0.9995354911676001,9.28149928947971,0.9997306429857507,41.13712374581946,5.117689432121887,0.0,28.611810047517622
2010-10-27 19:00:00,AAPL,9.266,0.9942060085836909,9.209,1.0003258744297197,9.253,1.0030352303523036,9.228,2003792,9.277562499999998,0.9997710052197338,9.278785071434022,0.9999027522676839,39.805825242718555,5.090434338893115,28.57142857142883,27.11269188173276
2010-10-28 04:00:00,AAPL,9.271,1.0005396071659833,9.231,1.0023889673145836,9.258,1.0005403652869338,9.256,14000,9.274875,0.9997103226197616,9.276805540821258,0.9999184096923367,43.29268292682932,5.2897283374321455,33.67346938775431,27.13158832920052
2010-10-28 05:00:00,AAPL,9.296,1.0026965807356272,9.263,1.0034665800021667,9.282,1.0025923525599483,9.286,11200,9.2745,0.9999595681882505,9.277300251219234,1.00026148613531,48.03921568627446,5.539131182601221,58.16326530612239,28.94312775978747
2010-10-28 06:00:00,AAPL,9.294,0.9997848537005165,9.267,1.000431825542481,9.282,1.0,9.285,2800,9.2735625,0.9998989163836326,9.277747846341212,1.0003501909904806,42.5992779783394,5.823454543519595,58.16326530612239,29.89046965951027
2010-10-28 07:00:00,AAPL,9.293,0.9998924037013125,9.237,0.9967627063774686,9.269,0.9985994397759104,9.255,519680,9.2735,0.9999932604109801,9.27691471811824,1.0003614811587498,43.86617100371765,6.157042311436133,44.89795918367362,30.903319243788378
2010-10-28 08:00:00,AAPL,9.331,1.0040890993220704,9.24,1.0003247807729783,9.305,1.0038839141223432,9.274,7406168,9.272375,0.9998786865800399,9.279589506868884,1.0006566568036754,52.67857142857149,6.555402321911142,88.88888888888911,33.804553811689544
2010-10-28 09:00:00,AAPL,9.34,1.0009645268459972,9.219,0.9977272727272727,9.246,0.9936593229446535,9.308,69108536,9.268062500000001,0.9995349088016825,9.276390506214705,1.0004330612399417,56.73469387755084,7.136663908238506,26.25000000000097,34.89251677465255
2010-10-28 10:00:00,AAPL,9.289,0.9945396145610278,9.159,0.9934917019199481,9.186,0.9935107073329007,9.251,107816772,9.263625000000001,0.9995212052141427,9.267781886575209,0.999969722536421,47.931034482758854,8.008658911428817,0.0,31.2505414660105
2010-10-28 11:00:00,AAPL,9.228,0.9934330929055872,9.165,1.0006550933508023,9.188,1.0002177226213804,9.188,42276668,9.258375,0.9994332672145081,9.260183611663285,0.9996285052194237,34.67492260061918,9.025419677898276,1.6806722689081275,28.19576399946834
2010-10-28 12:00:00,AAPL,9.2,0.9969657563935846,9.097,0.9925804691762139,9.113,0.9918371789290378,9.19,68651716,9.249312499999998,0.9990211565204477,9.246166124838211,0.9986813155481618,35.18518518518525,10.377792965357548,0.0,28.19576399946834
2010-10-28 13:00:00,AAPL,9.204,1.000434782608696,9.083,0.998461031109157,9.176,1.0069132009217603,9.115,81157048,9.242499999999998,0.9992634587705842,9.239483636758381,0.9989373412086987,25.000000000000014,12.006652979752012,32.81250000000029,29.15957413692537
2010-10-28 14:00:00,AAPL,9.246,1.0045632333767927,9.158,1.0082571837498624,9.216,1.004359197907585,9.178,62858488,9.23825,0.9995401677035437,9.237247099924248,0.9994316580929673,39.30348258706471,13.663553484817093,53.64583333333316,32.08262444238549
2010-10-28 15:00:00,AAPL,9.277,1.0033528012113344,9.19,1.0034942127101987,9.228,1.0013020833333335,9.219,98051688,9.2335625,0.9994925987064649,9.236366423740987,0.9997961111402037,46.26168224299066,15.181817794699256,59.89583333333339,33.60138520896599
2010-10-28 16:00:00,AAPL,9.268,0.9990298587905575,9.192,1.0002176278563657,9.239,1.001192024273949,9.232,8746248,9.232125,0.9998443179433724,9.23661724052756,1.0003308301132483,50.35971223021584,16.358393328414966,65.62500000000058,34.97449126957203
2010-10-28 17:00:00,AAPL,9.254,0.998489425981873,9.211,1.0020670147954744,9.228,0.9988093949561639,9.242,676312,9.230875,0.9998646032197354,9.235796550953506,1.0003976929421456,48.25000000000009,17.25381193129319,59.89583333333339,34.4299836938144
2010-10-28 18:00:00,AAPL,9.241,0.9985952020747785,9.198,0.9985886440125936,9.216,0.9986996098829648,9.23,415436,9.2303125,0.9999390631982343,9.23391116514841,1.0003289141222702,46.30541871921194,17.909782364928258,53.64583333333316,36.98943234701298
2010-10-28 19:00:00,AAPL,9.235,0.9993507196190888,9.181,0.9981517721243748,9.219,1.0003255208333333,9.219,1838760,9.2281875,0.9997697802755866,9.232491054181894,1.0002360217145296,41.624365482233486,18.422339342170034,55.208333333333215,40.056561976642605
2010-10-29 05:00:00,AAPL,9.211,0.9974011911207364,9.159,0.997603746868533,9.184,0.9962034927866362,9.181,15400,9.223562499999998,0.999498818159037,9.227872858545522,0.9999659043062922,42.0654911838791,18.906300946422665,36.979166666666494,42.11096012479075
2010-10-29 06:00:00,AAPL,9.204,0.9992400390837043,9.159,1.0,9.191,1.0007621951219514,9.177,14000,9.217875,0.999383372747786,9.224361157731664,1.0000865888567099,39.85680190930787,19.4780295936636,40.625000000000576,42.780602981933626
2010-10-29 07:00:00,AAPL,9.206,1.0002172968274663,9.161,1.0002183644502673,9.193,1.000217604178,9.185,63980,9.2123125,0.999396552893156,9.22137438080484,1.0003796298826833,35.38461538461573,20.100033795542856,41.666666666666664,43.22466949742875
2010-10-29 08:00:00,AAPL,9.246,1.0043449923962635,9.17,1.0009824254993998,9.229,1.0039160230610247,9.199,2584232,9.209812499999998,0.9997286240561204,9.222100630251997,1.0010625052343805,42.04204204204205,20.476939243656567,60.41666666666644,43.349858461903416
2010-10-29 09:00:00,AAPL,9.261,1.0016223231667747,9.176,1.0006543075245367,9.203,0.9971827933687291,9.232,45562468,9.203437500000001,0.9993078034976286,9.22028152260895,1.0011367248365752,56.957928802588775,20.766086638156917,67.66917293233027,43.87796444113719
2010-10-29 10:00:00,AAPL,9.243,0.9980563654033043,9.135,0.9955318221447254,9.176,0.9970661740736717,9.206,59370556,9.199062499999998,0.9995246341380595,9.21606423474143,1.0013719585471654,52.25225225225204,21.083321073572588,50.0,44.16141115315531
2010-10-29 11:00:00,AAPL,9.192,0.9944823109380071,9.116,0.99792008757526,9.147,0.9968395815170009,9.177,50435168,9.196624999999997,0.9997350273465365,9.209486688575579,1.0011331794490559,61.0526315789474,21.298131786434084,26.984126984127276,40.72225771400189
2010-10-29 12:00:00,AAPL,9.223,1.003372497824195,9.133,1.0018648530057042,9.18,1.0036077402427024,9.151,44356788,9.196125,0.9999456322292148,9.20667843252076,1.0010931654297923,44.223107569721165,21.283155808953786,53.174603174602794,42.218069001479776
2010-10-29 13:00:00,AAPL,9.193,0.9967472622790847,9.124,0.9990145625752767,9.16,0.9978213507625273,9.184,48776084,9.1990625,1.000319428019954,9.202232867518784,1.0006641783923973,42.62295081967226,20.903534477562044,14.130434782608507,43.003093156069134
2010-10-29 14:00:00,AAPL,9.178,0.9983683237245732,9.117,0.9992327926348094,9.134,0.9971615720524017,9.163,34753908,9.196437500000002,0.9997146448347319,9.195734499183661,0.9996382239150632,36.50793650793662,20.227507768352467,0.0,42.90972247446312
2010-10-29 15:00:00,AAPL,9.166,0.9986925256047069,9.082,0.9961610178786882,9.097,0.9959492007882635,9.137,105107296,9.189000000000002,0.9991912629211039,9.186331213547122,0.9989010650642839,30.337078651685275,19.636155566956177,0.0,42.90972247446312
2010-10-29 16:00:00,AAPL,9.241,1.0081824132664192,9.06,0.997577626073552,9.08,0.9981312520611191,9.1,27258644,9.179750000000002,0.9989933616280335,9.176204431304539,0.9986075123848663,27.64505119453915,18.98834396086781,0.0,41.086805807796445
2010-10-29 17:00:00,AAPL,9.098,0.9845254842549509,9.058,0.9997792494481236,9.072,0.9991189427312774,9.085,903756,9.1693125,0.9988629864647728,9.166280199751725,0.9985326615378113,27.181208053691265,18.313307525279612,0.0,38.10648173372238
2010-10-29 18:00:00,AAPL,9.125,1.0029676852055396,9.058,1.0,9.087,1.0016534391534393,9.077,3262308,9.1605,0.9990389137680715,9.158729704537276,0.99884584635296,25.742574257425616,17.50516825886215,9.554140127388896,35.3097210000588
2010-10-29 19:00:00,AAPL,9.113,0.9986849315068492,9.063,1.0005519982336057,9.095,1.000880378562782,9.088,803124,9.152937499999998,0.9991744446263847,9.15266020886706,0.9991441743209496,32.8621908127209,16.562214141637376,14.64968152866335,32.47775886276228
2010-11-01 05:00:00,AAPL,9.204,1.0099857346647647,9.164,1.0111442127330905,9.178,1.0091258933479934,9.186,25480,9.150375,0.9997200352345902,9.155073522308292,1.000233370140274,33.09859154929569,15.089768113077488,67.51592356688002,32.90109720907043
2010-11-01 06:00:00,AAPL,9.181,0.9975010864841372,9.145,0.9979266695766041,9.168,0.9989104380039222,9.163,5600,9.149375000000001,0.9998907148614129,9.156304615421789,1.000648018843139,47.94520547945222,13.383943966767626,61.14649681528667,33.31780073584562
2010-11-01 07:00:00,AAPL,9.181,1.0,9.13,0.9983597594313834,9.145,0.9974912739965096,9.161,374892,9.146500000000001,0.9996857708859895,9.15522798538162,1.0006397142298376,41.00294985250745,12.280584764363617,46.49681528662445,32.83382751102847
2010-11-01 08:00:00,AAPL,9.17,0.9988018734342665,9.082,0.9947426067907995,9.13,0.9983597594313834,9.149,2015384,9.1425625,0.9995695074618706,9.15282532010718,1.0006915563447416,41.369047619047706,11.456287152851836,36.942675159236686,32.83180020506015
2010-11-01 09:00:00,AAPL,9.249,1.0086150490730643,9.085,1.000330323717243,9.217,1.0095290251916758,9.133,92370796,9.1418125,0.9999179661063295,9.158937194382688,1.0017910399171663,42.90123456790137,10.976062868054461,100.0,36.130411316171234
2010-11-01 10:00:00,AAPL,9.252,1.0003243593902043,9.179,1.0103467253714915,9.202,0.9983725724205272,9.221,78810620,9.141749999999998,0.9999931632813512,9.163038413965289,1.002321849629413,59.16230366492147,10.718035747165086,89.65517241379281,38.796439413233784
2010-11-01 11:00:00,AAPL,9.219,0.9964332036316471,9.126,0.9942259505392743,9.189,0.9985872636383395,9.203,83019692,9.142562499999999,1.0000888779500643,9.165510945968594,1.0025991682083404,53.021978021978036,10.585936228381911,80.68965517241365,39.92271655244196
2010-11-01 12:00:00,AAPL,9.215,0.99956611346133,9.161,1.0038351961428884,9.185,0.9995646969202308,9.192,32963140,9.1449375,1.000259773996623,9.167367046352537,1.0027130846907022,54.06162464985991,10.614229425334027,77.9310344827588,40.492819971910215
2010-11-01 13:00:00,AAPL,9.211,0.9995659251220836,9.161,1.0,9.188,1.000326619488296,9.188,26959128,9.145437499999998,1.0000546750592882,9.169332089557058,1.0026675512606902,57.61194029850743,10.677700497015577,80.00000000000024,42.1594866385769
2010-11-01 14:00:00,AAPL,9.212,1.0001085658451851,9.152,0.9990175745006004,9.184,0.9995646495428818,9.191,33603556,9.146937499999998,1.0001640162102687,9.170729033408765,1.0027654809743949,65.11627906976753,10.76970732069384,77.24137931034417,44.95155621225561
2010-11-01 15:00:00,AAPL,9.21,0.9997828918801565,9.131,0.9977054195804197,9.196,1.0013066202090593,9.187,63008960,9.150812499999999,1.0004236390595214,9.17313579213174,1.0028641599586465,68.05555555555517,10.834906340093989,85.51724137930994,46.74836944585045
2010-11-01 16:00:00,AAPL,9.215,1.000542888165038,9.082,0.9946336655349908,9.195,0.9998912570682906,9.2,7585928,9.1569375,1.0006693394712218,9.175218097643004,1.0026670416034646,71.23287671232862,10.845585121865975,84.82758620689653,50.67598896942201
2010-11-01 17:00:00,AAPL,9.209,0.9993488876831254,9.169,1.009579387800044,9.189,0.999347471451876,9.198,674716,9.16375,1.0007439714424173,9.176530659772242,1.0021397066183144,69.42446043165461,10.686467626446582,80.68965517241365,55.15874759011165
2010-11-01 18:00:00,AAPL,9.209,1.0,9.16,0.999018431671938,9.174,0.9983676134508651,9.191,693224,9.170125,1.0006956758968764,9.176289644555839,1.0013683966231988,67.02898550724618,10.371249014505402,66.92307692307632,58.87669630806033
2010-11-01 19:00:00,AAPL,9.198,0.9988055163427083,9.156,0.9995633187772927,9.182,1.0008720296490081,9.176,945504,9.1760625,1.0006474829950518,9.176833487931473,1.0007315590497918,49.03846153846123,9.846049473907444,71.31147540983592,62.83844494194011
2010-11-02 04:00:00,AAPL,9.234,1.0039138943248531,9.203,1.005133245958934,9.221,1.0042474406447397,9.222,11200,9.183937499999999,1.000858211242567,9.18103982241419,1.0005424246417447,53.398058252427425,9.265412994752014,100.0,68.39400049749567
2010-11-02 05:00:00,AAPL,9.241,1.00075806800953,9.206,1.000325980658481,9.221,1.0,9.232,23240,9.186625,1.0002926304757627,9.184845553612838,1.000098874106323,67.11711711711713,8.395103343224546,100.0,73.41877049041851
2010-11-02 06:00:00,AAPL,9.254,1.0014067741586408,9.203,0.9996741255702802,9.241,1.0021689621516103,9.231,103460,9.191187499999998,1.000496645939069,9.190193596125901,1.000388455621722,71.98067632850197,7.425126976697476,100.0,78.16045484993721
2010-11-02 07:00:00,AAPL,9.274,1.0021612275772638,9.217,1.0015212430729112,9.256,1.0016232009522779,9.239,276696,9.198125,1.0007547990942411,9.19646087268534,1.0005737422596743,58.571428571428115,6.672666942238986,100.0,79.96512576288832
2010-11-02 08:00:00,AAPL,9.273,0.999892171662713,9.225,1.0008679613757188,9.253,0.999675885911841,9.261,3132668,9.2058125,1.0008357681592717,9.201845551477211,1.0004044902061249,69.28571428571406,5.943601863009187,96.34146341463403,81.9204016850743
2010-11-02 09:00:00,AAPL,9.375,1.0109996764801035,9.238,1.001409214092141,9.332,1.0085377715335568,9.256,99126636,9.213000000000001,1.0007807567229943,9.214241213241287,1.0009155860214713,74.61538461538416,5.328987588474458,100.0,84.89280083581737
2010-11-02 10:00:00,AAPL,9.352,0.9975466666666667,9.284,1.0049794327776576,9.327,0.9994642091727389,9.335,57561812,9.220812500000001,1.0008479865407576,9.224980145313546,1.0013003522537225,85.85365853658479,4.905453791485971,96.83544303797422,88.22017682908057
2010-11-02 11:00:00,AAPL,9.347,0.999465355004277,9.291,1.0007539853511418,9.324,0.9996783531682213,9.33,27010956,9.229250000000002,1.0009150495143462,9.234410607664637,1.0014747190298725,83.57487922705229,4.83961972501933,94.93670886075897,87.93888287690052
2010-11-02 12:00:00,AAPL,9.364,1.0018187653792663,9.305,1.0015068345710902,9.347,1.0024667524667525,9.328,37832648,9.239375,1.0010970555570602,9.245133406934672,1.0017209856634797,83.98058252427148,5.131132633543725,100.0,88.51359552057869
2010-11-02 13:00:00,AAPL,9.391,1.0028833831695856,9.332,1.002901665771091,9.364,1.0018187653792663,9.35,65100588,9.250375000000002,1.0011905567205575,9.256454034845655,1.001848505428739,84.79262672811018,5.8049454796113675,100.0,89.5863924554446
2010-11-02 14:00:00,AAPL,9.377,0.9985092109466511,9.314,0.9980711530218602,9.344,0.9978641606151216,9.367,45668056,9.260375,1.001081037255246,9.264791745812735,1.0015585039322983,86.26609442060033,6.734621997458286,89.47368421052568,90.22765077365388
2010-11-02 15:00:00,AAPL,9.388,1.0011730830756105,9.321,1.0007515567962206,9.363,1.0020333904109588,9.347,79030812,9.2708125,1.001127114182741,9.274144912878189,1.0014869714107895,81.37651821862269,7.98768334879624,99.47368421052568,91.30952211868306
2010-11-02 16:00:00,AAPL,9.39,1.00021303792075,9.326,1.0005364231305656,9.369,1.00064082024992,9.365,13874532,9.2816875,1.001173036343902,9.283178730699314,1.00133388855608,87.64940239043754,9.712278693362093,100.0,92.57388993477505
2010-11-02 17:00:00,AAPL,9.385,0.9994675186368476,9.182,0.9845592965901779,9.367,0.9997865300458961,9.2,930692,9.292812499999998,1.0011985966991452,9.291161708727952,1.0010207420501878,87.5502008032121,11.090705955304552,98.97435897435955,93.32150757894448
2010-11-02 18:00:00,AAPL,9.394,1.000958977091103,9.338,1.0169897625789588,9.367,1.0,9.372,1094688,9.304874999999997,1.0012980462050642,9.298384403134815,1.0005995927642806,84.4339622641506,12.255052951329638,98.93048128342305,94.10500174986264
2010-11-02 19:00:00,AAPL,9.411,1.001809665744092,9.355,1.0018205183122726,9.395,1.0029892174655706,9.376,1691620,9.318187499999999,1.0014307016483297,9.307585888550548,1.000291340673631,84.4339622641506,13.307230754553792,100.0,95.17779868472853
2010-11-03 04:00:00,AAPL,9.405,0.9993624481989162,9.377,1.0023516835916622,9.392,0.9996806812134114,9.396,2800,9.328875,1.0011469505201522,9.31562532773621,0.9997250353393524,84.9999999999996,14.15088573198536,98.27586206896545,96.91962008172237
2010-11-03 05:00:00,AAPL,9.397,0.9991493886230729,9.365,0.9987202730084248,9.379,0.9986158432708688,9.387,19600,9.33875,1.0010585413568087,9.321661010808953,0.9992267031993625,82.6923076923072,14.74737347117181,89.61038961038959,97.93622642619756
2010-11-03 06:00:00,AAPL,9.403,1.0006385016494626,9.366,1.000106780565937,9.39,1.001172832924619,9.393,11200,9.348062500000001,1.0009971891313079,9.328169485970006,0.9988670310234247,78.89908256880697,15.136988501971707,96.4788732394373,97.74060827283296
2010-11-03 07:00:00,AAPL,9.4,0.9996809528873764,9.361,0.9994661541746744,9.387,0.9996805111821087,9.382,269920,9.35625,1.000875849942167,9.3337723920681,0.9984713294405231,69.333333333333,15.277946920744235,94.36619718309919,97.4276192274496
2010-11-03 08:00:00,AAPL,9.446,1.0048936170212766,9.363,1.0002136523875653,9.428,1.0043677426227762,9.392,5798072,9.3671875,1.0011690046760189,9.342746449966377,0.9985567347993457,70.27027027027023,15.365972374506821,100.0,97.4276192274496
2010-11-03 09:00:00,AAPL,9.446,1.0,9.36,0.99967958987504,9.404,0.9974543911752226,9.434,78076292,9.3716875,1.0004804003336114,9.348580121398152,0.9980135575804533,77.95698924731184,15.079484060331321,76.92307692307627,96.14556794539827
2010-11-03 10:00:00,AAPL,9.446,1.0,9.352,0.9991452991452993,9.374,0.9968098681412165,9.407,66450216,9.374625,1.0003134440835761,9.351001062217376,0.9977926667120918,65.24064171122981,14.460015596265118,48.07692307692331,93.46420459330322
2010-11-03 11:00:00,AAPL,9.399,0.9950243489307643,9.328,0.9974337040205302,9.361,0.9986131854064434,9.377,44093896,9.376937499999999,1.000246676533728,9.351953342006198,0.9975815930777175,52.49999999999993,13.483037611481342,20.23809523809637,89.03298766208637
2010-11-03 12:00:00,AAPL,9.4,1.0001063942972659,9.328,1.0,9.382,1.002243350069437,9.362,25484816,9.379125,1.0002332851210751,9.354814928481797,0.997640746617091,54.404145077720536,12.177599220245362,45.238095238094786,86.16646833987083
2010-11-03 13:00:00,AAPL,9.407,1.0007446808510638,9.346,1.0019296740994854,9.375,0.9992538904284801,9.386,29660736,9.3798125,1.0000733010808578,9.356737316245436,0.9976130306660201,54.87179487179494,10.941711902030162,36.90476190476198,82.9424712867599
2010-11-03 14:00:00,AAPL,9.459,1.0055277984479642,9.313,0.9964690776802911,9.432,1.00608,9.38,133730716,9.3853125,1.0005863656656249,9.363905190888728,0.9983040909281212,51.53061224489802,10.128297439855475,100.0,82.9424712867599
2010-11-03 15:00:00,AAPL,9.472,1.0013743524685486,9.406,1.009986041017932,9.455,1.0024385072094995,9.436,112663264,9.3910625,1.0006126594079847,9.372580886994564,0.9986434534805916,62.94820717131467,9.643152513989111,100.0,82.9424712867599
2010-11-03 16:00:00,AAPL,9.488,1.0016891891891893,9.356,0.9946842440995108,9.472,1.0017979904812269,9.459,8711472,9.3975,1.0006854921900479,9.382049373947464,0.9990402442692148,66.05839416058384,9.533219000192016,100.0,83.52726660839735
2010-11-03 17:00:00,AAPL,9.486,0.999789207419899,9.412,1.0059854638734502,9.464,0.9991554054054055,9.474,1427916,9.403562500000001,1.0006451183825487,9.389854195476277,0.9991864001570924,64.63878326996198,9.213722067841744,92.79279279279352,83.15610597407891
2010-11-03 18:00:00,AAPL,9.481,0.9994729074425468,9.442,1.0031874203144922,9.464,1.0,9.468,705684,9.409625,1.0006447024731318,9.396915700669012,0.9992931615724372,63.432835820895754,8.764010346127879,92.79279279279352,82.75570557367854
2010-11-03 19:00:00,AAPL,9.479,0.999789051787786,9.442,1.0,9.461,0.9996830092983939,9.468,490700,9.41375,1.0004383809131607,9.403018967271963,0.9992979494158336,66.6666666666669,8.283498443899056,90.09009009009068,82.26213508010805
2010-11-04 04:00:00,AAPL,9.537,1.006118788901783,9.448,1.000635458589282,9.523,1.006553218475848,9.477,19880,9.4219375,1.0008697384145533,9.41444573229368,1.0000739059666637,64.37246963562758,7.539049231724132,100.0,82.32155278658453
2010-11-04 06:00:00,AAPL,9.541,1.0004194191045401,9.513,1.0068797629127857,9.528,1.0005250446287934,9.531,5600,9.43125,1.0009883848200012,9.425260424456187,1.0003526795264972,72.22222222222229,6.771780946702114,100.0,82.32155278658455
2010-11-04 07:00:00,AAPL,9.56,1.001991405513049,9.496,0.9982129717229056,9.52,0.9991603694374475,9.541,457296,9.439375,1.0008614976805832,9.434283241174645,1.0003216160291208,68.5185185185186,6.386435962948826,95.20958083832281,82.15120382932663
2010-11-04 08:00:00,AAPL,9.574,1.0014644351464435,9.503,1.0007371524852569,9.553,1.003466386554622,9.524,5298720,9.44975,1.0010991193802556,9.445589599158012,1.0006583697710931,72.83464566929148,6.375388320248765,100.0,82.7284044065272
2010-11-04 09:00:00,AAPL,9.617,1.0044913306872782,9.509,1.0006313795643482,9.59,1.0038731288600438,9.556,100029412,9.459875,1.0010714569168497,9.459342970666773,1.0010151560270666,84.8249027237355,6.641035236557469,100.0,82.92402255989181
2010-11-04 10:00:00,AAPL,9.683,1.006862847041697,9.545,1.0037858870543694,9.664,1.0077163712200208,9.594,133557788,9.476125,1.0017177816831617,9.478834116317557,1.0020041613993373,90.74733096085413,7.357419243744061,100.0,83.23701160527519
2010-11-04 11:00:00,AAPL,9.693,1.0010327377878756,9.612,1.0070193818753275,9.632,0.9966887417218543,9.668,112177716,9.492249999999999,1.001701644923426,9.493421343334933,1.0018252548731612,92.2155688622755,8.461901965777956,89.4389438943894,82.6502862660746
2010-11-04 12:00:00,AAPL,9.654,0.9959764778706284,9.594,0.9981273408239699,9.63,0.9997923588039869,9.634,52945172,9.509062499999999,1.0017711817535357,9.506428834445892,1.0014937274561766,85.79387186629522,9.862731847597814,88.23529411764743,83.27874277688412
2010-11-04 13:00:00,AAPL,9.657,1.0003107520198882,9.602,1.0008338544923912,9.617,0.9986500519210799,9.634,38736404,9.52375,1.001544579184331,9.516959421641522,1.0008304626919344,82.56578947368443,11.46819151457981,83.73702422145368,85.25985950713579
2010-11-04 14:00:00,AAPL,9.652,0.9994822408615511,9.592,0.9989585503020204,9.62,1.0003119475928042,9.621,46202072,9.5390625,1.001607822548891,9.526772810056615,1.0003173970396761,77.55102040816352,13.136894162688346,81.03448275862043,88.63743659160936
2010-11-04 15:00:00,AAPL,9.646,0.9993783671777872,9.563,0.996976647206005,9.622,1.0002079002079003,9.623,106279656,9.5509375,1.0012448812448813,9.5358420662417,0.9996623951506451,76.4285714285716,14.707452291511228,79.90430622009575,90.56333720172051
2010-11-04 16:00:00,AAPL,9.638,0.9991706406800746,9.559,0.9995817212171911,9.581,0.9957389316150488,9.626,31284008,9.5588125,1.0008245263881164,9.54014282183773,0.9988697781592362,78.83211678832117,16.12746744328918,59.11330049261063,91.79714490104544
2010-11-04 17:00:00,AAPL,9.609,0.9969910769869268,9.558,0.99989538654671,9.593,1.0012524788644193,9.584,983780,9.566375,1.0007911547590247,9.545176838805565,0.9985734984136957,68.57142857142846,17.60038000903902,65.02463054187196,89.85406882003834
2010-11-04 18:00:00,AAPL,9.636,1.0028098657508584,9.561,1.0003138731952292,9.584,0.9990618159074325,9.596,2027116,9.573875,1.0007839960277534,9.548874282728844,0.9981706009568769,70.37037037037032,19.17547255508567,60.59113300492596,87.664687320312
2010-11-04 19:00:00,AAPL,9.605,0.9967828974678291,9.559,0.999790816860161,9.575,0.9990609348914857,9.589,1588440,9.5808125,1.000724628220026,9.551362446278478,0.9976485431738433,61.254612546125415,20.805050019995296,56.157635467979965,85.22900040186646
2010-11-05 04:00:00,AAPL,9.612,1.0007287870900572,9.584,1.0026153363322523,9.599,1.0025065274151437,9.602,11200,9.589437499999999,1.0009002368014193,9.555899356156718,0.9973996836026922,58.54545454545432,22.477360532943276,54.8611111111115,83.12168475288412
2010-11-05 05:00:00,AAPL,9.591,0.9978152309612983,9.562,0.9977045075125208,9.577,0.9977080945931868,9.581,2800,9.5928125,1.0003519497363638,9.557908941284651,0.9967121576510252,63.57388316151212,23.89879184849623,39.58333333333356,80.16560367180301
2010-11-05 06:00:00,AAPL,9.583,0.9991658846835576,9.542,0.9979083873666598,9.557,0.9979116633601337,9.563,36120,9.594625,1.0001889435449718,9.557822375448017,0.9963524644569063,54.285714285714135,24.985109239476603,25.694444444444983,76.58806780260046
2010-11-05 07:00:00,AAPL,9.606,1.0024000834811646,9.542,1.0,9.589,1.0033483310662341,9.561,171360,9.598937500000002,1.000449470406608,9.560791673024395,0.9964737207576528,43.72623574144497,25.894422441634617,32.43243243243239,72.8343140488467
2010-11-05 08:00:00,AAPL,9.657,1.005309181761399,9.569,1.0028295954726474,9.607,1.0018771509020752,9.588,8057924,9.6023125,1.0003516014142189,9.565192466069691,0.9964845032139952,33.03167420814496,26.75424014530444,46.72897196261612,69.87481249121427
2010-11-05 09:00:00,AAPL,9.675,1.0018639328984158,9.578,1.0009405371512172,9.62,1.0013531799729365,9.611,79829092,9.604187500000002,1.0001952654633977,9.57041223120591,0.9966778555900894,43.96135265700472,27.495336508966137,58.87850467289648,67.8564193709128
2010-11-05 10:00:00,AAPL,9.66,0.9984496124031007,9.594,1.0016704948841093,9.621,1.0001039501039501,9.623,58044112,9.601500000000001,0.9997201741427892,9.575230113948203,0.9969849207908739,47.70642201834826,27.944940121604457,85.33333333333422,67.04160455609802
2010-11-05 11:00:00,AAPL,9.639,0.9978260869565216,9.584,0.9989576818845112,9.599,0.9977133354121193,9.624,38279556,9.5994375,0.9997851898140915,9.577493912619804,0.9974997565609335,50.97087378640765,28.062203648245987,57.534246575341896,64.6823960325059
2010-11-05 12:00:00,AAPL,9.634,0.999481273991078,9.581,0.9996869782971619,9.618,1.0019793728513386,9.602,24562636,9.5986875,0.999921870422095,9.581351635227442,0.9981159453590318,45.33333333333362,27.99098149171896,93.84615384615448,64.34051569062562
2010-11-05 13:00:00,AAPL,9.646,1.0012455885405855,9.602,1.0021918380127337,9.621,1.0003119151590767,9.621,22652924,9.5989375,1.0000260452275376,9.585127669967685,0.9985873245657476,49.17355371900836,27.79508178420745,98.4615384615393,64.84177094435614
2010-11-05 14:00:00,AAPL,9.637,0.9990669707650839,9.572,0.9968756509060611,9.61,0.9988566677060595,9.626,33225248,9.598312500000002,0.9999348886269968,9.587496463304095,0.9988080934274336,59.80392156862756,27.380587878115982,81.5384615384607,64.46972468995689
2010-11-05 15:00:00,AAPL,9.629,0.9991698661409151,9.561,0.9988508148767239,9.588,0.9977107180020811,9.614,78134672,9.596187500000001,0.9997786069165803,9.587544419179896,0.9988781277104588,54.1871921182264,26.90156403767319,48.43749999999809,62.508640010987136
2010-11-05 16:00:00,AAPL,9.627,0.9997922941115381,9.556,0.9994770421504026,9.595,1.000730079265749,9.589,12680276,9.5970625,1.0000911820449527,9.588254474496097,0.9991733148707334,50.92592592592581,26.36881514265186,59.37500000000035,61.30533541328603
2010-11-05 17:00:00,AAPL,9.607,0.9979225096083929,9.572,1.0016743407283382,9.59,0.9994788952579468,9.595,109816,9.596874999999999,0.9999804627718116,9.588420715020279,0.9990995385327832,54.672897196261914,25.804189227184104,51.56249999999913,59.730790623280654
2010-11-05 18:00:00,AAPL,9.612,1.0005204538357448,9.573,1.0001044713748435,9.597,1.0007299270072993,9.596,412272,9.5976875,1.0000846629762292,9.589237789780253,0.9992041982187174,47.69230769230765,25.130564873025303,62.499999999998614,59.91894059591331
2010-11-05 19:00:00,AAPL,9.626,1.0014565126924677,9.583,1.0010446046171524,9.612,1.0015629884338857,9.602,360332,9.6,1.0002409434564317,9.59140561932499,0.9993454797653071,55.55555555555534,24.44558917378289,85.93749999999947,61.08076667692041
2010-11-08 04:00:00,AAPL,9.61,0.9983378350301267,9.537,0.9951998330376709,9.552,0.9937578027465668,9.6,82908,9.597062499999998,0.9996940104166665,9.587652703198799,0.9987138232498749,65.71428571428524,23.445133641582082,0.0,57.71459262109119
2010-11-08 05:00:00,AAPL,9.59,0.9979188345473465,9.538,1.000104854776135,9.56,1.0008375209380236,9.565,28000,9.595999999999998,0.9998892890402663,9.58501911241796,0.998745096472797,40.88669950738917,22.34455912481877,11.594202898551881,55.23884636723406
2010-11-08 06:00:00,AAPL,9.568,0.9977059436913451,9.539,1.0001048437827635,9.555,0.9994769874476986,9.558,5600,9.595875,0.9999869737390581,9.582160149330536,0.9985577479502435,37.823834196891916,21.298180155140408,4.347826086956633,52.432552754781014
2010-11-08 07:00:00,AAPL,9.594,1.002717391304348,9.542,1.0003144983750918,9.581,1.002721088435374,9.561,129612,9.595374999999999,0.999947894277489,9.582049658918104,0.9985592412279343,32.43243243243329,20.320527679995163,42.02898550724574,52.568422319998355
2010-11-08 08:00:00,AAPL,9.626,1.0033354179695644,9.557,1.001571997484804,9.608,1.0028180774449433,9.579,1831732,9.5954375,1.0000065135547074,9.584521119973523,0.9988688425385693,40.47619047619054,19.31714830661158,81.15942028985545,55.649809866965604
2010-11-08 09:00:00,AAPL,9.665,1.004051527114066,9.561,1.0004185413832791,9.615,1.0007285595337219,9.611,62040608,9.595125000000001,0.9999674324385941,9.587423870452236,0.999164850008375,52.09302325581396,18.406937417096835,91.30434782608673,58.92047183327972
2010-11-08 10:00:00,AAPL,9.677,1.0012415933781686,9.586,1.0026147892479866,9.645,1.0031201248049921,9.618,62734672,9.596625000000001,1.0001563293860163,9.592907311361547,0.99976887339785,49.261083743842356,17.640725588496906,100.0,61.87997339091218
2010-11-08 11:00:00,AAPL,9.663,0.9985532706417278,9.616,1.0031295639474234,9.642,0.9996889580093312,9.648,25306596,9.5993125,1.0002800463704686,9.59758280551759,1.0000998064963034,55.2173913043475,17.06022090818797,96.77419354838698,63.985289439550534
2010-11-08 12:00:00,AAPL,9.665,1.0002069750595053,9.62,1.0004159733777038,9.645,1.0003111387678905,9.646,16717428,9.601000000000003,1.000175793839403,9.602098728801629,1.0002902529531805,57.207207207207055,16.662318161179837,100.0,64.8001042543653
2010-11-08 13:00:00,AAPL,9.665,1.0,9.62,1.0,9.64,0.9994815966822189,9.647,17145212,9.602187500000003,1.000123685032809,9.605708373677665,1.0004904045076202,64.03940886699485,16.35477661545099,94.62365591397956,66.86062699540072
2010-11-08 14:00:00,AAPL,9.66,0.9994826694257631,9.615,0.9994802494802496,9.632,0.9991701244813277,9.643,17291736,9.603562499999999,1.000143196537247,9.608212338089317,1.0006274443286296,61.194029850746126,16.289473559353148,86.0215053763442,66.4259243026335
2010-11-08 15:00:00,AAPL,9.671,1.0011387163561076,9.609,0.9993759750390016,9.638,1.00062292358804,9.637,53205040,9.606687500000001,1.000325400079398,9.611049258271287,1.0007795813554905,60.294117647058656,16.510317152559242,92.47311827957024,66.09323429252409
2010-11-08 16:00:00,AAPL,9.658,0.998655774997415,9.573,0.9962535123321886,9.63,0.9991699522722558,9.642,16754192,9.608875,1.0002277059600406,9.612854090816878,1.0006419060489764,60.09852216748762,16.737744887644816,83.87096774193678,66.22281797049499
2010-11-08 17:00:00,AAPL,9.652,0.999378753365086,9.608,1.0036561161600335,9.625,0.9994807892004153,9.642,619724,9.6110625,1.0002276541218404,9.614010844072412,1.0005344896330124,54.59183673469401,16.96713031313015,78.49462365591442,67.89265817360143
2010-11-08 18:00:00,AAPL,9.646,0.9993783671777872,9.604,0.9995836802664445,9.619,0.9993766233766234,9.627,541240,9.6124375,1.0001430643074063,9.614486001779802,1.0003562042989318,75.88652482269484,17.14259101057689,72.04301075268837,68.59643654875079
2010-11-08 19:00:00,AAPL,9.634,0.9987559610201119,9.587,0.9982299042065806,9.614,0.9994801954465122,9.624,1136856,9.612562500000001,1.0000130039857218,9.614439715896012,1.0002082942953867,71.22302158273338,17.086769556368818,66.66666666666794,69.43555691912128
2010-11-09 05:00:00,AAPL,9.638,1.000415196180195,9.578,0.9990612287472619,9.624,1.0010401497815686,9.596,14000,9.6170625,1.0004681373983262,9.61535021914401,1.0002900079082981,71.22302158273429,17.128741112700304,76.66666666666772,70.22259395615843
2010-11-09 06:00:00,AAPL,9.643,1.0005187798298403,9.599,1.0021925245353938,9.629,1.0005195344970905,9.617,28000,9.621374999999999,1.0004484217504044,9.616650198273152,0.9999571281015542,67.47967479674848,17.273580343188957,82.22222222222217,70.01618963517082
2010-11-09 07:00:00,AAPL,9.705,1.0064295343772685,9.632,1.0034378581102197,9.689,1.006231176653858,9.66,666540,9.62975,1.00087045770485,9.62354065558047,1.0002250879505759,60.39603960396018,17.796876705441775,100.0,75.57174519072638
2010-11-09 08:00:00,AAPL,9.744,1.004018547140649,9.659,1.0028031561461794,9.7,1.0011353080813292,9.693,7809844,9.6371875,1.0007723461149043,9.63082249790614,1.0001113733903932,74.02597402597426,18.65062818104331,100.0,80.48317836302904
2010-11-09 09:00:00,AAPL,9.739,0.9994868637110017,9.653,0.99937881768299,9.689,0.9988659793814434,9.711,61151944,9.642249999999999,1.000525308862155,9.636363212391268,0.9999144680324284,70.37037037037057,19.55702412552405,87.20930232558207,85.08659370961934
2010-11-09 10:00:00,AAPL,9.718,0.997843721121265,9.665,1.0012431368486479,9.694,1.000516049127877,9.69,49387604,9.647187499999998,1.000512069278436,9.641852430258767,0.9999587679492616,66.43356643356697,20.325060879244248,93.02325581395517,87.91960872665875
2010-11-09 11:00:00,AAPL,9.713,0.9994854908417369,9.616,0.9949301603724781,9.633,0.993707447905921,9.699,41657644,9.646437500000001,0.9999222571345279,9.641009341662695,0.9993595896900208,66.89655172413862,20.56714004181999,22.093023255812415,84.63814222476748
2010-11-09 12:00:00,AAPL,9.66,0.9945433954493978,9.616,1.0,9.638,1.000519049102045,9.636,25882948,9.646187500000002,0.9999740836967016,9.64072273769482,0.9994075779472803,48.258706467661334,20.40239185141622,27.906976744185517,81.11606605355075
2010-11-09 13:00:00,AAPL,9.673,1.0013457556935819,9.563,0.9944883527454244,9.605,0.9965760531230546,9.64,51590980,9.6436875,0.999740830250293,9.637320572200075,0.9990807842165699,51.515151515151565,19.638182496274624,0.0,75.5605104979952
2010-11-09 14:00:00,AAPL,9.643,0.9968985836865503,9.582,1.0019868242183416,9.611,1.0006246746486205,9.608,28173152,9.641874999999999,0.9998120532213428,9.634813851038162,0.9990798489725182,42.66666666666677,18.45394482510565,6.315789473684525,70.53504360495619
2010-11-09 15:00:00,AAPL,9.627,0.9983407653219952,9.493,0.990711751200167,9.556,0.9942773904900634,9.614,102487952,9.637125000000001,0.9995073572308293,9.627307769986908,0.9984891704141475,45.739910313901326,16.53793693959046,0.0,64.97948804940063
2010-11-09 16:00:00,AAPL,9.713,1.0089332086839098,9.519,1.0027388602127882,9.545,0.9988488907492675,9.559,8003044,9.631312500000002,0.9993968636911943,9.61946893475006,0.9981679115659555,37.36263736263728,14.634708124844364,0.0,59.72261827640177
2010-11-09 17:00:00,AAPL,9.558,0.9840420055595595,9.519,1.0,9.538,0.9992666317443688,9.547,877520,9.625562500000001,0.9994029889488062,9.611709988583387,0.9979647102701096,36.69064748201444,13.027570558140681,0.0,54.94364575549374
2010-11-09 18:00:00,AAPL,9.569,1.001150868382507,9.52,1.0001050530517912,9.548,1.0010484378276368,9.54,646464,9.620750000000001,0.9995000292190717,9.605642370623064,0.9979304971136038,36.42857142857139,11.620587942206159,6.172839506172744,50.14918582363833
2010-11-09 19:00:00,AAPL,9.574,1.0005225206395651,9.533,1.0013655462184874,9.557,1.0009426057813156,9.551,400260,9.616875,0.9995972247485903,9.601009763897057,0.9979481603718063,36.42857142857139,10.351859123894018,11.728395061728545,46.14126511918231
2010-11-10 05:00:00,AAPL,9.61,1.0037601838312096,9.552,1.0019930766810028,9.569,1.0012556241498378,9.571,19600,9.6140625,0.9997075453304737,9.59796121495448,0.9980332711982303,37.32394366197209,9.262834698790991,19.135802469136276,42.843552831027964
2010-11-10 06:00:00,AAPL,9.595,0.99843912591051,9.553,1.000104690117253,9.575,1.0006270247674782,9.571,86716,9.610999999999999,0.9996814562002275,9.595774432577864,0.9980977794327699,24.576271186441105,8.507784499039035,22.839506172839044,40.110024798814116
2010-11-10 07:00:00,AAPL,9.615,1.0020844189682125,9.533,0.9979064168324085,9.565,0.9989556135770236,9.574,267540,9.607,0.9995838102174592,9.592843534237115,0.9981108661156088,22.943722943723145,7.9896662477229725,16.666666666666302,37.332247021036245
2010-11-10 08:00:00,AAPL,9.605,0.998959958398336,9.532,0.9998951012273157,9.571,1.000627286983795,9.557,2877308,9.599625,0.9992323305922765,9.590763197643103,0.9983098987866247,23.04347826086969,7.441583372294232,20.370370370370168,34.20467500457527
2010-11-10 09:00:00,AAPL,9.612,1.0007287870900572,9.482,0.9947545111204363,9.531,0.995820708389928,9.578,73197936,9.5890625,0.998899696602732,9.585071464534236,0.9984839475015156,23.37662337662333,6.591356143865669,0.0,29.636773770007373
2010-11-10 10:00:00,AAPL,9.564,0.9950062421972534,9.465,0.9982071292976166,9.551,1.0020984156961494,9.533,74506852,9.5804375,0.999100537722014,9.581826563150024,0.9992453968414559,25.71428571428595,6.140856992897103,12.269938650306468,24.762881472802174
2010-11-10 11:00:00,AAPL,9.627,1.0065872020075284,9.534,1.0072900158478606,9.607,1.005863260391582,9.553,53687256,9.575,0.9994324371929778,9.584224033326212,1.0003952359509898,30.666666666666544,5.821848884896922,71.02803738317684,23.153327994089782
2010-11-10 12:00:00,AAPL,9.627,1.0,9.57,1.0037759597230962,9.6,0.9992713646299574,9.611,26404084,9.5729375,0.9997845953002612,9.585726506342764,1.0011202617590356,50.40322580645139,5.451566410909241,64.48598130841074,21.890921270913598
2010-11-10 13:00:00,AAPL,9.628,1.0001038745195803,9.562,0.999164054336468,9.603,1.0003125,9.603,41425412,9.570750000000002,0.999771491248115,9.587371600976786,1.0015078026965898,47.7911646586343,5.0706337037515725,89.99999999999889,21.72296261458269
2010-11-10 14:00:00,AAPL,9.651,1.0023888658080597,9.586,1.0025099351600084,9.622,1.001978548370301,9.605,45110800,9.5718125,1.0001110153331765,9.590669543740901,1.002081293915409,61.9289340101527,4.488124098190887,100.0,26.051127989259783
2010-11-10 15:00:00,AAPL,9.641,0.9989638379442545,9.584,0.9997913624035051,9.617,0.9994803575140304,9.626,48866300,9.5721875,1.0000391775329907,9.59317720624177,1.0022320439563321,68.78048780487836,4.156160135199956,94.50549450549556,29.751045642665897
2010-11-10 16:00:00,AAPL,9.632,0.9990664868789544,9.541,0.9955133555926545,9.585,0.9966725590100863,9.622,7752612,9.574,1.0001893506578303,9.592398424694935,1.002111421730397,69.45812807881828,4.201715724014524,59.34065934066009,33.047748939369235
2010-11-10 17:00:00,AAPL,9.598,0.9964700996677742,9.501,0.9958075673409494,9.539,0.9952008346374542,9.588,3044832,9.573625,0.9999608314184248,9.587312860438274,1.001390522293532,58.22222222222254,4.139968567298681,8.79120879120789,33.18527223478719
2010-11-10 18:00:00,AAPL,9.628,1.0031256511773285,9.518,1.0017892853383856,9.561,1.0023063214173393,9.542,825748,9.5750625,1.0001501521106164,9.584806873729868,1.0011679874373467,46.56488549618304,4.089301072392792,32.967032967032516,35.016774066289
2010-11-10 19:00:00,AAPL,9.582,0.9952222683838804,9.512,0.9993696154654339,9.534,0.9971760276121745,9.569,1300404,9.574187499999999,0.9999086167844857,9.579968123850833,1.0005123333503916,48.5294117647057,3.9910133021126675,3.2967032967034466,35.19992424943919
2010-11-11 04:00:00,AAPL,9.578,0.9995825506157378,9.508,0.9995794785534061,9.564,1.0031466331025802,9.527,8400,9.574624999999997,1.0000456957835846,9.578447350150753,1.000444930721354,43.00341296928346,3.8251944105368505,36.263736263735964,37.214576264091185
2010-11-11 05:00:00,AAPL,9.57,0.9991647525579453,9.538,1.0031552376945732,9.557,0.9992680886658303,9.557,5600,9.573874999999997,0.9999216679504419,9.576404745374491,1.0001858814705007,49.840255591054394,3.4842121617908943,28.571428571428573,38.45894232327206
2010-11-11 06:00:00,AAPL,9.575,1.0005224660397074,9.522,0.9983224994757811,9.554,0.9996860939625405,9.565,16800,9.5725625,0.99986290817459,9.57427096010073,1.000041358394666,47.77070063694275,3.1822640126051263,25.274725274725125,39.211516223994096
2010-11-11 07:00:00,AAPL,9.594,1.0019843342036554,9.513,0.999054820415879,9.529,0.9973832949549927,9.551,214200,9.5703125,0.9997649532191615,9.569959440091136,0.9997280707324853,54.151624548736436,3.0768603448348375,0.0,38.148416086819864
2010-11-11 08:00:00,AAPL,9.576,0.9981238273921202,9.514,1.0001051193104173,9.537,1.0008395424493652,9.536,1596644,9.5681875,0.9997779591836735,9.566820445796742,0.9996351159689657,46.09929078014178,3.1263094061947614,8.602150537635374,37.357451884864105
2010-11-11 09:00:00,AAPL,9.604,1.002923976608187,9.486,0.9970569686777382,9.578,1.004299045821537,9.542,79709140,9.571125000000002,1.0003070069435827,9.567885165244672,0.9999684020870903,35.04273504273536,3.1406334501050672,52.68817204301022,39.35864662799432
2010-11-11 10:00:00,AAPL,9.64,1.0037484381507706,9.544,1.006114273666456,9.605,1.0028189601169348,9.581,74986240,9.5745,1.0003526231242408,9.571419911411846,1.0000308126173092,45.89552238805964,2.9286501566000926,81.72043010752746,42.76698328005861
2010-11-11 11:00:00,AAPL,9.621,0.9980290456431535,9.549,1.0005238893545683,9.599,0.9993753253513795,9.609,36123472,9.574,0.9999477779518512,9.57404658651548,0.9999526436383602,50.342465753424776,2.7795431465288702,75.2688172043014,46.94858423585313
2010-11-11 12:00:00,AAPL,9.634,1.0013512108928386,9.569,1.0020944601528958,9.59,0.9990624023335763,9.601,29933288,9.573375,0.9999347190307082,9.575565959228292,1.000163563738071,45.878136200716895,2.6319076414415394,65.59139784946233,49.91088752469513
2010-11-11 13:00:00,AAPL,9.627,0.9992734066846586,9.554,0.9984324380813041,9.606,1.0016684045881126,9.593,32263140,9.5735625,1.0000195855693523,9.578464439301788,1.0005316243541893,45.229681978798425,2.517936699861438,82.79569892473116,50.56464649922593
2010-11-11 14:00:00,AAPL,9.632,1.0005193725979016,9.566,1.0012560184216035,9.587,0.9980220695398709,9.609,29758792,9.571375,0.9997715061660694,9.579277349844475,1.0005969407777382,53.93258426966272,2.5051187909158372,65.90909090909,50.6437081437081
2010-11-11 15:00:00,AAPL,9.606,0.9973006644518273,9.543,0.9975956512648964,9.57,0.9982267654114948,9.59,61608092,9.5684375,0.9996930952971752,9.57839379271643,1.000733310806068,60.0,2.6558141700491276,53.246753246753755,48.601861101861154
2010-11-11 16:00:00,AAPL,9.604,0.9997917967936706,9.516,0.9971707010374097,9.578,1.0008359456635318,9.575,7279776,9.568000000000001,0.9999542767562626,9.578356288648198,1.0010366152935835,51.914893617021356,2.872318393072292,63.63636363636301,46.581659081659105
2010-11-11 17:00:00,AAPL,9.595,0.9990628904623076,9.558,1.0044136191677175,9.577,0.9998955940697433,9.578,216664,9.570375000000002,1.0002482232441472,9.57822711830075,1.0010688877822689,60.18518518518492,2.9801684463013873,62.33766233766243,44.794557294557265
2010-11-11 18:00:00,AAPL,9.594,0.9998957790515892,9.555,0.9996861268047709,9.573,0.9995823326720268,9.584,133028,9.571125,1.0000783668351552,9.577729297510203,1.000768444027554,53.475935828876985,3.1447077579796274,57.1428571428578,44.672457172457136
2010-11-11 19:00:00,AAPL,9.605,1.0011465499270378,9.555,1.0,9.59,1.001775827849159,9.577,247716,9.574625000000001,1.0003656832399537,9.578897935842566,1.0008121235322458,54.347826086956545,3.2783138604775033,79.22077922077919,48.5852110852111
2010-11-12 04:00:00,AAPL,9.552,0.994482040603852,9.452,0.9892203035060179,9.467,0.9871741397288843,9.542,84000,9.568562500000002,0.999366815932739,9.568240989571846,0.9993332365050166,59.09090909090905,3.803430262042226,0.0,46.75370925370929
2010-11-12 05:00:00,AAPL,9.522,0.9968592964824121,9.472,1.0021159542953872,9.508,1.0043308334213583,9.49,130620,9.565500000000002,0.9996799414750125,9.562503752469766,0.9993668069231678,39.527027027027046,4.618429561491528,29.49640287769697,48.209248119320044
2010-11-12 06:00:00,AAPL,9.528,1.0006301197227474,9.478,1.000633445945946,9.514,1.0006310475389146,9.512,61264,9.563000000000002,0.9997386440855157,9.557884347472646,0.9992038416677271,45.59270516717293,5.576809491118131,33.81294964028708,48.073093306906216
2010-11-12 07:00:00,AAPL,9.561,1.003463476070529,9.487,1.0009495674192868,9.537,1.0024174900147154,9.537,302148,9.563500000000001,1.000052284847851,9.555895361999061,0.9992570701661674,39.11564625850328,6.529564662854872,50.35971223021627,49.2835535101722
2010-11-12 08:00:00,AAPL,9.575,1.0014642819788724,9.497,1.0010540739959946,9.556,1.0019922407465658,9.543,3085516,9.564687500000002,1.0001241700214356,9.55590532752296,0.9992058689311403,38.27586206896547,7.395193030066219,64.02877697841659,51.4365563825995
2010-11-12 09:00:00,AAPL,9.606,1.0032375979112271,9.507,1.0010529640939243,9.552,0.9995814148179155,9.56,59037552,9.5630625,0.9998301042245236,9.555533391568392,0.9990429265533652,42.904290429042625,8.062650433774717,61.15107913669027,54.83383855686007
2010-11-12 10:00:00,AAPL,9.572,0.9964605454924005,9.407,0.9894814347323025,9.431,0.9873324958123952,9.555,103914888,9.5521875,0.9988628119914517,9.54367306856188,0.9979724663058388,43.62416107382535,9.104260372334553,0.0,54.35594130476922
2010-11-12 11:00:00,AAPL,9.476,0.989970748015044,9.376,0.9967045816944827,9.416,0.9984095005831832,9.438,87474912,9.54075,0.9988026302875649,9.531513728698844,0.9978357029422678,28.287841191066647,10.507364932498003,0.0,51.42882063571309
2010-11-12 12:00:00,AAPL,9.444,0.9966230476994512,9.165,0.9774957337883958,9.272,0.9847068819031436,9.418,188579972,9.520874999999998,0.9979168304378586,9.506798135489431,0.9964413841143969,28.571428571428314,12.802798630726345,0.0,46.88879674085045
2010-11-12 13:00:00,AAPL,9.382,0.9934349851757729,9.237,1.0078559738134207,9.315,1.0046376186367558,9.275,105997780,9.502687499999999,0.9980897238961756,9.488531646395199,0.99660290114041,21.67300380228106,15.587130238214304,13.522012578616136,43.45841870609016
2010-11-12 14:00:00,AAPL,9.407,1.0026646770411427,9.276,1.0042221500487172,9.374,1.0063338701019862,9.318,96626040,9.489374999999999,0.9985990805232731,9.477623870548037,0.9973624693591195,26.559714795008688,18.54175745313103,32.07547169811335,41.596422808793
2010-11-12 15:00:00,AAPL,9.413,1.000637822897842,9.293,1.0018326865028029,9.315,0.9937059953061659,9.377,136359608,9.4734375,0.9983204900217348,9.462135882876796,0.9971295141014869,33.60258481421643,21.473393626073,13.522012578616136,37.74788467845328
2010-11-12 16:00:00,AAPL,9.582,1.0179538935514714,9.291,0.999784784246207,9.314,0.999892646269458,9.313,9390360,9.456937499999999,0.9982582879762493,9.448027703555196,0.9973177849703655,30.860534124628956,23.573811710944106,13.207547169811278,34.820021137382234
2010-11-12 17:00:00,AAPL,9.544,0.9960342308495095,9.279,0.9987084275104939,9.297,0.9981747906377497,9.316,1210636,9.439437499999999,0.9981495066452538,9.433644112740415,0.9975368995238064,29.02735562310025,25.07441233303727,7.861635220125907,32.29862569145846
2010-11-12 18:00:00,AAPL,9.326,0.9771584241408214,9.271,0.9991378381291088,9.288,0.9990319457889641,9.299,413644,9.421624999999999,0.998112970184929,9.419773244860375,0.9979167979935644,34.60144927536227,26.13088495711181,5.031446540880514,29.042796963931664
2010-11-12 19:00:00,AAPL,9.313,0.9986060476088355,9.27,0.9998921367705748,9.295,1.0007536606373815,9.291,333004,9.4031875,0.9980430658193253,9.407890078683197,0.9985421918918655,28.84615384615394,26.88705847577621,8.098591549295696,26.02951525346684
2010-11-15 04:00:00,AAPL,9.338,1.002684419628476,9.31,1.0043149946062568,9.325,1.0032275416890801,9.328,2800,9.394312499999998,0.9990561711121891,9.399995785475273,0.9996605710005542,28.982725527831107,27.163895906246925,18.66197183098565,23.891688291696163
2010-11-15 06:00:00,AAPL,9.378,1.0042835724994648,9.342,1.00343716433942,9.365,1.004289544235925,9.36,42840,9.385375,0.999048626496085,9.396662853525246,1.000250188986714,29.924242424242166,26.95997211142801,32.74647887323955,21.30978271683285
2010-11-15 07:00:00,AAPL,9.39,1.00127959053103,9.335,0.9992506957824877,9.372,1.000747463961559,9.36,415044,9.3765,0.9990543798196663,9.394314010332366,1.000952440401408,32.60473588342448,26.399626053460707,35.211267605633815,23.265964250479172
2010-11-15 08:00:00,AAPL,9.391,1.0001064962726305,9.338,1.0003213711837171,9.372,1.0,9.368,3422412,9.366187499999999,0.9989001759718443,9.392188866491189,1.001673211378573,33.69565217391306,25.670470890425385,35.211267605633815,23.58345673536455
2010-11-15 09:00:00,AAPL,9.402,1.0011713342562027,9.294,0.9952880702505891,9.318,0.9942381562099871,9.376,70991340,9.3513125,0.9984118404633691,9.385123260158695,1.0020217148288666,43.15545243619497,24.91213184103265,16.428571428571242,22.617657945824785
2010-11-15 10:00:00,AAPL,9.372,0.9968091895341418,9.245,0.9947277813643209,9.348,1.003219575016098,9.32,93096556,9.3385625,0.99863655502904,9.381587711572152,1.0032375360755137,39.57446808510632,24.309285497762072,47.79874213836543,22.47538182961085
2010-11-15 11:00:00,AAPL,9.373,1.0001067008109261,9.276,1.0033531638723634,9.329,0.9979674796747967,9.351,51822736,9.332187500000002,0.9993173467543855,9.37657935808909,1.004070953970602,60.67415730337081,23.66092235216132,39.58333333333356,21.11730162710624
2010-11-15 12:00:00,AAPL,9.369,0.999573242291689,9.293,1.0018326865028029,9.351,1.0023582377532425,9.333,29475488,9.328125,0.9995646786993937,9.374143228747272,1.0044958085922802,52.10843373493991,22.93183213093127,77.45098039215723,22.022851696854406
2010-11-15 13:00:00,AAPL,9.366,0.9996797950688441,9.304,1.0011836866458625,9.328,0.9975403700139021,9.354,26422480,9.331624999999999,1.0003752093802345,9.369748635533247,1.0044621652832961,46.101694915254306,21.753619584158415,46.51162790697559,24.60683102501972
2010-11-15 14:00:00,AAPL,9.355,0.9988255391842836,9.282,0.9976354256233878,9.322,0.9993567753001715,9.333,32294808,9.3320625,1.0000468835813698,9.365201146434844,1.0035981028422,52.50965250965246,20.24768856267085,39.53488372092884,26.80321345396021
2010-11-15 15:00:00,AAPL,9.34,0.9983965793693211,9.26,0.9976298211592329,9.294,0.99699635271401,9.323,71343496,9.3270625,0.9994642127611126,9.35842008486962,1.002824411524207,51.515151515151324,18.591469654496965,7.142857142857445,27.200038850785624
2010-11-15 16:00:00,AAPL,9.378,1.00406852248394,9.255,0.9994600431965444,9.287,0.9992468259091888,9.297,15012788,9.3253125,0.9998123739387401,9.351618172024894,1.0026327337277834,49.45454545454543,16.752945849506087,0.0,26.448815929751394
2010-11-15 17:00:00,AAPL,9.328,0.9946683727873746,9.27,1.0016207455429496,9.301,1.0015074835791966,9.291,972412,9.3245,0.9999128715525619,9.346797393736809,1.002303932842659,49.81684981684992,15.216763745188118,16.470588235293526,25.581877959594735
2010-11-15 18:00:00,AAPL,9.337,1.0009648370497428,9.268,0.9997842502696873,9.305,1.000430061283733,9.305,482328,9.325,1.0000536221781327,9.342816689571398,1.0019643615820042,51.071428571428605,13.894220698173198,21.17647058823424,26.00712562679574
2010-11-15 19:00:00,AAPL,9.317,0.9978579843632859,9.268,1.0,9.293,0.9987103707684041,9.307,501480,9.3253125,1.0000335120643433,9.33807224294555,1.0014018491094425,46.06299212598436,12.737393160697941,7.058823529410019,25.665529868995673
2010-11-16 05:00:00,AAPL,9.32,1.0003219920575293,9.278,1.001078981441519,9.307,1.0015065102765524,9.296,11200,9.3260625,1.0000804262591736,9.33511298171264,1.0010509547763295,34.07079646017685,11.71419047944764,23.529411764705635,26.5359618992501
2010-11-16 06:00:00,AAPL,9.303,0.9981759656652361,9.262,0.9982754904074154,9.281,0.9972064037820996,9.293,35560,9.3233125,0.9997051274318609,9.329959364406676,1.0004178466964675,36.051502145922996,10.93990518632642,0.0,26.256437091423404
2010-11-16 07:00:00,AAPL,9.291,0.9987100935182199,9.216,0.9950334700928524,9.239,0.9954746255791402,9.282,437416,9.3154375,0.9991553431250964,9.321296567796516,0.9997837751117444,32.43243243243272,10.66307556193298,0.0,25.806515338684754
2010-11-16 08:00:00,AAPL,9.299,1.0008610483263372,9.206,0.9989149305555556,9.269,1.0032471046650069,9.242,2769312,9.309000000000001,0.9993089428166956,9.316315942292086,1.0000942996281266,34.00809716599224,10.83107259854158,22.55639097744328,26.022871957932402
2010-11-16 09:00:00,AAPL,9.313,1.0015055382299174,9.202,0.9995655007603738,9.238,0.9966555183946487,9.273,71101940,9.300625000000002,0.9991003330110646,9.30885728112141,0.9999846687207443,34.00809716599177,11.329448243937277,0.0,24.20362313164132
2010-11-16 10:00:00,AAPL,9.255,0.9937721464619349,9.136,0.9928276461638773,9.168,0.992422602294869,9.24,115027836,9.291250000000002,0.9989920032255897,9.295442301966991,0.9994427580906649,32.43243243243225,12.2081698831532,0.0,22.247441597994992
2010-11-16 11:00:00,AAPL,9.182,0.9921123716909778,9.058,0.9914623467600702,9.112,0.9938917975567191,9.172,137756192,9.2765,0.9984124848647921,9.277971606541563,0.9985708711466769,20.195439739413445,13.47095900811976,0.0,20.29126006434867
2010-11-16 12:00:00,AAPL,9.162,0.99782182531039,9.089,1.0034223890483551,9.138,1.0028533801580333,9.115,66695020,9.2645625,0.998713146121921,9.264640977347128,0.9987216059232606,18.235294117646987,15.029938199532397,10.878661087865991,19.98293171208726
2010-11-16 13:00:00,AAPL,9.187,1.0027286618642217,9.107,1.0019804158873362,9.166,1.0030641278179033,9.14,48189176,9.253,0.9987519648121538,9.255246598552162,0.9989944585674889,24.444444444444372,16.6857756039157,25.000000000000206,18.716334926622533
2010-11-16 14:00:00,AAPL,9.188,1.0001088494611954,9.095,0.998682332271879,9.123,0.9953087497272528,9.17,53284532,9.2401875,0.9986153139522316,9.242651684404338,0.9988816258947734,32.22222222222217,18.420699608987015,5.238095238094895,16.808266143553716
2010-11-16 15:00:00,AAPL,9.142,0.9949934697431431,9.035,0.993402968664101,9.107,0.9982461909459608,9.125,132721288,9.226750000000001,0.9985457546180747,9.229732476365829,0.9988685268957832,29.29292929292916,20.284268309381673,0.0,12.50543389954498
2010-11-16 16:00:00,AAPL,9.245,1.0112666812513673,9.084,1.0054233536247925,9.103,0.9995607774239597,9.115,18494280,9.2148125,0.9987062074945132,9.21766271671194,0.9990151154753233,25.628140703517573,21.6710123810796,0.0,9.921454571379671
2010-11-16 17:00:00,AAPL,9.127,0.9872363439697135,9.086,1.0002201673271687,9.109,1.0006591233659234,9.103,1229452,9.203687500000003,0.9987927046806435,9.2073138865489,0.9991862435127029,24.62311557788955,22.840921688477867,2.9411764705883376,7.888470835249643
2010-11-16 18:00:00,AAPL,9.131,1.0004382601073736,9.092,1.00066035659256,9.111,1.000219563069492,9.116,852320,9.1918125,0.9987097562797517,9.198141135449005,0.9993973758288731,26.530612244898123,23.80965376058119,3.9215686274514074,7.709510362171532
2010-11-16 19:00:00,AAPL,9.137,1.0006571021793889,9.096,1.0004399472063352,9.124,1.0014268466688618,9.114,314888,9.180499999999999,0.9987692851654665,9.191080074930051,0.9999203176664071,24.210526315789565,24.61860100488681,10.294117647059181,8.281405787008152
2010-11-17 05:00:00,AAPL,9.158,1.0022983473787894,9.123,1.0029683377308707,9.138,1.0015344147303813,9.149,16660,9.1708125,0.9989447742497687,9.186024829698617,1.0006018005226969,28.61035422343329,25.20305474716783,17.156862745098056,8.31953214866396
2010-11-17 06:00:00,AAPL,9.144,0.9984712819392881,9.115,0.9991230954729805,9.131,0.9992339680455242,9.135,16800,9.159812500000001,0.9988005424819231,9.180784369727322,1.0010873485557927,35.103244837758,25.639267856451458,15.730337078651877,8.016969175909383
2010-11-17 07:00:00,AAPL,9.158,1.0015310586176727,9.082,0.9963795940756994,9.116,0.9983572445515277,9.148,257740,9.1495,0.9988741581773642,9.17461442975329,1.0016159642736453,28.164556962025387,25.937940134488016,7.831325301204742,8.05988594100909
2010-11-17 08:00:00,AAPL,9.156,0.9997816117056127,9.096,1.0015415106804668,9.118,1.0002193944712594,9.124,3067876,9.141937499999997,0.9991734521012074,9.169222579300596,1.0021555909394608,29.66666666666673,26.024184483885687,9.036144578313575,7.254704430653975
2010-11-17 09:00:00,AAPL,9.167,1.0012013979903887,9.063,0.9963720316622692,9.104,0.9984645755648167,9.125,70663992,9.131625,0.9988719568472222,9.163010905081492,1.0023051355450083,39.22413793103476,25.987509244082187,0.7407407407403314,7.295856694028438
2010-11-17 10:00:00,AAPL,9.203,1.0039271299225483,9.088,1.0027584684982895,9.166,1.006810193321617,9.106,87377864,9.127125,0.9995072070962178,9.163295580788017,1.00346823054911,47.894736842105054,25.765467287398415,96.92307692307861,12.680472078643916
2010-11-17 11:00:00,AAPL,9.187,0.9982614364881017,9.12,1.0035211267605635,9.158,0.9991272092515818,9.17,45089492,9.1265,0.9999315227960612,9.162791239760585,1.0039077189981056,56.194690265486706,25.251775310123026,87.301587301586,16.277427429985178
2010-11-17 12:00:00,AAPL,9.181,0.9993469032328289,9.122,1.0002192982456142,9.144,0.9984712819392881,9.162,23814140,9.128499999999999,1.0002191420588395,9.161001597878624,1.0037803755961896,48.0582524271843,24.31969740962154,65.07936507936503,19.892947712172127
2010-11-17 13:00:00,AAPL,9.166,0.9983661910467271,9.105,0.9981363736022802,9.131,0.998578302712161,9.147,31871784,9.1280625,0.9999520731774115,9.158144302842565,1.0032474451270819,55.932203389830626,23.102610472490994,44.444444444444756,22.362083514641277
2010-11-17 14:00:00,AAPL,9.164,0.9997818023128954,9.092,0.9985722130697419,9.118,0.998576278611324,9.135,34429472,9.125062499999999,0.9996713431793437,9.154321035905179,1.0028766823085598,56.89655172413807,21.796547413695226,23.80952380952448,23.68483483739264
2010-11-17 15:00:00,AAPL,9.131,0.996398952422523,8.988,0.9885613726352837,9.08,0.9958324193902172,9.12,166342960,9.122375000000002,0.9997054814693054,9.147242842009447,1.0024307057633248,54.098360655737785,20.69985254609285,0.0,23.080464776955637
2010-11-17 16:00:00,AAPL,9.123,0.9991238637608147,9.005,1.0018914107699155,9.085,1.0005506607929515,9.088,9315432,9.121,0.9998492717082995,9.14131495229426,1.0020762084757817,43.255813953488506,19.612092240352485,5.813953488372982,22.014573304087456
2010-11-17 17:00:00,AAPL,9.098,0.9972596733530639,9.062,1.0063298167684618,9.085,1.0,9.084,198996,9.119875,0.9998766582611556,9.135951623504331,1.0016392526591744,44.03669724770657,18.925010488230686,5.813953488372982,22.04656542910291
2010-11-17 18:00:00,AAPL,9.111,1.0014288854693338,9.066,1.0004414036636506,9.098,1.0014309301045679,9.09,396900,9.1191875,0.9999246151948354,9.132337183170584,1.0013664861821663,40.487804878049026,18.524760821816344,20.930232558140254,23.209356126777365
2010-11-17 19:00:00,AAPL,9.128,1.001865876413127,9.079,1.001433928965365,9.115,1.0018685425368212,9.096,373240,9.119437500000002,1.0000274147230772,9.130686022868623,1.0012609152809526,40.19607843137297,18.31019196339934,40.69767441860468,25.47033803892207
2010-11-18 04:00:00,AAPL,9.231,1.0112839614373357,9.182,1.0113448617689174,9.197,1.0089961601755346,9.216,30800,9.124,1.000500304980433,9.137001639738278,1.0019260113069777,46.26168224299072,17.850106521779985,100.0,30.862494901667155
2010-11-18 05:00:00,AAPL,9.211,0.9978333874986459,9.176,0.9993465475931169,9.193,0.9995650755681201,9.202,24220,9.127437500000001,1.0003767536168349,9.142334816906061,1.0020095152242503,64.41281138790015,17.3094648656971,96.58119658119693,36.01025201020858
2010-11-18 06:00:00,AAPL,9.219,1.0008685267614807,9.183,1.0007628596338274,9.205,1.0013053410203416,9.201,81200,9.132062500000002,1.0005067139599697,9.148302929581675,1.002286011772929,63.250883392225965,16.65886889325527,100.0,40.99391214092751
2010-11-18 07:00:00,AAPL,9.228,1.0009762447120079,9.17,0.9985843406294239,9.193,0.998696360673547,9.207,752136,9.136875000000002,1.000526989384928,9.152559793431038,1.0022445415185273,67.97153024911043,15.889392878761111,90.39999999999964,45.062975321755374
2010-11-18 08:00:00,AAPL,9.234,1.0006501950585176,9.172,1.0002181025081789,9.207,1.0015228978570654,9.195,3822560,9.1424375,1.0006087967713249,9.157744575009033,1.002284104248885,55.84415584415569,15.013677310479178,100.0,49.74462326183028
2010-11-18 09:00:00,AAPL,9.279,1.0048732943469785,9.188,1.001744439598779,9.262,1.005973715651135,9.209,86734592,9.152312499999999,1.0010801277011736,9.167673663103411,1.002760332034363,60.337552742616296,13.831945926334592,100.0,54.865105189541126
2010-11-18 10:00:00,AAPL,9.347,1.0073283759025757,9.245,1.006203744013931,9.325,1.0068019866119626,9.265,115562356,9.162249999999998,1.001085791159338,9.18265712376023,1.0033155143861434,71.22302158273384,12.313855147054122,100.0,59.91865271296815
2010-11-18 11:00:00,AAPL,9.355,1.0008558895902429,9.297,1.0056246619794484,9.339,1.0015013404825739,9.329,50251628,9.1735625,1.0012346858031598,9.19754692149735,1.0038524294247977,79.57317073170722,11.196142277888589,100.0,65.43305600514924
2010-11-18 12:00:00,AAPL,9.375,1.0021378941742383,9.32,1.0024739163170915,9.34,1.0001070778455936,9.342,52491152,9.185812499999999,1.001335359082145,9.211113881354747,1.004093434950135,83.58662613981758,10.655423979093477,100.0,65.60399617608931
2010-11-18 13:00:00,AAPL,9.361,0.9985066666666668,9.315,0.9994635193133047,9.336,0.9995717344753747,9.345,27778044,9.198625000000002,1.0013948140134585,9.2230077974162,1.0040492114787016,94.52054794520546,10.605717781213164,98.46153846153862,66.22399346275336
2010-11-18 14:00:00,AAPL,9.364,1.0003204785813482,9.294,0.9977455716586152,9.341,1.000535561268209,9.339,47166224,9.2125625,1.0015151721045263,9.234245150043229,1.0038723341850795,93.12714776632313,10.911407362180087,100.0,68.16402873612196
2010-11-18 15:00:00,AAPL,9.367,1.0003203759077317,9.298,1.0004303851947494,9.329,0.9987153409699178,9.345,77961576,9.228125,1.0016892694079416,9.243269421467684,1.0033331574648945,93.24324324324333,11.900519542807523,95.31250000000048,70.99003182254172
2010-11-18 16:00:00,AAPL,9.37,1.0003202732998824,9.071,0.9755861475586147,9.35,1.002251045128095,9.323,20760040,9.244687500000001,1.001794784964443,9.253434238470762,1.0027426198139666,89.15254237288181,12.522105119878416,100.0,75.22283605534591
2010-11-18 17:00:00,AAPL,9.367,0.9996798292422627,9.314,1.0267886671811266,9.354,1.000427807486631,9.355,951832,9.261499999999998,1.0018186120406987,9.263011930044975,1.0019821578657984,89.29765886287669,12.867674979394476,100.0,80.77839161090147
2010-11-18 18:00:00,AAPL,9.37,1.0003202732998824,9.31,0.9995705389735882,9.347,0.9992516570451144,9.357,937916,9.277062499999998,1.0016803433569077,9.271010793850214,1.0010269172218558,85.52036199095079,12.966920609331178,97.0711297071131,85.84823473416482
2010-11-18 19:00:00,AAPL,9.37,1.0,9.314,1.0004296455424275,9.333,0.9985021932170751,9.353,851900,9.2906875,1.0014686761030231,9.276914527769241,0.9999840496675799,84.3750000000005,12.839965998830552,86.956521739131,90.35615519254026
2010-11-19 04:00:00,AAPL,9.361,0.9990394877267877,9.305,0.9990337126905733,9.32,0.9986070931104682,9.345,14000,9.298374999999998,1.0008274414568348,9.281017906076933,0.9989592165355827,78.31858407079704,12.24594751805422,78.88198757764037,93.57569713806805
2010-11-19 05:00:00,AAPL,9.353,0.9991453904497382,9.295,0.99892530897367,9.34,1.002145922746781,9.323,19600,9.3075625,1.0009880758734726,9.28663524835532,0.9987374405049616,77.9735682819391,11.282113009269887,91.30434782608734,96.3871789940393
2010-11-19 06:00:00,AAPL,9.365,1.0012830107986743,9.333,1.0040882194728349,9.352,1.0012847965738758,9.351,5600,9.316749999999999,1.000987100543241,9.292860462797671,0.9984204202547844,78.54077253218945,10.054417080221079,98.75776397515597,96.31816588154797
2010-11-19 07:00:00,AAPL,9.357,0.999145755472504,9.261,0.9922854387656701,9.3,0.9944396920444825,9.33,136500,9.323437499999999,1.0007177932218854,9.293540418721703,0.9975088328786008,73.68421052631648,9.299984881551406,63.26530612244962,94.46728307828421
2010-11-19 08:00:00,AAPL,9.35,0.9992518969755264,9.276,1.0016196954972465,9.327,1.0029032258064516,9.303,1504468,9.330937500000001,1.0008044243338363,9.296727045510112,0.997135128058735,43.01675977653652,9.108247399629217,70.6521739130439,92.83684829567555
2010-11-19 09:00:00,AAPL,9.34,0.9989304812834224,9.252,0.9974126778783959,9.275,0.9944247882491691,9.33,91715568,9.331750000000001,1.0000870759235072,9.294657803080577,0.9961118915522236,46.874999999999766,9.5552274191154,0.0,87.81462607345334
2010-11-19 10:00:00,AAPL,9.312,0.9970021413276231,9.231,0.9977302204928663,9.277,1.0002156334231804,9.279,79199932,9.328750000000001,0.9996785168912583,9.292976107549094,0.9958449495056225,36.62551440329191,10.772365851783164,2.531645569618887,82.39971749398772
2010-11-19 11:00:00,AAPL,9.295,0.9981743986254296,9.214,0.998158379373849,9.258,0.9979519241133987,9.281,54573456,9.3236875,0.9994573227924426,9.289645049687275,0.9958081253852096,37.759336099584466,12.650669430265228,0.0,76.84416193843217
2010-11-19 12:00:00,AAPL,9.291,0.9995696611081227,9.227,1.0014108964619057,9.272,1.00151220565997,9.262,28107884,9.319437500000001,0.9995441717668038,9.287964568764679,0.9961685833812726,33.725490196077985,15.103700265559318,14.58333333333449,72.09879156806187
2010-11-19 13:00:00,AAPL,9.305,1.0015068345710902,9.253,1.0028178172753874,9.288,1.001725625539258,9.275,23535708,9.316437500000001,0.9996780921595322,9.287967943168042,0.9966232343065813,38.91050583657564,17.916751958602788,31.250000000001158,68.27934712361748
2010-11-19 14:00:00,AAPL,9.324,1.0020419129500269,9.264,1.0011888036312546,9.285,0.9996770025839793,9.291,33105212,9.3129375,0.9996243199184237,9.28768528191394,0.9969138183896945,37.69841269841268,20.87440928726002,28.12500000000104,64.286291568062
2010-11-19 15:00:00,AAPL,9.308,0.9982839982839983,9.23,0.9963298791019,9.279,0.9993537964458804,9.289,55357036,9.3098125,0.9996644452945163,9.28685811220785,0.9971996603872677,36.25498007968133,23.97669733446382,21.87500000000081,60.03148387575436
2010-11-19 16:00:00,AAPL,9.314,1.0006446067898582,9.254,1.0026002166847237,9.276,0.9996766892984158,9.282,12198368,9.3051875,0.9995032123364462,9.285824006283292,0.9974233107576863,36.399999999999984,26.78116003420136,18.750000000000693,55.517594986865475
2010-11-19 17:00:00,AAPL,9.293,0.9977453296113377,9.261,1.0007564296520424,9.278,1.0002156101768005,9.28,239288,9.300437500000001,0.9994895320486556,9.28507886282774,0.9978389863533368,38.075313807531245,29.321847657283758,21.276595744682016,51.40448919490334
2010-11-19 18:00:00,AAPL,9.293,1.0,9.259,0.9997840406003673,9.275,0.9996766544513904,9.281,198072,9.295937499999999,0.9995161517939343,9.28411897112986,0.9982454020179007,40.78947368421055,31.640407281711113,18.08510638297981,46.85366177173557
2010-11-19 19:00:00,AAPL,9.294,1.0001076078768967,9.261,1.0002160060481693,9.282,1.000754716981132,9.279,157360,9.29275,0.9996571082798266,9.283917164355588,0.9987069259400236,34.5971563981044,33.75542556583558,25.531914893617664,42.7165459324921
2010-11-22 05:00:00,AAPL,9.325,1.003335485259307,9.285,1.0025915127955944,9.312,1.0032320620555915,9.303,36400,9.292250000000001,0.999946194614081,9.286591720131245,0.9993373027501272,33.00970873786396,35.49399525836053,57.44680851063786,40.51519475491014
2010-11-22 06:00:00,AAPL,9.318,0.9992493297587132,9.267,0.9980613893376413,9.282,0.996778350515464,9.309,39200,9.288625000000001,0.9996098899620652,9.28615441345208,0.9993440139311877,53.26086956521705,36.92384965106022,25.531914893617664,37.10271659682607
2010-11-22 07:00:00,AAPL,9.306,0.9987121699935608,9.255,0.9987050825509876,9.291,1.0009696186166774,9.285,236040,9.284812500000001,0.9995895517366671,9.286615897885214,0.9997837029576727,37.96791443850265,38.1849795187233,47.82608695652297,35.37738878454177
2010-11-22 08:00:00,AAPL,9.325,1.0020416935310552,9.241,0.9984873041599135,9.262,0.9968786998170273,9.294,1413496,9.2824375,0.999744205927691,9.28427152665805,0.999941735674043,55.55555555555556,39.05208812879399,5.7971014492772275,30.62698620805232
2010-11-22 09:00:00,AAPL,9.411,1.0092225201072387,9.226,0.9983767990477223,9.389,1.0137119412653852,9.264,61299840,9.286312500000001,1.000417455005757,9.294245666976332,1.001272097654989,45.614035087719685,39.10160399940216,100.0,30.695999320543656
2010-11-22 10:00:00,AAPL,9.404,0.9992561895654022,9.292,1.007153696076306,9.333,0.9940355735435085,9.391,70609392,9.289937499999999,1.0003903594672263,9.29793655583573,1.0012517407567028,73.47670250896063,38.4484704239709,57.25190839694728,30.36192166912686
2010-11-22 11:00:00,AAPL,9.376,0.9970225435984686,9.289,0.9996771416272062,9.357,1.0025715204114432,9.334,33315660,9.2949375,1.000538216753342,9.303561645756135,1.0014665486991852,59.50155763239881,37.1931948298923,75.57251908396948,30.635274178622726
2010-11-22 12:00:00,AAPL,9.374,0.9997866894197953,9.273,0.9982775325654,9.314,0.9954045099925191,9.36,47829544,9.298437499999999,1.0003765490623255,9.30455577473174,1.0010347863804077,60.4863221884498,35.46791396332437,40.94488188976382,32.909989839165156
2010-11-22 13:00:00,AAPL,9.357,0.9981864732238104,9.28,1.0007548797584385,9.338,1.002576766158471,9.317,26264056,9.302562499999997,1.0004436229205174,9.307740939043004,1.0010005378906945,53.92953929539298,33.387847278278386,59.842519685038894,36.093927290021824
2010-11-22 14:00:00,AAPL,9.407,1.0053435930319548,9.317,1.0039870689655173,9.394,1.0059970014992505,9.34,45030244,9.309187499999998,1.0007121693619367,9.315956087705574,1.0014397740091052,57.62273901808786,30.871757581544916,100.0,41.64948284557738
2010-11-22 15:00:00,AAPL,9.487,1.0085043053045604,9.359,1.0045078888054095,9.474,1.0085160740898447,9.398,88155564,9.320999999999998,1.0012689077322805,9.331007888876472,1.0023439627654374,63.40909090909107,27.777748654444522,100.0,46.39485321594768
2010-11-22 16:00:00,AAPL,9.5,1.0013702961947928,9.247,0.9880329094988781,9.482,1.0008444162972345,9.477,11784332,9.333687499999998,1.0013611736938097,9.345388089935856,1.0026164671103805,68.91891891891906,24.580676073388478,100.0,50.21429766039206
2010-11-22 17:00:00,AAPL,9.505,1.0005263157894737,9.467,1.0237914999459286,9.49,1.0008437038599451,9.486,894600,9.3470625,1.0014329813377618,9.359160652799108,1.0027291628093515,69.78967495219896,21.98751173623002,100.0,54.20735321594756
2010-11-22 18:00:00,AAPL,9.503,0.9997895844292477,9.457,0.9989436991655224,9.476,0.9985247629083246,9.493,788396,9.359437499999999,1.0013239453571643,9.370288209675385,1.0024848137770968,69.84732824427499,19.96075840162461,93.8596491228073,58.206500389436805
2010-11-22 19:00:00,AAPL,9.491,0.9987372408713038,9.454,0.9996827746642698,9.469,0.9992612916842548,9.481,616616,9.3715625,1.001295483836502,9.379689332563444,1.0021637873604525,66.14173228346485,18.382362256868266,90.78947368421017,62.20869337189289
2010-11-23 04:00:00,AAPL,9.436,0.9942050363502266,9.382,0.9923841760101544,9.422,0.9950364346815926,9.406,50400,9.380312499999999,1.000933675681083,9.383718919938355,1.0012971604189116,69.27835051546394,16.896014688861865,70.17543859649136,64.92529575254898
2010-11-23 05:00:00,AAPL,9.416,0.9978804578211107,9.388,1.0006395224898743,9.402,0.9978773084270854,9.406,33600,9.385937499999999,1.0005996601925575,9.385459975182322,1.0005487530593808,62.52390057361388,15.412761340962088,61.40350877192936,67.33187366304617
2010-11-23 06:00:00,AAPL,9.437,1.0022302463891248,9.38,0.9991478483170005,9.402,1.0,9.421,33600,9.393437499999997,1.0007990677542864,9.387035215641149,1.0001169532229626,63.6186770428015,14.05916358003761,61.40350877192936,69.32473998961905
2010-11-23 07:00:00,AAPL,9.416,0.9977747165412738,9.364,0.9982942430703625,9.388,0.9985109551159328,9.406,373296,9.399499999999998,1.0006453973851426,9.3871270998658,0.999328211835742,51.67958656330749,12.814742104366523,55.26315789473666,69.20342606651343
2010-11-23 08:00:00,AAPL,9.461,1.0047790994052677,9.372,1.0008543357539512,9.422,1.0036216446527482,9.394,5265848,9.4095,1.0010638863769352,9.390448328450011,0.999037004994948,57.97101449275361,11.793846637809695,61.363636363636616,71.19407725929226
2010-11-23 09:00:00,AAPL,9.438,0.9975689673396048,9.321,0.9945582586427657,9.344,0.9917215028656335,9.424,78731828,9.406687499999999,0.9997010999521759,9.386024678121439,0.997505146726334,59.154929577464955,10.602309027805783,17.045454545454167,69.484042125344
2010-11-23 10:00:00,AAPL,9.384,0.9942784488239034,9.303,0.9980688767299647,9.354,1.001070205479452,9.347,88440520,9.407999999999998,1.0001395283940282,9.38297470877654,0.997479156055364,53.84615384615374,9.462667708923103,22.727272727272222,70.42460719634373
2010-11-23 11:00:00,AAPL,9.369,0.9984015345268542,9.273,0.9967752337955497,9.321,0.9964720974983965,9.357,84082208,9.40575,0.9997608418367349,9.377072355559726,0.9967126228273521,52.12765957446807,8.793107473842017,3.977272727272538,65.09001123674776
2010-11-23 12:00:00,AAPL,9.341,0.9970114206425446,9.282,1.000970559689421,9.318,0.9996781461216607,9.324,40583032,9.406,1.0000265794859529,9.37144641693499,0.9963529135831796,39.660056657223784,8.445866286731045,0.0,61.909349659139565
2010-11-23 13:00:00,AAPL,9.335,0.9993576704849589,9.277,0.9994613229907346,9.294,0.9974243399871218,9.323,32382476,9.403250000000002,0.9997076334254732,9.364070567703086,0.9955422674572705,21.739130434782666,8.362279156275706,0.0,57.71087637669681
2010-11-23 14:00:00,AAPL,9.33,0.9994643813604712,9.254,0.9975207502425353,9.303,1.000968366688186,9.298,53917612,9.397562500000001,0.9993951559301305,9.358254323159935,0.9952148802977623,17.808219178082567,8.691395763731064,4.591836734694058,55.69126275697071
2010-11-23 15:00:00,AAPL,9.365,1.0037513397642015,9.278,1.0025934730927168,9.334,1.0033322584112652,9.306,84931168,9.3888125,0.9990689074959597,9.355944387620893,0.9955713928607436,18.088737201365404,9.478735673164504,20.408163265305717,53.50046517809664
2010-11-23 16:00:00,AAPL,9.483,1.012600106780566,9.292,1.0015089458935114,9.331,0.9996785943861153,9.337,45429356,9.379375,0.998994814306921,9.353568731656999,0.9962461953156482,27.096774193548228,10.007052431040718,18.877551020407697,48.993662457008185
2010-11-23 17:00:00,AAPL,9.351,0.9860803543182538,9.304,1.0012914334911753,9.32,0.9988211338548924,9.335,767452,9.368749999999997,0.9988671953088556,9.350371709594427,0.9969077587359955,27.450980392156822,10.340294820125804,14.285714285714146,44.23175769510341
2010-11-23 18:00:00,AAPL,9.355,1.0004277617367126,9.311,1.0007523645743766,9.339,1.002038626609442,9.329,1285732,9.360187499999999,0.9990860573715813,9.349288689633052,0.997922742055563,31.11111111111103,10.476952309235486,25.71428571428583,40.10477356811928
2010-11-23 19:00:00,AAPL,9.355,1.0,9.315,1.0004295993985608,9.333,0.9993575329264375,9.343,293328,9.3516875,0.9990918985330157,9.347737385858476,0.9986698862451716,38.289962825278955,10.448541419768441,30.46874999999974,36.24192634589704
2010-11-24 04:00:00,AAPL,9.355,1.0,9.253,0.9933440687063876,9.282,0.994535519125683,9.336,56000,9.342937500000001,0.9990643399921139,9.341476682443384,0.9989081310130801,37.45454545454557,10.263211303687216,0.0,31.027501394629976
2010-11-24 05:00:00,AAPL,9.316,0.9958311063602352,9.267,1.001513022803415,9.303,1.002262443438914,9.285,30800,9.33675,0.9993377350538841,9.337812236496394,0.9994514291138512,33.0128205128205,9.955561738176165,15.000000000000508,26.816975078840557
2010-11-24 06:00:00,AAPL,9.364,1.005152425933877,9.3,1.003561022984785,9.334,1.0033322584112652,9.318,89600,9.332500000000001,0.9995448094893835,9.33744916635388,1.0000748832681479,30.100334448160538,9.447137020585242,37.142857142856705,24.98183166474974
2010-11-24 07:00:00,AAPL,9.388,1.0025630072618539,9.318,1.0019354838709675,9.373,1.0041782729805013,9.336,556248,9.3315625,0.9998995446021965,9.340834960034464,1.0008931111743329,48.015873015873034,8.6683946765339,64.99999999999923,25.181636732975846
2010-11-24 08:00:00,AAPL,9.478,1.0095867064337452,9.354,1.0038634900193175,9.439,1.0070415021871333,9.378,6912416,9.332624999999998,1.0001138608887845,9.350184011459753,1.001995540560303,53.38078291814952,7.74040185469936,100.0,27.325886245646434
2010-11-24 09:00:00,AAPL,9.472,0.9993669550538088,9.41,1.005986743639085,9.444,1.000529717131052,9.444,71619268,9.338874999999998,1.0006696936821098,9.359118867511206,1.0028388441099056,68.7898089171976,7.445116847717486,100.0,29.811266362605508
2010-11-24 10:00:00,AAPL,9.537,1.0068623310810811,9.42,1.0010626992561105,9.517,1.007729775518848,9.448,110265092,9.349062499999999,1.0010908701529897,9.374155165843472,1.0037777747152066,69.93670886075975,7.879657450517475,100.0,31.957731009070145
2010-11-24 11:00:00,AAPL,9.534,0.9996854356715948,9.485,1.006900212314225,9.512,0.999474624356415,9.522,41505884,9.360999999999999,1.0012768659959221,9.38728324528695,1.0040881901567082,80.54794520547944,8.968445601695912,97.87234042553233,36.448113557963374
2010-11-24 12:00:00,AAPL,9.532,0.9997902244598279,9.492,1.000738007380074,9.516,1.0004205214465938,9.514,27141912,9.373375000000001,1.0013219741480615,9.39954198383105,1.004117293433506,78.94736842105281,10.55129188894728,99.57446808510662,40.717402188954175
2010-11-24 13:00:00,AAPL,9.537,1.0005245488879564,9.499,1.0007374631268435,9.522,1.0006305170239598,9.52,29725052,9.387624999999998,1.001520263512342,9.411204652037616,1.0040358624335008,77.24550898203616,12.525929378909213,100.0,46.05199814855015
2010-11-24 14:00:00,AAPL,9.549,1.0012582573136204,9.493,0.9993683545636383,9.524,1.0002100399075824,9.525,42302176,9.4014375,1.0014713519127576,9.421947066129272,1.0036560968433734,78.33827893175102,14.86762166672027,100.0,51.6075537041057
2010-11-24 15:00:00,AAPL,9.544,0.9994763849617762,9.493,1.0,9.517,0.9992650146997061,9.527,60687900,9.412875,1.0012165692746455,9.430999726497912,1.0031444368478664,81.09756097560981,17.39854367431499,97.10743801652904,57.00241137169064
2010-11-24 16:00:00,AAPL,9.538,0.999371332774518,9.421,0.9924154640261245,9.514,0.9996847746138489,9.52,17889116,9.424312500000001,1.00121509103223,9.438904514450492,1.0027653096902374,78.16455696202542,19.531706479955165,95.8677685950414,62.073296475043286
2010-11-24 17:00:00,AAPL,9.534,0.9995806248689453,9.496,1.0079609383292645,9.517,1.000315324784528,9.52,799904,9.436625000000001,1.00130646134665,9.44634217974092,1.0023375370607586,78.91373801916947,21.32218583123477,97.10743801652904,66.33436729455568
2010-11-24 18:00:00,AAPL,9.532,0.9997902244598279,9.498,1.0002106149957877,9.513,0.9995796994851319,9.521,227360,9.4475,1.0011524247281203,9.45269054357512,1.0017024670976242,94.33962264150982,22.809972886947833,95.45454545454575,70.58864476311891
2010-11-24 19:00:00,AAPL,9.537,1.0005245488879564,9.498,1.0,9.523,1.0010511931041732,9.519,350140,9.459375000000001,1.0012569462820853,9.45938668228225,1.0012581828295581,92.33870967741989,24.049345432208817,99.58677685950435,75.32759268388503
2010-11-26 04:00:00,AAPL,9.531,0.9993708713431897,9.378,0.987365761212887,9.393,0.9863488396513704,9.521,44800,9.466312499999999,1.0007333994053516,9.453064141112511,0.9993328461037341,91.62995594713718,24.832820463454127,40.723981900452735,76.16146469422763
2010-11-26 05:00:00,AAPL,9.428,0.9891931591648305,9.365,0.9986137769247174,9.389,0.9995741509634833,9.406,19600,9.471687500000002,1.0005678029327685,9.44696279433989,0.9979559405354399,53.14465408805057,25.199505519988616,28.94736842105256,76.07694349539724
2010-11-26 06:00:00,AAPL,9.433,1.0005303351718284,9.38,1.001601708489055,9.42,1.0033017360741294,9.398,74200,9.477062499999999,1.0005674807155533,9.444394909164663,0.9971185080973861,40.23437499999974,25.138548253296765,31.125827814569973,77.80615615176224
2010-11-26 07:00:00,AAPL,9.504,1.0075267677303084,9.404,1.0025586353944562,9.473,1.0056263269639067,9.423,447776,9.4833125,1.000659487050972,9.447119203529933,0.9968404453943334,45.74468085106361,24.856973423685822,62.222222222223365,80.42961294188574
2010-11-26 08:00:00,AAPL,9.498,0.9993686868686869,9.448,1.004678860059549,9.483,1.0010556317956296,9.474,3888192,9.4860625,1.0002899830623528,9.450536422241369,0.9965438154907759,41.6030534351147,24.182991618878468,69.62962962963063,82.2344336355954
2010-11-26 09:00:00,AAPL,9.574,1.0080016845651716,9.446,0.9997883149872988,9.547,1.0067489191184225,9.486,65872128,9.4925,1.0006786271964792,9.459723429646953,0.9972233927034482,44.56928838951311,23.39596329071155,100.0,84.17887808003988
2010-11-26 10:00:00,AAPL,9.618,1.004595780238145,9.526,1.0084691933093373,9.549,1.0002094898921126,9.549,82994744,9.494499999999999,1.0002106926520937,9.468225960156769,0.9974428190842001,54.740061162079606,22.477329534883673,100.0,84.17887808003987
2010-11-26 11:00:00,AAPL,9.592,0.9972967352880017,9.531,1.0005248792777661,9.563,1.0014661221070271,9.552,39211984,9.4976875,1.000335720680394,9.477252059189459,0.9981833755531582,54.1795665634674,21.46853891883781,100.0,84.17887808003987
2010-11-26 12:00:00,AAPL,9.58,0.9987489574645537,9.52,0.9988458713671177,9.546,0.9982223151730627,9.566,38183040,9.499562499999998,1.000197416476379,9.483799482123796,0.9985377474383945,55.82089552238826,20.363862594762544,90.22988505747063,83.63609391656604
2010-11-26 13:00:00,AAPL,9.569,0.9988517745302715,9.496,0.9974789915966388,9.514,0.9966478106012989,9.55,4628064,9.499062499999999,0.9999473659971184,9.48667572192153,0.9986434345709639,54.202898550724605,19.102678498683446,71.83908045976959,82.18980169624587
2010-11-26 14:00:00,AAPL,9.531,0.996028843139304,9.458,0.9959983150800337,9.518,1.0004204330460376,9.518,123256,9.4986875,0.9999605224199758,9.489658986500434,0.9990100587821624,50.0,17.598277532610762,74.13793103448299,80.77666074898902
2010-11-26 15:00:00,AAPL,9.535,1.0004196831392298,9.498,1.0042292239374073,9.513,0.9994746795545282,9.52,211708,9.498437500000001,0.9999736805742899,9.49188194016706,0.9992835262942442,50.133333333333496,15.944599900084153,71.26436781609175,79.18023673877188
2010-11-26 16:00:00,AAPL,9.532,0.9996853696906135,9.498,1.0,9.516,1.000315357931252,9.517,149352,9.498562499999998,1.00001316005922,9.494178898246387,0.9995516523898152,50.0,14.430515450833507,72.9885057471263,77.67959816916779
2010-11-29 04:00:00,AAPL,9.624,1.009651699538397,9.548,1.0052642661612972,9.591,1.0078814627994954,9.566,75040,9.5031875,1.0004869157833094,9.503399955556256,1.0005092829105728,49.05149051490521,13.319962546485554,100.0,77.84029605713839
2010-11-29 05:00:00,AAPL,9.588,0.9962593516209475,9.534,0.9985337243401761,9.549,0.9956208945886769,9.578,22400,9.505437500000001,1.0002367626651587,9.507742816931852,1.0004793462121897,81.52866242038141,12.488070720564217,79.20792079207929,76.91474895697382
2010-11-29 06:00:00,AAPL,9.576,0.9987484355444307,9.531,0.9996853366897419,9.563,1.0014661221070271,9.552,36400,9.5079375,1.0002630073576309,9.513005405795486,1.0007961659624278,72.72727272727249,11.85710535116813,86.13861386138679,76.3053698372437
2010-11-29 07:00:00,AAPL,9.581,1.0005221386800334,9.509,0.9976917427342357,9.552,0.9988497333472759,9.557,897260,9.517874999999998,1.0010451793567214,9.516719176672106,1.0009236153132166,71.34328358208937,11.72006534521571,80.69306930693084,75.48528782904287
2010-11-29 08:00:00,AAPL,9.6,1.0019830915353303,9.537,1.0029445788200653,9.569,1.0017797319933,9.555,4094580,9.529124999999999,1.0011819865253537,9.521698302703335,1.0004016970913505,63.48122866894157,12.071313471271745,87.13450292397746,74.7934948326247
2010-11-29 09:00:00,AAPL,9.584,0.9983333333333333,9.444,0.9902485058194401,9.486,0.9913261573832166,9.571,80792712,9.53325,1.0004328833969542,9.518298464350638,0.9988638478717237,64.33333333333309,12.464149258592702,11.016949152542423,73.14310412440746
2010-11-29 10:00:00,AAPL,9.517,0.9930091819699499,9.399,0.9952350698856415,9.47,0.9983133038161501,9.487,88596200,9.5330625,0.999980331995909,9.513698610602958,0.9979491370312283,40.438871473354425,12.550898272117253,0.0,71.53491698990454
2010-11-29 11:00:00,AAPL,9.506,0.9988441735841127,9.437,1.0040429832960953,9.462,0.9991552270327348,9.474,44054556,9.53175,0.9998623212634975,9.508774933402675,0.9974522807757397,38.13813813813857,12.401111916168432,0.0,69.80570433353954
2010-11-29 12:00:00,AAPL,9.5,0.9993688196928255,9.43,0.9992582388470913,9.471,1.0009511731135068,9.464,34901832,9.527,0.9995016654864006,9.505177320697658,0.9972121930073342,34.5565749235476,11.850584046631665,6.9767441860468,66.73651110930751
2010-11-29 13:00:00,AAPL,9.485,0.9984210526315789,9.436,1.0006362672322375,9.461,0.9989441452856087,9.474,22726704,9.521500000000001,0.999422693397712,9.50096995682169,0.9972677607664208,38.244514106583416,10.858889078227518,0.0,62.868198352105814
2010-11-29 14:00:00,AAPL,9.567,1.0086452293094361,9.441,1.0005298855447224,9.546,1.0089842511362435,9.465,60333364,9.5204375,0.9998884104395315,9.50525853236248,0.9982942322493809,41.077441077441414,9.76877277562931,65.38461538461517,60.945121429028895
2010-11-29 15:00:00,AAPL,9.612,1.0047036688617121,9.52,1.008367757652791,9.579,1.0034569453174105,9.549,91371896,9.5225,1.0002166392038183,9.51228152928034,0.9991433197560868,53.703703703703496,8.786260490513277,90.76923076923171,60.43230091620843
2010-11-29 16:00:00,AAPL,9.602,0.9989596337910945,9.492,0.9970588235294119,9.57,0.9990604447228312,9.583,6028680,9.526,1.0003675505381988,9.517778526491735,0.9995041771059842,58.128078817734,7.889366444614774,83.84615384615448,59.53486501877257
2010-11-29 17:00:00,AAPL,9.585,0.9982295355134347,9.551,1.0062157606405393,9.566,0.9995820271682341,9.574,315364,9.529,1.0003149275666596,9.522371047778236,0.9996190476357586,56.55339805825239,7.1866095105005705,80.76923076923171,59.0092731138704
2010-11-29 18:00:00,AAPL,9.593,1.0008346374543557,9.549,0.9997905978431577,9.567,1.0001045369015262,9.57,3127964,9.532375000000002,1.0003541819708262,9.526621424180309,0.999750385578792,46.33431085044014,6.650415740503324,81.53846153846206,59.548127618242205
2010-11-29 19:00:00,AAPL,9.593,1.0,9.548,0.9998952769923553,9.578,1.0011497857217517,9.567,491988,9.53625,1.0004065093956123,9.531514621877422,0.9999097414733915,53.00000000000008,6.248178448780903,90.0,60.42935367188204
2010-11-30 04:00:00,AAPL,9.537,0.9941624100906912,9.484,0.99329702555509,9.505,0.9923783670912509,9.527,78400,9.530875000000002,0.9994363612531132,9.528989419793858,0.9992386336131978,52.5252525252523,5.53592772909211,37.288135593220645,58.541785215055874
2010-11-30 05:00:00,AAPL,9.544,1.0007339834329454,9.491,1.0007380851961198,9.531,1.002735402419779,9.51,61600,9.529750000000002,0.9998819625690191,9.529180903623015,0.9998222517474012,43.45403899721465,5.204609453052312,59.322033898305165,57.78253677901026
2010-11-30 06:00:00,AAPL,9.567,1.0024098910310142,9.511,1.0021072595090086,9.542,1.001154128632882,9.53,11200,9.5284375,0.9998622734069623,9.530401769944632,1.0000683931839376,44.836956521739076,5.096405962778807,68.64406779660958,56.04054054548856
2010-11-30 07:00:00,AAPL,9.555,0.9987456883035434,9.494,0.9982125959415414,9.523,0.9980088031859149,9.536,265020,9.526625000000001,0.9998097799350628,9.529696839473715,1.0001321664201202,59.45945945945939,5.165624711910274,52.54237288135527,54.559121217115006
2010-11-30 08:00:00,AAPL,9.552,0.9996860282574568,9.464,0.9968401095428693,9.494,0.996954741152998,9.533,3528952,9.5219375,0.999507957959928,9.526297140476217,0.9999655849239595,58.862876254180506,5.520057701878424,27.96610169491473,51.327314985644335
2010-11-30 09:00:00,AAPL,9.517,0.9963358458961474,9.404,0.9936601859678782,9.461,0.9965241204971561,9.496,86431016,9.520375000000001,0.9998359052451249,9.520078365192767,0.9998047524668973,55.00000000000006,6.00105764026045,0.0,46.84436669081484
2010-11-30 10:00:00,AAPL,9.517,1.0,9.428,1.002552105487027,9.455,0.9993658175668534,9.464,76396124,9.519437500000002,0.9999015269881703,9.513880425650598,0.9993178236834784,48.54651162790699,6.450764187579338,0.0,42.003560972816096
2010-11-30 11:00:00,AAPL,9.478,0.9959020699800357,9.41,0.9980907933814169,9.441,0.9985193019566367,9.459,61046468,9.518125000000001,0.9998621242063934,9.506939432731494,0.9986871002337577,49.117647058823486,6.922232144014127,0.0,41.391508242119286
2010-11-30 12:00:00,AAPL,9.462,0.9983118801434901,9.388,0.9976620616365568,9.411,0.9968223705115983,9.445,48576780,9.514375000000001,0.9996060148401077,9.497802343899924,0.9978648466898599,30.483271375464682,7.448532525342327,0.0,41.391508242119286
2010-11-30 13:00:00,AAPL,9.47,1.000845487212006,9.388,1.0,9.431,1.0021251726702793,9.416,54217352,9.512500000000001,0.9998029297773107,9.491440215909456,0.9975894597290369,18.421052631578334,7.982772207026967,11.904761904761578,42.05288390349493
2010-11-30 14:00:00,AAPL,9.465,0.9994720168954593,9.388,1.0,9.422,0.99904570034991,9.435,52307052,9.50475,0.9991852825229959,9.484826862013318,0.9970908659146719,24.909747292418174,8.821362736067883,6.547619047619608,42.029043618026755
2010-11-30 15:00:00,AAPL,9.459,0.9993660855784469,9.384,0.9995739241585002,9.407,0.998407981320314,9.425,82727568,9.494000000000002,0.9988689865593521,9.47741477991681,0.9971240463891012,24.468085106382475,10.09562778272018,0.0,42.029043618026755
2010-11-30 16:00:00,AAPL,9.46,1.0001057194206577,9.371,0.998614663256607,9.393,0.9985117465717019,9.412,28290192,9.4829375,0.9988347903939329,9.46937527706759,0.997406285766546,22.97297297297257,11.680303456425321,0.0,38.396564985548146
2010-11-30 17:00:00,AAPL,9.427,0.9965116279069766,9.376,1.0005335609860206,9.409,1.0017033961460662,9.397,1043980,9.473125,0.9989652467919354,9.4636252506802,0.9979634739425627,19.06354515050147,13.514808117666579,8.648648648648717,33.83431042329354
2010-11-30 18:00:00,AAPL,9.42,0.9992574519995757,9.379,1.0003199658703072,9.394,0.9984057816983738,9.397,638652,9.4623125,0.9988586131820281,9.456994274424943,0.9982972117886065,30.165289256198108,15.578972757211368,0.5405405405402447,29.20622079520386
2010-11-30 19:00:00,AAPL,9.409,0.9988322717622081,9.375,0.9995735153001386,9.391,0.9996806472216309,9.397,436772,9.450624999999999,0.9987648368197519,9.450709105432091,0.9987737252846058,20.34632034632,17.82775757085347,0.0,24.719041308024313
2010-12-01 04:00:00,AAPL,9.476,1.0071208417472632,9.448,1.0077866666666666,9.463,1.0076669151315087,9.466,11200,9.447999999999999,0.9997222405925534,9.451879666819512,1.0001327601951737,16.143497757847413,19.678630978019232,47.68211920529753,22.838133400626283
2010-12-01 05:00:00,AAPL,9.511,1.003693541578725,9.465,1.0017993226079593,9.498,1.0036986156609955,9.483,9800,9.4459375,0.9997816998306521,9.456272079503368,1.0008755376273677,39.13043478260853,21.03620662040337,70.86092715231753,21.77485157575503
2010-12-01 06:00:00,AAPL,9.529,1.0018925454736622,9.462,0.9996830427892235,9.516,1.001895135818067,9.501,48300,9.4443125,0.9998279683726471,9.461960452883998,1.0016962797905447,50.70921985815596,22.01988820490132,94.69696969696993,24.964231248185545
2010-12-01 07:00:00,AAPL,9.535,1.0006296568370239,9.466,1.000422743606003,9.496,0.9978982765868012,9.518,1474564,9.442625,0.9998213210331613,9.465202314514094,1.002211893614712,60.29962546816476,22.609962187527188,84.00000000000034,26.33522936494639
2010-12-01 08:00:00,AAPL,9.529,0.999370739381227,9.472,1.0006338474540462,9.512,1.0016849199663016,9.5,6191752,9.443750000000001,1.000119140599145,9.469659236941323,1.002863000165878,57.295373665480525,22.78055879766417,96.80000000000035,27.899447820690327
2010-12-01 09:00:00,AAPL,9.582,1.0055619687270438,9.496,1.0025337837837838,9.565,1.0055719091673674,9.515,85223264,9.45025,1.0006882859033752,9.478739309613578,1.0037050228578241,62.544169611307396,22.11284340444887,100.0,30.53598266061503
2010-12-01 10:00:00,AAPL,9.591,1.0009392611145898,9.521,1.0026326874473463,9.568,1.0003136434918976,9.569,73579688,9.457312500000002,1.0007473347265947,9.487240327745619,1.0039142168456516,75.16339869281066,20.720890240120685,100.0,34.53786589978644
2010-12-01 11:00:00,AAPL,9.606,1.0015639662183298,9.541,1.0021006196828064,9.59,1.002299331103679,9.572,50565956,9.466625000000002,1.0009846877746718,9.497026963198419,1.0041993392095712,73.70242214532897,18.606214089008336,100.0,40.093421455341996
2010-12-01 12:00:00,AAPL,9.61,1.0004164064126586,9.563,1.0023058379624779,9.591,1.000104275286757,9.594,45247244,9.477875000000001,1.00118838551226,9.505976776227142,1.00415689606667,77.81456953642376,17.030793556697137,100.0,45.648977010897546
2010-12-01 13:00:00,AAPL,9.62,1.0010405827263267,9.553,0.9989543030429782,9.588,0.999687206756334,9.595,50058176,9.4876875,1.0010353059098163,9.513788511824556,1.0037891945003026,81.94444444444449,16.460162013319454,98.49999999999994,51.12119923311977
2010-12-01 14:00:00,AAPL,9.615,0.9994802494802496,9.56,1.000732754108657,9.589,1.0001042970379643,9.591,37690212,9.498125,1.001100110011001,9.520951510698406,1.0035060187952445,85.19855595667853,16.703058692432748,99.00000000000055,56.6211992331198
2010-12-01 15:00:00,AAPL,9.602,0.9986479459178367,9.545,0.9984309623430961,9.575,0.9985399937428302,9.592,68553772,9.508624999999999,1.0011054813450022,9.526098985869986,1.002945211383298,84.35114503816783,17.52783505324441,91.99999999999996,61.07093468285526
2010-12-01 16:00:00,AAPL,9.597,0.9994792751510101,9.545,1.0,9.56,0.9984334203655354,9.579,36815156,9.519062499999999,1.0010976876257083,9.529327653882369,1.0021772500106345,84.67432950191541,18.882837689576007,84.50000000000054,65.40162251354309
2010-12-01 17:00:00,AAPL,9.597,1.0,9.545,1.0,9.565,1.0005230125523012,9.588,1090824,9.528812499999999,1.0010242605298578,9.532725020179287,1.0014352800162083,80.95238095238108,20.64652687983646,87.00000000000006,70.23495584687642
2010-12-01 18:00:00,AAPL,9.582,0.9984370115661145,9.545,1.0,9.563,0.9997909043387351,9.569,944048,9.539374999999998,1.001108480201494,9.535608351590785,1.0007131897695316,74.7572815533982,22.715811354759754,86.00000000000061,75.01273362465423
2010-12-01 19:00:00,AAPL,9.574,0.9991651012314756,9.514,0.9967522262964903,9.53,0.9965492000418278,9.565,1400840,9.548062499999999,1.0009106990761973,9.535074222867852,0.9995491552505121,68.78612716763061,24.808603087222558,52.343750000000085,77.44023925528487
2010-12-02 04:00:00,AAPL,9.627,1.0055358261959475,9.59,1.007988227874711,9.605,1.0078698845750262,9.615,70000,9.556937499999998,1.0009295079499112,9.541733820689961,0.9993371765936767,53.723404255319004,26.848737237504974,100.0,82.9657647808104
2010-12-02 05:00:00,AAPL,9.627,1.0,9.563,0.99718456725756,9.578,0.9971889640812076,9.617,36400,9.561937499999999,1.0005231801505452,9.545187742529013,0.9987705520234923,72.42798353909461,28.519854952623398,75.2293577981642,87.1451735473751
2010-12-02 06:00:00,AAPL,9.603,0.9975070115300716,9.569,1.0006274181742132,9.59,1.0012528711630821,9.591,48048,9.5665625,1.0004836885829886,9.54945557657387,0.9986946240313609,62.9921259842517,29.844518517634906,86.23853211009121,89.28719648653029
2010-12-02 07:00:00,AAPL,9.641,1.003957096740602,9.569,1.0,9.628,1.0039624608967674,9.588,555968,9.5748125,1.0008623787279913,9.556935997852548,0.998993734463403,55.86854460093898,30.979792415135314,100.0,90.9060338669571
2010-12-02 08:00:00,AAPL,9.643,1.0002074473602325,9.587,1.001881074302435,9.606,0.9977149979227253,9.622,6501152,9.5806875,1.0006135890389498,9.56160875996183,0.9986209923130954,62.09677419354835,31.958260318309243,77.5510204081632,89.95348112869006
2010-12-02 09:00:00,AAPL,9.658,1.0015555325106293,9.566,0.9978095337436113,9.61,1.0004164064126586,9.607,79985444,9.5835,1.0002935593087658,9.566217449489274,0.9984896647019615,53.22580645161287,32.525865498038364,81.63265306122393,89.8219618543136
2010-12-02 10:00:00,AAPL,9.646,0.998757506730172,9.505,0.9936232490068995,9.561,0.994901144640999,9.614,106974364,9.583062500000002,0.9999543486200242,9.565720549537915,0.9981447852598647,53.7848605577689,32.3077818896269,31.63265306122484,86.20155369104829
2010-12-02 11:00:00,AAPL,9.611,0.9963715529753265,9.536,1.0032614413466596,9.594,1.0034515218073423,9.563,48842612,9.5833125,1.0000260876937823,9.568413830534302,0.9984713999866223,45.45454545454562,31.44375403559878,65.30612244897915,84.2741160493249
2010-12-02 12:00:00,AAPL,9.614,1.0003121423369057,9.551,1.0015729865771812,9.596,1.000208463623098,9.596,27316324,9.583625,1.0000326087665408,9.571041084769131,0.9987195017139566,50.75987841945273,30.093991315248612,67.34693877551042,82.4600570924088
2010-12-02 13:00:00,AAPL,9.641,1.002808404410235,9.58,1.003036331274212,9.623,1.0028136723634846,9.6,39521412,9.5858125,1.0002282539227068,9.575989552886357,0.9992032819404304,53.31230283911684,28.522117804308564,94.89795918367271,82.17661038039063
2010-12-02 14:00:00,AAPL,9.654,1.0013484078415102,9.593,1.001356993736952,9.609,0.9985451522394264,9.627,47220180,9.5870625,1.0001304010484244,9.579133404992419,0.9993032312067881,59.57446808510619,26.860439988331972,80.6122448979592,81.09951287472171
2010-12-02 15:00:00,AAPL,9.655,1.0001035840066292,9.593,1.0,9.618,1.0009366219169529,9.612,82094292,9.58975,1.0002803256993476,9.582834985469331,0.9995590396400702,56.50887573964503,25.245617693852747,89.79591836734724,80.61595278401877
2010-12-02 16:00:00,AAPL,9.641,0.9985499741066806,9.589,0.9995830292921922,9.613,0.9994801414015387,9.622,19444236,9.5930625,1.0003454208920983,9.585707843996062,0.9995784920353566,57.97101449275353,23.669038356214593,84.69387755101995,79.82116820351986
2010-12-02 17:00:00,AAPL,9.632,0.9990664868789544,9.592,1.0003128584836791,9.615,1.0002080515967962,9.614,412384,9.5961875,1.0003257562431183,9.588497573139295,0.9995241429042387,63.09148264984222,22.14575497382763,86.73469387755122,79.52865119671715
2010-12-02 18:00:00,AAPL,9.632,1.0,9.596,1.000417014178482,9.617,1.0002080083203329,9.617,87920,9.5995625,1.0003517021733892,9.591212089983172,0.9994815222173569,52.0491803278688,20.68634903186711,88.77551020408251,79.76617954138837
2010-12-02 19:00:00,AAPL,9.64,1.0008305647840532,9.592,0.9995831596498541,9.624,1.0007278777165436,9.617,662760,9.605437499999999,1.0006120070576132,9.594334748080012,0.9994554176901305,58.90410958904138,19.47672610212857,94.02985074626933,80.15672680507001
2010-12-03 07:00:00,AAPL,9.658,1.0018672199170124,9.611,1.0019808173477898,9.644,1.0020781379883623,9.63,349300,9.607875,1.0002537625173242,9.599064772072392,0.9993365499564588,57.94392523364501,18.324183186710105,100.0,80.93450458284775
2010-12-03 08:00:00,AAPL,9.665,1.000724787740733,9.514,0.9899073977733845,9.539,0.9891124014931563,9.648,11125464,9.605437499999999,0.999746301861754,9.593344317589306,0.9984876278666517,54.08163265306123,16.88823878271588,0.0,78.02651847173664
2010-12-03 09:00:00,AAPL,9.627,0.9960682876357995,9.522,1.000840866092075,9.605,1.0069189642520182,9.545,71185660,9.606374999999998,1.0000976009682014,9.594454382580802,0.998856572913082,37.99283154121861,15.262910235179055,62.857142857143295,75.96302640824459
2010-12-03 10:00:00,AAPL,9.647,1.002077490391607,9.573,1.0053560176433523,9.608,1.0003123373243104,9.607,69969536,9.605125,0.9998698780757571,9.595744441382632,0.998893385005544,49.266862170088125,13.499128584960204,65.71428571428625,75.43441129247358
2010-12-03 11:00:00,AAPL,9.624,0.9976158391209703,9.552,0.9978063303039799,9.574,0.9964612822647793,9.612,37919812,9.603125,0.9997917778269415,9.593673542203334,0.9988077762864445,57.96610169491532,12.392257129575075,33.333333333333336,72.4952335826537
2010-12-03 12:00:00,AAPL,9.599,0.9974023275145469,9.552,1.0,9.575,1.0001044495508669,9.577,22971396,9.6009375,0.9997722095671981,9.591895109612539,0.9988306004152334,46.62162162162173,11.787222280787773,34.28571428571375,68.84443993186
2010-12-03 13:00:00,AAPL,9.603,1.000416710073966,9.549,0.9996859296482412,9.587,1.001253263707572,9.579,25271848,9.6025625,1.0001692543045926,9.59142890869706,0.9990096184562246,46.44067796610158,11.308441104543547,45.714285714285566,67.0757324488668
2010-12-03 14:00:00,AAPL,9.605,1.0002082682495055,9.554,1.000523615038224,9.589,1.0002086158339418,9.59,29177932,9.60225,0.9999674566033806,9.591197584059243,0.9988164705055805,43.57142857142871,10.926225123961547,47.619047619048104,65.18608770207928
2010-12-03 15:00:00,AAPL,9.615,1.0010411244143675,9.557,1.0003140046054009,9.598,1.0009385754510376,9.592,57687980,9.602375000000002,1.0000130177822908,9.591845433196458,0.9989164449161871,46.26865671641804,10.587649049119815,56.190476190476964,66.55041120925995
2010-12-03 16:00:00,AAPL,9.618,1.0003120124804992,9.572,1.001569530187297,9.592,0.9993748697645343,9.599,7476868,9.600437500000004,0.9997982270011326,9.591860153844413,0.9989049744302229,46.26865671641804,10.422162856921744,50.47619047619106,65.72652609966062
2010-12-03 17:00:00,AAPL,9.609,0.9990642545227698,9.577,1.0005223568742165,9.596,1.000417014178482,9.595,252924,9.599625000000003,0.9999153684402403,9.59225442490685,0.9991476351892137,46.096654275093165,10.47609988917875,54.285714285714434,65.00090251689417
2010-12-03 18:00:00,AAPL,9.611,1.0002081382037673,9.578,1.0001044168319932,9.593,0.9996873697373906,9.597,160356,9.598062500000001,0.999837233225256,9.592325432058578,0.9992395986362566,46.49446494464946,10.704000727041372,51.42857142857148,62.585936530499644
2010-12-03 19:00:00,AAPL,9.61,0.9998959525543647,9.578,1.0,9.595,1.000208485353904,9.598,139216,9.5969375,0.9998827888441024,9.592580152814904,0.9994288068883592,45.58823529411751,11.052851424914962,53.33333333333401,61.07044144357602
2010-12-06 05:00:00,AAPL,9.592,0.998126951092612,9.564,0.9985383169764044,9.579,0.9983324648254299,9.582,2800,9.594687500000001,0.9997655502080743,9.591286804927769,0.9994111980960353,44.56928838951319,11.56555129713349,38.09523809523882,58.1981814284589
2010-12-06 06:00:00,AAPL,9.607,1.0015638031693077,9.579,1.001568381430364,9.594,1.0015659254619478,9.597,5600,9.593250000000001,0.999850177507084,9.591545204458457,0.9996724963119911,37.64258555133105,12.103396783560404,52.380952380951896,56.40301891901067
2010-12-06 07:00:00,AAPL,9.639,1.0033309045487666,9.593,1.0014615304311514,9.608,1.0014592453616844,9.616,82964,9.59225,0.999895760039611,9.593112327843366,0.9999856490598458,65.89595375722519,12.474718421661247,65.71428571428625,55.23521846549594
2010-12-06 08:00:00,AAPL,9.638,0.9998962547982156,9.57,0.9976024184301053,9.622,1.0014571190674437,9.614,2577008,9.590875,0.9998566551122,9.595863534715427,1.0003767139842505,51.23966942148762,12.941342415351738,100.0,55.858801231935814
2010-12-06 09:00:00,AAPL,9.718,1.0083004772774435,9.602,1.0033437826541274,9.696,1.0076907087923508,9.627,108942596,9.600687500000001,1.0010231079020424,9.605400340933006,1.0015144959070998,55.30303030303,12.52329055466211,100.0,56.1904761904764
2010-12-06 10:00:00,AAPL,9.759,1.0042189750977568,9.669,1.0069777129764632,9.693,0.999690594059406,9.699,113167124,9.6061875,1.0005728756404164,9.613743165606053,1.0013598677809326,85.46511627906962,11.173754828383059,97.54098360655728,56.05386416861847
2010-12-06 11:00:00,AAPL,9.721,0.9961061584178706,9.644,0.997414417209639,9.674,0.9980398225523573,9.697,51432584,9.610312500000003,1.0004294107313647,9.61948191173881,1.0013839425618964,83.90804597701134,10.325852899745213,81.96721311475389,60.60759823054924
2010-12-06 12:00:00,AAPL,9.696,0.9974282481226211,9.631,0.9986520116134384,9.667,0.9992764109985529,9.678,31799152,9.616125,1.0006048190420445,9.624007443954161,1.0014250258723802,74.03314917127052,10.13263609850703,76.03305785123983,61.33959350799905
2010-12-06 13:00:00,AAPL,9.707,1.001134488448845,9.645,1.0014536392897933,9.682,1.0015516706320473,9.67,29359652,9.6228125,1.0006954464506232,9.629530544529956,1.0013940692877803,70.96774193548372,10.496079233509045,88.0341880341885,62.579588081326946
2010-12-06 14:00:00,AAPL,9.715,1.0008241475224064,9.649,1.000414722654225,9.687,1.0005164222268126,9.686,35644112,9.6290625,1.0006494982625922,9.635003826003294,1.0012669192092534,71.87499999999989,11.313493105848984,92.30769230769195,65.85594135768021
2010-12-06 15:00:00,AAPL,9.721,1.0006176016469377,9.653,1.000414550730646,9.68,0.9992773820584289,9.69,60831848,9.63475,1.0005906597864538,9.639289175907741,1.0010620635090635,74.86910994764382,12.480370597600354,86.3247863247862,68.74700091540645
2010-12-06 16:00:00,AAPL,9.711,0.9989712992490485,9.584,0.9928519631202734,9.677,0.9996900826446281,9.685,6785604,9.6396875,1.0005124678896702,9.642880682964147,1.0008438914309294,71.64948453608248,13.414351329212689,83.76068376068353,70.86068969576189
2010-12-06 17:00:00,AAPL,9.695,0.9983523838945526,9.651,1.0069908180300502,9.681,1.0004133512452207,9.678,720860,9.64525,1.0005770415275392,9.64651109411042,1.0007078646595564,71.64948453608248,14.147608982914404,87.1794871794866,73.05849189356404
2010-12-06 18:00:00,AAPL,9.706,1.0011346054667354,9.664,1.0013470106724691,9.686,1.0005164755707057,9.685,1762320,9.650875000000001,1.0005831886161582,9.650271942290379,1.0005206648132892,71.93877551020393,14.761879007095718,91.45299145299157,75.0175205192593
2010-12-06 19:00:00,AAPL,9.725,1.0019575520296724,9.671,1.0007243377483444,9.687,1.0001032417922775,9.69,1426992,9.656750000000002,1.0006087530923364,9.653769852548438,1.0002999575218243,78.91891891891893,15.340941702522786,92.30769230769195,77.34149284323156
2010-12-07 04:00:00,AAPL,9.751,1.0026735218508998,9.719,1.0049632923172371,9.737,1.0051615567255086,9.738,11200,9.665625,1.0009190462629765,9.66169653325811,1.0005122358203442,77.19298245614044,15.976461551172495,100.0,79.88117538291411
2010-12-07 05:00:00,AAPL,9.788,1.0037944826171676,9.754,1.00360119353843,9.77,1.0033891342302557,9.778,5600,9.677562499999999,1.0012350468800515,9.67201114913829,1.0006607073146632,81.15942028985512,16.838810397779355,100.0,82.57958808132678
2010-12-07 06:00:00,AAPL,9.779,0.9990805067429506,9.72,0.9965142505638713,9.75,0.9979529170931423,9.738,19600,9.687312499999999,1.0010074850976163,9.679438658744168,1.0001938668692834,82.74336283185846,17.623021556083938,87.65432098765451,84.48630961767792
2010-12-07 07:00:00,AAPL,9.797,1.0018406790060335,9.735,1.001543209876543,9.766,1.0016410256410258,9.754,1076488,9.697187499999998,1.0010193745685398,9.687682596006628,1.0000382041981848,65.69767441860483,18.290997767306322,97.29729729729759,87.7753129066812
2010-12-07 08:00:00,AAPL,9.799,1.0002041441257528,9.735,1.0,9.783,1.0017407331558468,9.773,5115852,9.707249999999997,1.0010376720054137,9.696760444005996,0.9999559608397793,69.72972972972997,18.9783445848526,100.0,90.42081555218385
2010-12-07 09:00:00,AAPL,9.809,1.0010205122971731,9.724,0.9988700564971752,9.749,0.9965245834611061,9.786,74533984,9.710562499999996,1.0003412397949987,9.701735639814949,0.9994319338448018,79.78142076502763,19.40533054409395,70.68965517241463,90.69722496652432
2010-12-07 10:00:00,AAPL,9.765,0.9955143235803855,9.676,0.9950637597696421,9.728,0.9978459329161965,9.752,66142832,9.71275,1.000225270163289,9.70423700745162,0.9993485966906267,69.52380952380994,19.264019674615085,52.58620689655183,88.06312534966611
2010-12-07 11:00:00,AAPL,9.753,0.9987711213517665,9.698,1.0022736668044647,9.718,0.9989720394736842,9.732,31728648,9.715499999999999,1.0002831329952895,9.705547768646705,0.9992584766051535,60.648148148148124,18.79615933948433,43.96551724137957,84.95009852974275
2010-12-07 12:00:00,AAPL,9.74,0.998667076796883,9.679,0.9980408331614766,9.709,0.9990738835151265,9.721,26007492,9.718124999999999,1.0002701868148833,9.705876552585114,0.9990094748170567,57.01357466063367,18.048243058885138,30.188679245283083,81.20830384300528
2010-12-07 13:00:00,AAPL,9.736,0.9995893223819302,9.683,1.0004132658332472,9.717,1.0008239777526007,9.713,22201060,9.7203125,1.000225094861406,9.70693592852939,0.9988486388608288,56.50224215246638,17.049149700559013,37.73584905660469,78.75100583977478
2010-12-07 14:00:00,AAPL,9.758,1.0022596548890714,9.679,0.9995869048848498,9.699,0.9981475764124729,9.719,39150692,9.7210625,1.000077158013181,9.706180125812306,0.9985460987815264,58.77192982456162,15.898791020146717,20.75471698113233,75.67998690254659
2010-12-07 15:00:00,AAPL,9.723,0.9964131994261121,9.602,0.9920446327099907,9.62,0.991854830394886,9.702,107035572,9.717312500000002,0.9996142396985928,9.697972494782562,0.9976247447007528,53.71900826446294,14.30111023084193,0.0,70.789198678425
2010-12-07 16:00:00,AAPL,9.813,1.0092564023449553,9.605,1.000312434909394,9.637,1.0017671517671518,9.624,12737032,9.7148125,0.9997427272201032,9.692165590517556,0.9974121538766562,39.556962025316366,13.015540256334264,10.429447852761479,66.24040731981775
2010-12-07 17:00:00,AAPL,9.693,0.9877713237542035,9.603,0.9997917751171265,9.625,0.9987547992113728,9.683,1197728,9.711312499999998,0.9996397254193015,9.685768867611122,0.9970103764340404,42.4698795180725,11.97758484286122,3.067484662577162,61.61500167191726
2010-12-07 18:00:00,AAPL,9.639,0.9944289693593314,9.6,0.999687597625742,9.622,0.9996883116883116,9.624,258972,9.7073125,0.9995881092282842,9.679695642124349,0.9967443270025911,30.952380952381077,11.092586971945638,1.2269938650310828,57.029796677714344
2010-12-07 19:00:00,AAPL,9.661,1.0022823944392572,9.608,1.0008333333333335,9.644,1.0022864269382665,9.627,943460,9.704625,0.9997231468544975,9.676296057160126,0.9968048372976687,21.96969696969734,10.348480326804326,14.723926380368633,53.00448774443001
2010-12-08 05:00:00,AAPL,9.652,0.9990684194182796,9.612,1.0004163197335554,9.627,0.9982372459560349,9.642,8400,9.697750000000003,0.9992915748934145,9.671601194573448,0.9965971064903021,30.075187969925096,9.633741949594196,4.294478527608245,48.16234813746426
2010-12-08 06:00:00,AAPL,9.67,1.0018648984666392,9.642,1.0031210986267165,9.657,1.0031162355874104,9.66,2800,9.690687500000001,0.9992717382898093,9.670210604614072,0.9971602283636997,23.970037453183934,8.886001430089507,22.699386503067945,44.29522003720737
2010-12-08 07:00:00,AAPL,9.657,0.9986556359875906,9.617,0.9974071769342462,9.632,0.997411204307756,9.64,86800,9.683312500000001,0.9992389600841014,9.666571499412731,0.9975114252123732,27.500000000000327,8.15641973484311,7.3619631901843166,39.14866243666205
2010-12-08 08:00:00,AAPL,9.697,1.0041420731075903,9.622,1.000519912654674,9.665,1.0034260797342192,9.644,2526412,9.677,0.999348105310037,9.666421832801994,0.9982556932663272,28.41328413284151,7.528817371178173,27.607361963190097,35.12684921239484
2010-12-08 09:00:00,AAPL,9.699,1.0002062493554709,9.623,1.000103928497194,9.666,1.0001034661148476,9.669,48124496,9.669687499999998,0.9992443422548309,9.666381658249422,0.9989027238038052,38.86925795053004,6.9891892036581025,35.658914728682696,32.238215531340856
2010-12-08 10:00:00,AAPL,9.682,0.9982472419837097,9.572,0.9947001974436246,9.614,0.9946203186426651,9.672,71102304,9.66125,0.9991274278512106,9.661392928892335,0.9991422089795907,40.510948905109714,6.343594476686962,0.0,26.83281012593544
2010-12-08 11:00:00,AAPL,9.648,0.9964883288576739,9.593,1.0021938988717092,9.627,1.001352194716039,9.617,32427052,9.6549375,0.9993466166386338,9.65811741185497,0.999675757469786,35.015772870662815,5.800371080024008,12.5,21.971699014824324
2010-12-08 12:00:00,AAPL,9.644,0.9995854063018242,9.589,0.9995830292921922,9.613,0.998545756725875,9.63,22155700,9.648375,0.9993202959625579,9.653820515487832,0.9998843095035914,36.02484472049703,5.329886753008402,0.0,18.044495949690177
2010-12-08 13:00:00,AAPL,9.656,1.0012442969722108,9.597,1.0008342892898112,9.639,1.002704670758348,9.617,23571940,9.644000000000002,0.9995465557671631,9.652409037822324,1.0004181054138468,36.47798742138373,5.034881132140294,24.999999999999574,16.51192889988172
2010-12-08 14:00:00,AAPL,9.699,1.0044531897265947,9.618,1.00218818380744,9.673,1.0035273368606703,9.642,43483888,9.64125,0.9997148486105348,9.654370081839245,1.0010752884528455,53.58490566037735,5.0293042104025645,69.76744186046545,17.945369156497602
2010-12-08 15:00:00,AAPL,9.719,1.0020620682544592,9.644,1.0027032647119982,9.705,1.003308177401013,9.676,61642728,9.641625000000001,1.000038895371451,9.659191978806936,1.0018609598140216,56.38297872340414,5.2537073373922585,100.0,21.823775865092983
2010-12-08 16:00:00,AAPL,9.724,1.0005144562197759,9.633,0.9988593944421401,9.703,0.9997939206594538,9.709,11922260,9.646812500000001,1.0005380317114594,9.663364171301513,1.0022547206826145,63.24503311258273,5.925786186367345,97.82608695652102,25.162122415088337
2010-12-08 17:00:00,AAPL,9.724,1.0,9.682,1.0050866812000416,9.704,1.0001030609089974,9.709,514556,9.651,1.0004340812055794,9.66723425022518,1.0021169427958903,63.45514950166096,6.659836420399155,98.91304347826147,29.504251664928844
2010-12-08 18:00:00,AAPL,9.733,1.0009255450431922,9.683,1.0001032844453626,9.716,1.0012366034624895,9.709,499828,9.6566875,1.0005893171692053,9.67187860734659,1.0021633620709347,60.714285714285694,7.480741959656788,100.0,35.0598072204844
2010-12-08 19:00:00,AAPL,9.746,1.0013356621802116,9.697,1.0014458329030258,9.731,1.0015438452037877,9.716,706860,9.6635,1.0007054696550965,9.677509216170725,1.0021561965395198,66.1818181818178,8.42582694184536,100.0,40.035949006442095
2010-12-09 04:00:00,AAPL,9.733,0.9986661194336138,9.677,0.9979375064452924,9.692,0.9959921899085398,9.723,44800,9.666500000000001,1.0003104465255859,9.678889290821132,1.0015925172888842,64.23076923076903,9.295015539594955,66.94915254237323,43.58493055531965
2010-12-09 05:00:00,AAPL,9.718,0.9984588513305249,9.681,1.0004133512452207,9.702,1.001031778786628,9.708,63644,9.671187500000002,1.0004849221538303,9.68109031074293,1.0015093685142429,60.94890510948903,10.09464472243066,75.42372881355946,47.70697138579345
2010-12-09 06:00:00,AAPL,9.727,1.0009261164848735,9.676,0.9994835244292946,9.713,1.0011337868480725,9.711,140000,9.6746875,1.0003618997150037,9.684129328767414,1.0013381840407305,57.37051792828693,10.773343556502764,84.74576271186388,51.59707340420985
2010-12-09 07:00:00,AAPL,9.774,1.0048319111750796,9.704,1.002893757751137,9.744,1.0031915988880882,9.723,428652,9.681687499999999,1.0007235375819632,9.68983129745623,1.001565300941889,59.00383141762426,11.643869606191695,100.0,56.91404681934273
2010-12-09 08:00:00,AAPL,9.773,0.9998976877429917,9.717,1.0013396537510304,9.758,1.0014367816091954,9.743,4164944,9.6875,1.0006003602161297,9.696323554841351,1.0015117255996284,77.0833333333329,12.51572638248081,100.0,61.20852534695007
2010-12-09 09:00:00,AAPL,9.776,1.0003069681776322,9.666,0.9947514665020067,9.705,0.9945685591309695,9.761,55703032,9.6899375,1.0002516129032257,9.697149882951699,1.0009961169498527,77.17842323651404,13.112588606968107,63.448275862069515,64.32443160649923
2010-12-09 10:00:00,AAPL,9.726,0.9948854337152211,9.646,0.9979308917856404,9.67,0.996393611540443,9.709,59391892,9.693437499999998,1.0003611994401407,9.694564179813442,1.0004774726166648,66.42857142857156,13.648980220809282,39.31034482758659,64.97459732118794
2010-12-09 11:00:00,AAPL,9.707,0.9980464733703475,9.64,0.999377980510056,9.672,1.0002068252326786,9.674,32399724,9.696249999999997,1.000290144749992,9.6924152103074,0.9998945379600789,55.36332179930807,14.09884465504759,40.68965517241464,65.25408290139528
2010-12-09 12:00:00,AAPL,9.7,0.9992788709178941,9.643,1.000311203319502,9.682,1.0010339123242349,9.676,20310752,9.700562499999997,1.0004447595719994,9.691423285516219,0.9995022081233695,49.80544747081722,14.49635878343584,36.13445378151354,67.2615525559238
2010-12-09 13:00:00,AAPL,9.707,1.0007216494845361,9.66,1.00176293684538,9.682,1.0,9.685,23105908,9.703249999999999,1.0002770457898706,9.69052582975277,0.9989653517260235,45.10638297872346,14.82833279047732,13.636363636364278,67.32468386905514
2010-12-09 14:00:00,AAPL,9.697,0.9989698155969917,9.63,0.9968944099378882,9.665,0.9982441644288369,9.685,36747788,9.702749999999998,0.999948470873161,9.688094798347745,0.9984381313835824,45.493562231759846,14.768058930675437,0.0,67.32468386905514
2010-12-09 15:00:00,AAPL,9.703,1.0006187480664124,9.638,1.0008307372793352,9.671,1.0006207966890843,9.668,50082704,9.700624999999999,0.9997809899255367,9.686466722314625,0.9983217873607614,42.16867469879484,14.333612788658156,6.451612903226053,66.29421791923438
2010-12-09 16:00:00,AAPL,9.745,1.0043285581778831,9.64,1.0002075119319362,9.659,0.9987591769206908,9.676,6951168,9.697875,0.9997165131112687,9.683850843998947,0.9982708169833333,40.74074074074076,13.824870704555224,0.0,62.41824892698631
2010-12-09 17:00:00,AAPL,9.719,0.997331965110313,9.641,1.000103734439834,9.656,0.9996894088414949,9.663,230776,9.694875,0.9996906538803604,9.681198382665714,0.9982803843796414,35.00000000000007,13.263804435911926,0.0,56.862693371430765
2010-12-09 18:00:00,AAPL,9.686,0.9966045889494805,9.644,1.0003111710403485,9.672,1.0016570008285004,9.669,251132,9.692124999999999,0.9997163449760826,9.680322346221361,0.998498933325222,41.17647058823535,12.627568001813618,15.68627450980416,52.29937045772428
2010-12-09 19:00:00,AAPL,9.688,1.000206483584555,9.649,1.0005184570717545,9.664,0.999172870140612,9.675,275268,9.687937499999999,0.9995679482053729,9.678767837057423,0.9986218540369036,42.857142857142975,11.887806939664998,7.84313725490121,47.23993122309315
2010-12-10 05:00:00,AAPL,9.73,1.0043352601156068,9.701,1.0053891594983937,9.717,1.0054842715231789,9.72,2800,9.6895,1.0001612830388307,9.682408995432908,0.9994293414292681,38.16425120772964,11.380607668795616,59.803921568628255,45.00681575468361
2010-12-10 06:00:00,AAPL,9.73,1.0,9.652,0.9949489743325429,9.667,0.994854378923536,9.72,19600,9.6873125,0.9997742401568709,9.680941472058347,0.9991167214054746,44.10480349344998,10.798731730220105,10.784313725489598,40.05038873943303
2010-12-10 07:00:00,AAPL,9.709,0.997841726618705,9.659,1.000725238292582,9.69,1.0023792283024724,9.689,145600,9.685875000000001,0.999851610031162,9.681804189005172,0.9994313891500012,32.830188679245566,10.15502707334866,33.33333333333275,38.182843227819674
2010-12-10 08:00:00,AAPL,9.708,0.999897002780925,9.64,0.9980329226628015,9.656,0.9964912280701755,9.693,1383872,9.680375,0.9994321628144074,9.679346647195155,0.9993259924575895,46.8085106382978,9.156594339798696,0.0,33.99263607151081
2010-12-10 09:00:00,AAPL,9.706,0.99979398434281,9.622,0.9981327800829874,9.647,0.9990679370339685,9.66,39128292,9.6734375,0.9992833438787238,9.676266014128949,0.9995755344321836,47.00854700854717,8.351077414502953,0.0,29.284538143073924
2010-12-10 10:00:00,AAPL,9.694,0.9987636513496807,9.617,0.9994803575140304,9.672,1.0025914792163366,9.65,43496964,9.671375,0.9997867872718461,9.67585972706905,1.0002503998262302,44.81327800829871,7.8500768191536245,35.71428571428608,25.71310957164537
2010-12-10 11:00:00,AAPL,9.699,1.000515782958531,9.648,1.0032234584589788,9.678,1.000620347394541,9.674,22003856,9.671875,1.0000516989569737,9.676063562586283,1.000484787590832,48.04687500000006,7.476551985520034,44.28571428571494,22.61787147640731
2010-12-10 12:00:00,AAPL,9.705,1.0006186204763379,9.656,1.0008291873963517,9.68,1.0002066542674104,9.682,21779464,9.672375,1.0000516962843295,9.676438461387589,1.0004718279948395,49.236641221374136,7.1480044736522,47.1428571428562,21.712014880895463
2010-12-10 13:00:00,AAPL,9.72,1.001545595054096,9.661,1.0005178127589063,9.704,1.0024793388429754,9.683,30544024,9.673750000000002,1.0001421574328953,9.679063369826867,1.0006914919889756,53.03643724696368,6.7773136099455975,81.42857142857164,24.051916358727965
2010-12-10 14:00:00,AAPL,9.717,0.9996913580246913,9.667,1.0006210537211468,9.688,0.998351195383347,9.706,29080688,9.674125,1.0000387646982813,9.679914477462404,1.0006372376237138,56.22641509433984,6.415712514712816,58.57142857142886,25.045348214228753
2010-12-10 15:00:00,AAPL,9.708,0.9990737882062365,9.66,0.999275887038378,9.693,1.0005161023947151,9.693,58748312,9.675875000000001,1.0001808949129767,9.68116071770408,1.0007272717381757,55.390334572490644,5.946000120225056,65.71428571428456,26.68867221049381
2010-12-10 16:00:00,AAPL,9.707,0.999896992171405,9.641,0.9980331262939959,9.679,0.9985556587227897,9.695,9280600,9.676375000000002,1.0000516749131216,9.680954935065595,1.0005250104063552,56.826568265682454,5.52855532426749,45.714285714285566,28.470778992600547
2010-12-10 17:00:00,AAPL,9.699,0.9991758524775934,9.664,1.002385644642672,9.685,1.000619898749871,9.683,157584,9.678,1.0001679347896293,9.681340179345062,1.0005131239069445,51.30111524163563,5.399387231467004,54.285714285714434,31.48665200847357
2010-12-10 18:00:00,AAPL,9.705,1.0006186204763379,9.667,1.0003104304635762,9.683,0.9997934950955084,9.687,121240,9.6796875,1.0001743645381276,9.681498257502675,1.0003614649207144,53.932584269663074,5.472699584156189,51.42857142857063,33.98537192654827
2010-12-10 19:00:00,AAPL,9.703,0.9997939206594538,9.667,1.0,9.686,1.0003098213363628,9.693,56252,9.6805625,1.000090395480226,9.681926994883373,1.000231360246224,42.12962962962944,5.710923186610365,55.71428571428506,37.08061002178633
2010-12-13 04:00:00,AAPL,9.803,1.010306090899722,9.707,1.0041377883521259,9.765,1.0081561015899236,9.733,274764,9.686875,1.0006520798765568,9.689838709656385,1.0009582304392317,55.62130177514801,5.468406496288622,100.0,42.636165577341885
2010-12-13 05:00:00,AAPL,9.807,1.0004080383556053,9.75,1.0044297929329349,9.793,1.0028673835125446,9.769,101304,9.691625000000002,1.0004903542164012,9.699663594451014,1.0013201981496627,66.66666666666694,5.093201864564194,100.0,47.32026143790833
2010-12-13 06:00:00,AAPL,9.824,1.0017334556949118,9.768,1.0018461538461538,9.807,1.0014295925661187,9.789,155120,9.700375,1.0009028413707708,9.709886109265202,1.0018842154195196,81.27853881278517,4.745390670194293,100.0,52.440087145969365
2010-12-13 07:00:00,AAPL,9.831,1.0007125407166124,9.763,0.9994881244881244,9.805,0.9997960640358926,9.82,1717100,9.7075625,1.0007409507364406,9.718944575049468,1.0019143151733276,85.71428571428571,4.91337292074064,98.74999999999959,54.60375816993444
2010-12-13 08:00:00,AAPL,9.831,1.0,9.751,0.998770869609751,9.815,1.0010198878123406,9.806,9352924,9.717500000000001,1.0010236864300386,9.728092710759043,1.0021148677393572,83.08457711442756,5.528043696668736,100.0,59.56018518518502
2010-12-13 09:00:00,AAPL,9.864,1.0033567287152885,9.759,1.0008204286739824,9.778,0.9962302598064189,9.818,115413088,9.7256875,1.0008425520967326,9.732845785924848,1.0015791907306248,83.41463414634113,6.771751416725029,74.1258741258746,61.82643745143735
2010-12-13 10:00:00,AAPL,9.835,0.9970600162206001,9.763,1.0004098780612767,9.818,1.0040908161178155,9.782,60973332,9.7348125,1.000938237014093,9.740955711074863,1.0015698850158268,70.4166666666668,8.521308149320948,100.0,67.3819930069929
2010-12-13 11:00:00,AAPL,9.839,1.0004067107269954,9.789,1.0026631158455392,9.811,0.9992870238337748,9.822,45576804,9.743125000000001,1.000853894207002,9.747626595734399,1.0013163166454822,72.26562499999994,10.637231288585049,94.96402877697862,72.65777238349172
2010-12-13 12:00:00,AAPL,9.835,0.9995934546193719,9.786,0.9996935335580753,9.818,1.0007134848639283,9.814,24649240,9.751750000000001,1.00088523959202,9.754328824712076,1.0011499210686587,74.89878542510127,12.963166377670511,100.0,76.22920095492026
2010-12-13 13:00:00,AAPL,9.833,0.9997966446365022,9.781,0.9994890660126713,9.802,0.9983703401914851,9.821,23464504,9.757875,1.0006280923936728,9.758868936644259,1.0007300163195587,75.10040160642583,15.324618402796336,88.48920863309345,78.68495064088575
2010-12-13 14:00:00,AAPL,9.829,0.9995932065493746,9.784,1.0003067171045905,9.802,1.0,9.805,32159652,9.765,1.0007301794704277,9.762976656963852,1.0005228245866904,74.50199203187243,17.68485480355043,88.48920863309345,80.98197016812115
2010-12-13 15:00:00,AAPL,9.818,0.9988808627530775,9.689,0.990290269828291,9.723,0.9919404203223833,9.806,103097540,9.766875,1.0001920122887864,9.759169356300628,0.999402903871032,73.87755102040805,19.323925759895886,31.6546762589933,78.21675376981123
2010-12-13 16:00:00,AAPL,9.807,0.9988796088816461,9.676,0.9986582722675199,9.742,1.001954129383935,9.726,11259024,9.7708125,1.000403148397005,9.757534179510092,0.9990436223981664,56.211180124223795,20.448063398851286,43.703703703704555,77.39076905493766
2010-12-13 17:00:00,AAPL,9.767,0.9959212807178545,9.725,1.0050640760644893,9.752,1.0010264832683227,9.746,755888,9.775,1.0004285723423718,9.757007114794845,0.998587079098575,58.28402366863926,21.170858803271212,51.11111111111181,76.57948157698361
2010-12-13 18:00:00,AAPL,9.768,1.0001023855841098,9.71,0.998457583547558,9.74,0.9987694831829368,9.757,368424,9.778562500000001,1.0003644501278774,9.75538738957629,0.9979935948415641,47.58364312267657,21.463819286702126,40.90909090909121,76.31252631002839
2010-12-13 19:00:00,AAPL,9.756,0.9987714987714987,9.718,1.0008238928939237,9.74,1.0,9.741,579992,9.781937500000002,1.0003451427548784,9.75392192390236,0.9974801433137394,39.52569169960487,21.432581278323994,17.89473684210491,74.29080534093896
2010-12-14 04:00:00,AAPL,9.749,0.9992824928249283,9.696,0.9977361597036427,9.711,0.9970225872689938,9.738,54880,9.7785625,0.9996549763275423,9.749834121625943,0.9967180961466929,35.983263598326175,20.600707000574317,0.0,71.43366248379614
2010-12-14 05:00:00,AAPL,9.779,1.0030772386911477,9.696,1.0,9.765,1.0055607043558852,9.715,86800,9.776812500000002,0.9998210370900633,9.7512784909949,0.9972098139164014,32.33082706766905,19.262090359614735,50.46728971962674,71.14216270631512
2010-12-14 06:00:00,AAPL,9.779,1.0,9.727,1.003197194719472,9.748,0.9982590885816691,9.746,68320,9.773124999999997,0.9996228320835645,9.75096625375729,0.9973563729239248,41.935483870967836,17.460629529697634,34.57943925233577,67.50768710922267
2010-12-14 07:00:00,AAPL,9.767,0.9987728806626444,9.692,0.9964017682738768,9.72,0.9971276159212148,9.755,1013068,9.7678125,0.9994564174713823,9.748017086732787,0.997430922732779,44.82758620689634,15.692033805343067,8.4112149532714,62.419421273293295
2010-12-14 08:00:00,AAPL,9.738,0.9970308180608171,9.668,0.9975237309120923,9.714,0.9993827160493827,9.726,3126760,9.7615,0.9993537447611736,9.744777364186808,0.9976417303451318,32.37410071942456,14.848015709493513,2.8037383177571336,57.019628957613136
2010-12-14 09:00:00,AAPL,9.752,1.0014376668720477,9.638,0.9968969797269343,9.686,0.9971175622812435,9.718,64070832,9.755749999999999,0.9994109511857808,9.73917951997854,0.9977134169931404,32.49097472924191,14.971735146266566,0.0,51.53351784650205
2010-12-14 10:00:00,AAPL,9.765,1.0013330598851518,9.671,1.0034239468769455,9.712,1.0026842865992154,9.691,64699992,9.749125,0.9993209133075366,9.736590994266297,0.9980361319494963,27.852348993288658,15.750107660679008,19.696969696969596,47.07223838522258
2010-12-14 11:00:00,AAPL,9.743,0.997747055811572,9.686,1.0015510288491367,9.717,1.0005148270181219,9.716,22924328,9.74325,0.9993973818163169,9.734725185288555,0.9985229633724623,35.38961038961041,17.03578090594904,23.484848484848985,44.25884807183227
2010-12-14 12:00:00,AAPL,9.736,0.9992815354613569,9.695,1.0009291761304977,9.714,0.9996912627354122,9.72,15008700,9.73675,0.999332871475124,9.732751358118216,0.998922470235108,36.4217252396168,18.67668986408097,24.137931034483234,40.04428868485912
2010-12-14 13:00:00,AAPL,9.759,1.0023623664749384,9.698,1.0003094378545643,9.73,1.0016471072678608,9.718,21817460,9.73225,0.9995378334659922,9.732489324011718,0.9995624129213256,48.101265822784754,20.39605000762321,37.93103448275915,36.875789001846925
2010-12-14 14:00:00,AAPL,9.753,0.9993851829080849,9.668,0.9969065786760155,9.705,0.9974306269270298,9.734,44500288,9.7261875,0.9993770710781165,9.72987129315346,0.9997555851065745,47.43589743589736,22.238598429629015,24.050632911392377,32.65637971914651
2010-12-14 15:00:00,AAPL,9.733,0.9979493489182816,9.629,0.9959660736450145,9.682,0.9976300875837197,9.709,86967776,9.723625,0.9997365360270918,9.72531212237694,0.9999099978667838,40.56224899598391,23.973273528453202,0.0,27.740312572863537
2010-12-14 16:00:00,AAPL,9.714,0.9980478783519984,9.639,1.0010385294423096,9.675,0.9992770088824623,9.686,11043088,9.7194375,0.9995693478512385,9.720520491674373,0.9996807252104408,38.846153846153946,25.561165749760704,0.0,22.824245426580564
2010-12-14 17:00:00,AAPL,9.697,0.9982499485278977,9.655,1.0016599232285506,9.676,1.0001033591731265,9.679,533512,9.7146875,0.9995112885905177,9.716280444848243,0.9996751812898887,37.827715355805395,27.013338025438863,1.111111111110497,21.127380696142637
2010-12-14 18:00:00,AAPL,9.697,1.0,9.656,1.0001035732780943,9.683,1.0007234394377842,9.678,455364,9.711125,0.9996332872261716,9.71311087867222,0.9998377074581369,42.67782426778242,28.301734882715795,8.888888888887925,19.193224317541713
2010-12-14 19:00:00,AAPL,9.699,1.0002062493554709,9.661,1.0005178127589063,9.685,1.0002065475575752,9.684,135100,9.707687499999999,0.9996460245337178,9.710433652132009,0.9999288086737643,28.645833333333158,29.431327091744553,11.111111111110892,16.971002095319438
2010-12-15 04:00:00,AAPL,9.673,0.997319311269203,9.631,0.9968947313942657,9.659,0.9973154362416108,9.649,5600,9.7044375,0.9996652137803159,9.705535209071819,0.9997782900481521,32.20338983050877,30.446143033491968,0.0,14.698274822592143
2010-12-15 05:00:00,AAPL,9.673,1.0,9.634,1.0003114941335272,9.649,0.9989646961383164,9.663,18340,9.6971875,0.9992529190898495,9.700150903445932,0.9995582849027502,32.571428571428655,31.566330324827618,0.0,13.704122775808537
2010-12-15 06:00:00,AAPL,9.708,1.0036183190323582,9.644,1.0010379904504878,9.694,1.0046636957197639,9.663,19600,9.693812499999998,0.9996519609422834,9.699565103117749,1.0002451848144371,31.843575418994263,32.509884862923464,55.55555555555677,16.790542528895024
2010-12-15 07:00:00,AAPL,9.717,1.0009270704573547,9.662,1.0018664454583162,9.688,0.9993810604497627,9.68,202216,9.691812499999997,0.9997936828260294,9.698463664725582,1.000479807580927,52.04081632653081,33.13087376216753,48.148148148149204,16.661701330479605
2010-12-15 08:00:00,AAPL,9.708,0.9990737882062365,9.633,0.9969985510246324,9.658,0.9969033856317092,9.686,2800728,9.688312499999999,0.9996388704383211,9.694609982370766,1.0002886438806744,43.18181818181858,33.50450911427549,11.111111111111354,15.357905322633805
2010-12-15 09:00:00,AAPL,9.726,1.0018541409147095,9.643,1.0010380982040903,9.687,1.0030026920687514,9.661,49301252,9.688375,1.0000064510718458,9.69388522214498,1.0005752004949242,35.323383084577145,33.54800002910633,46.91358024691315,17.496925616725015
2010-12-15 10:00:00,AAPL,9.779,1.00544931112482,9.653,1.001037021673753,9.746,1.0060906369361,9.69,86327864,9.690500000000002,1.0002193350278041,9.698848534321648,1.0010810413843032,44.05286343612322,33.050131679013326,100.0,22.896717932405174
2010-12-15 11:00:00,AAPL,9.762,0.9982615809387464,9.684,1.0032114368590075,9.716,0.9969218140775702,9.748,39092060,9.690437500000003,0.9999935503843972,9.700482007243396,1.0010300817546458,52.96296296296291,32.13889229507374,69.07216494845285,26.734060429541444
2010-12-15 12:00:00,AAPL,9.733,0.9970292972751486,9.656,0.9971086327963653,9.678,0.9960889254837383,9.719,30304008,9.688187500000002,0.9997678123407739,9.698340863696407,1.0008155837851906,51.99999999999981,31.03199933001866,29.896907216496185,27.300723625070695
2010-12-15 13:00:00,AAPL,9.712,0.9978423918627349,9.65,0.9993786246893123,9.695,1.0017565612729902,9.683,33265372,9.686,0.9997742095722237,9.698022686201512,1.0010151729827184,49.31034482758629,29.96103490362897,47.42268041237168,28.630603176599738
2010-12-15 14:00:00,AAPL,9.716,1.0004118616144975,9.635,0.9984455958549222,9.663,0.9966993295513151,9.7,46766132,9.683375,0.9997289902952715,9.69468719227756,1.0008968813005945,53.333333333333215,28.84812358941533,14.432989690722613,28.091439768613032
2010-12-15 15:00:00,AAPL,9.714,0.9997941539728284,9.643,1.0008303061754023,9.687,1.002483700714064,9.664,60523764,9.683687500000001,1.0000322718060595,9.693955078727315,1.001092602396098,48.03625377643509,27.553312560138068,39.175257731958496,28.16056328245744
2010-12-15 16:00:00,AAPL,9.733,1.0019559398805848,9.666,1.002385149849632,9.701,1.0014452358831425,9.69,58226840,9.6853125,1.000167807976042,9.694626023610429,1.0011295824664341,50.5747126436781,26.009873447956785,53.60824742268111,29.802652977529036
2010-12-15 17:00:00,AAPL,9.716,0.9982533648412616,9.682,1.0016552865714876,9.699,0.9997938356870425,9.705,293776,9.68675,1.0001484206111058,9.695042592790388,1.0010046235256103,52.22222222222219,24.289063475137105,51.54639175257736,32.66634140822778
2010-12-15 18:00:00,AAPL,9.714,0.9997941539728284,9.67,0.9987605866556496,9.69,0.9990720692854933,9.703,824544,9.6871875,1.0000451647869513,9.694562345857971,1.0008064981400338,55.95238095238073,22.50794702112004,42.268041237113216,35.01456592140074
2010-12-15 19:00:00,AAPL,9.705,0.9990735021618282,9.637,0.9965873836608067,9.664,0.9973168214654283,9.693,953456,9.685875,0.9998645117584437,9.691651646252451,1.0004608299625097,56.1194029850746,20.875598136602896,15.463917525773573,35.81194405554869
2010-12-16 04:00:00,AAPL,9.713,1.0008243173621842,9.684,1.004877036422123,9.699,1.003621688741722,9.703,13384,9.688374999999999,1.0002581078116328,9.692351489466503,1.0006686530093052,45.253164556961885,19.194098644057743,51.54639175257736,38.18180532575366
2010-12-16 05:00:00,AAPL,9.718,1.0005147740142077,9.663,0.997831474597274,9.705,1.0006186204763379,9.681,30800,9.691875000000001,1.0003612576928538,9.693556109517314,1.0005347759058991,51.594202898550606,17.574360610802373,53.409090909091,40.53169309230811
2010-12-16 06:00:00,AAPL,9.763,1.004630582424367,9.689,1.0026906757735692,9.75,1.0046367851622875,9.712,12600,9.695375,1.0003611272328625,9.698931718134713,1.0007281065980227,57.32087227414336,15.975092480528339,100.0,46.08724864786367
2010-12-16 07:00:00,AAPL,9.762,0.9998975724674793,9.708,1.0019609866859325,9.74,0.998974358974359,9.738,665588,9.698625,1.0003352113765585,9.702842983074264,1.0007702624265966,59.34718100890212,14.464667121068267,89.13043478260899,51.03893946911972
2010-12-16 08:00:00,AAPL,9.752,0.9989756197500512,9.683,0.9974248042851256,9.728,0.9987679671457905,9.74,2835672,9.703000000000001,1.0004510948716958,9.705238889448143,1.0006819409398904,48.9583333333333,13.026457873185212,74.71264367816056,52.10322214259771
2010-12-16 09:00:00,AAPL,9.744,0.9991796554552911,9.662,0.9978312506454612,9.678,0.9948601973684211,9.732,45196480,9.7024375,0.9999420282386889,9.702644709500701,0.999963383438184,52.22222222222231,11.858368436645131,17.241379310345533,50.38617942938639
2010-12-16 10:00:00,AAPL,9.723,0.997844827586207,9.663,1.00010349824053,9.695,1.0017565612729902,9.681,47091016,9.69925,0.9996714743073583,9.701916641929206,0.9999463167816547,50.0,11.192289491129824,36.78160919540244,51.81231821184701
2010-12-16 11:00:00,AAPL,9.744,1.0021598272138228,9.67,1.0007244127082686,9.729,1.0035069623517276,9.699,50232028,9.700062499999998,1.0000837693636104,9.704496009364519,1.0005408675273366,50.0,10.820435344815873,75.86206896551626,53.42056758510274
2010-12-16 12:00:00,AAPL,9.767,1.0023604269293924,9.708,1.0039296794208894,9.746,1.0017473532737178,9.733,33394004,9.704312499999999,1.0004381415068202,9.708448770377421,1.0008645583858273,61.61971830985902,10.427582527593337,95.4022988505752,53.165139743468025
2010-12-16 13:00:00,AAPL,9.763,0.999590457663561,9.702,0.9993819530284301,9.721,0.9974348450646419,9.75,35560896,9.7059375,1.0001674513264078,9.70964412557957,1.0005494078616668,60.64981949458499,10.023078971714328,66.66666666666667,53.03150095003546
2010-12-16 14:00:00,AAPL,9.743,0.9979514493495852,9.698,0.9995877138734282,9.717,0.9995885196996194,9.726,22443848,9.7093125,1.0003477252970154,9.710344685048184,1.000454071031076,53.47222222222214,9.583334218071089,61.62790697674493,54.79433427004928
2010-12-16 15:00:00,AAPL,9.744,1.0001026377912348,9.688,0.9989688595586719,9.705,0.9987650509416486,9.722,50993124,9.7104375,1.0001158681420543,9.709835667424548,1.0000538830555252,53.10344827586219,9.164236390749956,47.67441860465143,54.808319725175934
2010-12-16 16:00:00,AAPL,9.74,0.9995894909688013,9.684,0.9995871180842277,9.722,1.001751674394642,9.709,15430296,9.71175,1.0001351638378808,9.710994175288876,1.0000573275188556,52.55972696245744,8.892594965762719,67.44186046511585,57.75325699042
2010-12-16 17:00:00,AAPL,9.737,0.9996919917864476,9.69,1.0006195786864933,9.715,0.999279983542481,9.718,3066476,9.71275,1.000102968054161,9.71137568240422,0.9999614572455242,60.21126760563381,8.741476022020402,59.30232558139532,58.87142742649982
2010-12-16 18:00:00,AAPL,9.733,0.9995891958508781,9.695,1.000515995872033,9.718,1.0003088008234688,9.719,252196,9.7145,1.000180175542457,9.712006569794296,0.9999234583196619,53.12500000000002,8.628313958607873,62.7906976744187,59.381563551596365
2010-12-16 19:00:00,AAPL,9.745,1.0012329189355798,9.703,1.000825167612171,9.732,1.0014406256431363,9.722,339584,9.718749999999998,1.0004374903494775,9.713910706004363,0.9999393387209186,52.56916996047431,8.30683778511443,74.99999999999876,60.68454178756421
2010-12-17 06:00:00,AAPL,9.726,0.9980502821959981,9.697,0.9993816345460167,9.713,0.9980476777640772,9.716,5600,9.719624999999999,1.000090032154341,9.713823972099187,0.9994931418237107,45.945945945945745,7.898517922913606,48.611111111109395,61.03693455834178
2010-12-17 07:00:00,AAPL,9.755,1.002981698539996,9.692,0.9994843766113232,9.726,1.0013384124369404,9.715,119448,9.7209375,1.0001350360739227,9.714983593804027,0.9995224706512883,44.15584415584388,7.191808871497896,66.6666666666675,63.88153173283589
2010-12-17 08:00:00,AAPL,9.757,1.0002050230650947,9.703,1.001134956665291,9.729,1.0003084515731029,9.723,1652308,9.719625,0.9998649821583567,9.716318489632215,0.9995248390016102,49.568965517241615,6.507486043479633,74.99999999999804,65.18450996880368
2010-12-17 09:00:00,AAPL,9.75,0.9992825663626115,9.683,0.9979387818200557,9.71,0.9980470757529039,9.739,35390068,9.71775,0.9998070913229677,9.715716728714861,0.9995978989636802,63.78378378378344,5.967035576033311,47.058823529412074,64.8317173365993
2010-12-17 10:00:00,AAPL,9.727,0.9976410256410256,9.669,0.9985541670969742,9.704,0.9993820803295571,9.714,35702100,9.71625,0.9998456432816238,9.714600849789637,0.9996759383385697,54.01069518716598,5.481376306397273,38.23529411764698,61.40034478757971
2010-12-17 11:00:00,AAPL,9.733,1.0006168397244783,9.687,1.0018616196090597,9.711,1.0007213520197855,9.709,24043628,9.718312500000001,1.00021227325357,9.714257911714434,0.9997949735458056,42.13836477987461,4.872228107389648,31.372549019607774,58.19157335630185
2010-12-17 12:00:00,AAPL,9.729,0.9995890270214732,9.686,0.9998967688654898,9.708,0.9996910719802286,9.714,20273904,9.719125000000002,1.000083605049745,9.713661920122584,0.9995214622006221,38.25503355704672,4.425858227161227,9.523809523808517,54.56997145883785
2010-12-17 13:00:00,AAPL,9.73,1.0001027854866893,9.688,1.000206483584555,9.709,1.0001030078285948,9.713,16814420,9.717875000000001,0.9998713875991923,9.713217927729957,0.999392221802884,44.881889763779455,4.048856937678542,11.904761904759589,54.27349271408307
2010-12-17 14:00:00,AAPL,9.724,0.9993833504624872,9.678,0.9989677952105698,9.703,0.9993820166855495,9.712,28129808,9.7151875,0.9997234477702173,9.712244791755674,0.9994206338068429,46.77419354838666,3.6485534046760826,0.0,52.23006998100516
2010-12-17 15:00:00,AAPL,9.718,0.9993829699712052,9.666,0.9987600743955363,9.695,0.9991755127280223,9.706,68901560,9.713562499999998,0.9998327361154891,9.710602430636087,0.9995280513768865,49.15254237288105,3.5489312870006877,0.0,48.01551059403204
2010-12-17 16:00:00,AAPL,9.728,1.001029018316526,9.662,0.9995861783571282,9.685,0.998968540484786,9.698,43436400,9.7115625,0.9997941023182794,9.70816410390884,0.9994442413799101,37.614678899082506,3.62019083351176,0.0,42.71538288011119
2010-12-17 17:00:00,AAPL,9.708,0.9979440789473685,9.662,1.0,9.684,0.9998967475477541,9.689,1254708,9.710250000000002,0.999864851819674,9.705862760679427,0.9994130976018974,36.607142857142726,3.7643547510196584,0.0,39.01167917640748
2010-12-17 18:00:00,AAPL,9.707,0.999896992171405,9.665,1.0003104947215895,9.684,1.0,9.686,267400,9.707875000000001,0.9997554130944105,9.703780592995672,0.9993337548462368,34.54545454545391,3.936910379443434,0.0,35.587906566588316
2010-12-17 19:00:00,AAPL,9.702,0.9994849077984959,9.67,1.000517330574237,9.686,1.000206526228831,9.691,76860,9.7060625,0.9998132959066736,9.702087203186561,0.999403803941291,24.99999999999953,4.131536715974985,4.166666666668054,33.17080923670036
2010-12-20 04:00:00,AAPL,9.749,1.0048443619872192,9.689,1.0019648397104446,9.705,1.0019615940532727,9.712,28000,9.705250000000001,0.9999162894325069,9.702364612406889,0.999619012592067,32.91139240506351,3.932259724845265,43.75000000000162,31.854594766416238
2010-12-20 06:00:00,AAPL,9.727,0.9977433582931583,9.69,1.0001032098255753,9.706,1.000103039670273,9.717,36400,9.703625,0.9998325648489219,9.702710839796708,0.9997383725093848,37.64705882352855,3.533137638177711,48.888888888889504,31.27607050572147
2010-12-20 07:00:00,AAPL,9.74,1.001336486069703,9.691,1.0001031991744067,9.714,1.0008242324335463,9.719,263480,9.703687500000001,1.0000064408919347,9.703785997911307,1.000016591522375,36.144578313252936,3.4066204750890887,66.6666666666693,31.491402116402064
2010-12-20 08:00:00,AAPL,9.736,0.9995893223819302,9.691,1.0,9.711,0.999691167387276,9.72,1260000,9.702750000000002,0.9999033872432517,9.704473045729278,1.0000809533210213,52.77777777777743,3.4169864249885267,60.000000000002366,30.658068783068927
2010-12-20 09:00:00,AAPL,9.736,1.0,9.663,0.9971107212877928,9.691,0.9979404798681908,9.714,42904456,9.700375000000001,0.9997552240344232,9.703189898516966,1.000045337509156,55.07246376811564,3.2770545925839363,23.33333333333728,29.253747795414924
2010-12-20 10:00:00,AAPL,9.736,1.0,9.606,0.9941012108040981,9.63,0.9937054999484057,9.694,68469324,9.695375,0.9994845560094325,9.69621943199154,0.999571607488529,37.80487804878086,3.0659538952092444,0.0,25.55004409171117
2010-12-20 11:00:00,AAPL,9.708,0.9971240755957271,9.609,1.0003123048094942,9.692,1.0064382139148493,9.633,39331320,9.694625,0.9999226435284865,9.695817581325679,1.000045648706283,22.142857142857466,3.138813902183245,73.80952380952341,25.483906525573694
2010-12-20 12:00:00,AAPL,9.725,1.0017511330861144,9.652,1.0044749713809968,9.711,1.0019603796945935,9.695,31880940,9.694625000000002,1.0000000000000002,9.69726352596133,1.000272163798118,45.77114427860711,3.334418160128711,96.42857142857127,28.226670297749205
2010-12-20 13:00:00,AAPL,9.753,1.002879177377892,9.695,1.00445503522586,9.728,1.0017505921120378,9.714,48799520,9.695875000000001,1.0001289374266666,9.700190809203107,1.0005741128927736,51.86915887850488,3.385672605233413,100.0,31.658042846768822
2010-12-20 14:00:00,AAPL,9.786,1.0033835742848354,9.711,1.0016503352243424,9.753,1.0025699013157896,9.732,50136940,9.698625,1.0002836257686902,9.705220255945669,1.0009638383277082,57.399103139013306,3.0911198872089187,100.0,35.47067901234615
2010-12-20 15:00:00,AAPL,9.779,0.9992846924177397,9.712,1.0001029760065905,9.741,0.9987696093509689,9.757,62409872,9.700999999999997,1.000244880073206,9.70862785061751,1.0010313679122052,64.28571428571414,2.9686769034555978,90.24390243902397,39.95512861874701
2010-12-20 16:00:00,AAPL,9.762,0.9982615809387464,9.661,0.9947487644151565,9.73,0.9988707524894775,9.745,33493628,9.703187499999997,1.000225492217297,9.710663293415843,1.000996113123992,61.445783132530174,2.8745768276992854,81.30081300813023,43.8104647911565
2010-12-20 17:00:00,AAPL,9.753,0.9990780577750461,9.716,1.0056929924438465,9.74,1.0010277492291881,9.735,273504,9.706624999999999,1.000354265028889,9.713457265471478,1.0010583909124173,58.846153846154074,2.7662606360256468,89.43089430894311,48.77884780832001
2010-12-20 18:00:00,AAPL,9.756,1.0003075976622577,9.709,0.9992795389048992,9.725,0.9984599589322382,9.742,914676,9.709187499999999,1.0002639949519014,9.714556573521813,1.0008171299006414,60.07462686567173,2.6240055684924033,77.23577235772308,53.06972405041573
2010-12-20 19:00:00,AAPL,9.743,0.9986674866748667,9.702,0.9992790194664745,9.729,1.0004113110539845,9.728,604016,9.712,1.0002896740844691,9.715932137948307,1.0006946655369782,53.787878787878725,2.4176659777610823,80.48780487804794,57.54126876586284
2010-12-21 04:00:00,AAPL,9.779,1.0036949604844503,9.75,1.0049474335188622,9.765,1.0037002775208141,9.769,2800,9.7169375,1.0005083916803954,9.720605267667516,1.0008860448586816,54.30711610486887,2.3732191925381825,100.0,63.09682432141839
2010-12-21 06:00:00,AAPL,9.76,0.998057061049187,9.731,0.998051282051282,9.747,0.9981566820276497,9.75,2800,9.719562499999999,1.0002701468441058,9.72311905169918,1.0006361625459854,58.6440677966102,2.1041859969171886,86.66666666666615,67.91163913623318
2010-12-21 07:00:00,AAPL,9.803,1.004405737704918,9.74,1.0009248792518755,9.789,1.0043090181594336,9.759,439264,9.72475,1.0005337174384137,9.72939342772783,1.001011457843687,55.80645161290315,1.8692969299458584,100.0,73.23571321030718
2010-12-21 08:00:00,AAPL,9.799,0.9995919616443945,9.742,1.000205338809035,9.764,0.9974461129839616,9.787,3058384,9.727875,1.0003213450217228,9.73268929175375,1.0008164006019435,64.75903614457812,1.6849403555496065,84.27672955974809,75.48719818584864
2010-12-21 09:00:00,AAPL,9.805,1.000612307378304,9.721,0.9978443851365222,9.76,0.9995903318312167,9.767,51489816,9.7309375,1.0003148169564269,9.735290311586727,1.0007622745550007,72.6351351351348,1.6360869837881136,81.7610062893081,77.31342693031634
2010-12-21 10:00:00,AAPL,9.817,1.001223865374809,9.744,1.0023660117271884,9.789,1.0029713114754097,9.764,46562012,9.737062499999999,1.0006294357558045,9.740405520007037,1.0009729812782209,64.28571428571414,1.49465086865691,100.0,79.16527878216806
2010-12-21 11:00:00,AAPL,9.821,1.0004074564530916,9.762,1.0018472906403941,9.789,1.0,9.794,26984356,9.746999999999998,1.0010205850070284,9.745033565720652,1.0008186314630982,65.72580645161271,1.646298255191148,100.0,81.38750100439015
2010-12-21 12:00:00,AAPL,9.819,0.9997963547500256,9.769,1.000717066174964,9.802,1.00132802124834,9.792,19128592,9.753874999999999,1.0007053452344312,9.750458940413923,1.000354872310857,63.203463203463095,2.113840820575459,100.0,85.6467602636492
2010-12-21 13:00:00,AAPL,9.816,0.9996944699052857,9.772,1.0003070938683591,9.799,0.9996939400122424,9.806,16039436,9.759375,1.0005638784585615,9.75508189846974,1.0001237352815924,61.187214611871966,2.744604712307882,96.10389610389595,90.98586560275453
2010-12-21 14:00:00,AAPL,9.816,1.0,9.772,1.0,9.792,0.9992856413919788,9.801,15067444,9.763375,1.0004098623118796,9.758597908139288,0.9999203748333564,63.80952380952371,3.370085723548346,87.01298701298728,91.7193913362803
2010-12-21 15:00:00,AAPL,9.819,1.0003056234718826,9.765,0.9992836676217766,9.802,1.0010212418300652,9.796,48894748,9.7664375,1.0003136722700912,9.76273144069745,0.999934084340451,65.04854368932016,3.806800277707588,100.0,91.917804034693
2010-12-21 16:00:00,AAPL,9.816,0.9996944699052857,9.759,0.9993855606758832,9.796,0.9993878800244848,9.805,8208676,9.769874999999999,1.0003519707160362,9.765899874916741,0.9999449517714869,65.04854368932016,4.052337774520121,92.20779220779191,91.48490360179255
2010-12-21 17:00:00,AAPL,9.812,0.9995925020374897,9.777,1.0018444512757454,9.799,1.0003062474479378,9.799,504420,9.7741875,1.0004414078992823,9.769052267781815,0.9999157888695419,68.02030456852776,4.429951697522815,96.10389610389595,91.26845338534233
2010-12-21 18:00:00,AAPL,9.815,1.0003057480635955,9.78,1.0003068425897514,9.801,1.0002041024594348,9.8,231980,9.778,1.000390057997148,9.772094908945451,0.9997859063932886,67.85714285714279,4.932409106896981,98.70129870129942,91.73830873324651
2010-12-21 19:00:00,AAPL,9.817,1.0002037697401938,9.783,1.0003067484662578,9.8,0.9998979695949394,9.806,249480,9.7826875,1.0004793925138065,9.774752536664932,0.9996678806161722,61.11111111111092,5.575717617691163,97.26027397260427,92.62494545349506
2010-12-22 05:00:00,AAPL,9.826,1.000916777019456,9.791,1.0008177450679752,9.806,1.000612244897959,9.816,11200,9.7875,1.0004919404815906,9.777728485553986,0.9994930826067976,68.27586206896585,6.428000009450187,100.0,93.21211799188713
2010-12-22 06:00:00,AAPL,9.831,1.0005088540606553,9.802,1.0011234807476252,9.818,1.001223740567,9.821,2800,9.790812500000001,1.0003384418901662,9.781563867882179,0.9993934986341946,57.79816513761456,7.281445505387397,100.0,94.47679730534695
2010-12-22 07:00:00,AAPL,9.845,1.0014240667276981,9.798,0.9995919200163232,9.821,1.0003055612140965,9.817,140532,9.7954375,1.0004723816332912,9.785319689988636,0.9994389832292913,78.12500000000064,8.32488961466853,100.0,95.56080814545541
2010-12-22 08:00:00,AAPL,9.836,0.9990858303707465,9.78,0.998162890385793,9.805,0.9983708380002037,9.82,2855440,9.7964375,1.0001020883447012,9.787194005227814,0.9991584352641537,82.10526315789508,9.131065598706295,73.77049180327865,94.10361324563755
2010-12-22 09:00:00,AAPL,9.839,1.0003050020333468,9.782,1.0002044989775052,9.807,1.0002039775624683,9.811,39001844,9.799125,1.000274334420038,9.789080290444213,0.9992489913240618,59.756097560975746,9.748870926507433,77.0491803278699,93.56930844903775
2010-12-22 10:00:00,AAPL,9.832,0.9992885455839008,9.766,0.9983643426702106,9.818,1.00112164780259,9.81,40651184,9.80275,1.0003699309887362,9.791834548497146,0.9992560099495768,60.71428571428617,10.20706795340572,90.62499999999966,93.0484751157044
2010-12-22 11:00:00,AAPL,9.849,1.0017290480065093,9.798,1.0032766741757118,9.829,1.0011203911183542,9.821,58719724,9.805250000000001,1.000255030476142,9.795374115306942,0.9992475698459047,59.756097560975746,10.56164125282224,100.0,93.92199014016283
2010-12-22 12:00:00,AAPL,9.861,1.001218397806884,9.813,1.0015309246785058,9.84,1.0011191372469224,9.833,36670592,9.8084375,1.000325080951531,9.799624199563423,0.9994262460991227,66.66666666666733,10.885133568227875,100.0,94.93526756853463
2010-12-22 13:00:00,AAPL,9.857,0.9995943616266098,9.801,0.9987771323754203,9.823,0.9982723577235773,9.844,19912172,9.809750000000001,1.0001338133622202,9.801850466271668,0.9993284319007658,75.5319148936172,11.063599122430935,64.5833333333345,92.96767497594209
2010-12-22 14:00:00,AAPL,9.847,0.9989854925433702,9.806,1.0005101520253035,9.832,1.000916217041637,9.826,12939836,9.8118125,1.0002102500063712,9.804721850436271,0.9994874334653044,60.39603960396088,11.122179673575191,83.33333333333519,92.04174905001625
2010-12-22 15:00:00,AAPL,9.858,1.0011170914999494,9.81,1.0004079135223334,9.833,1.0001017087062651,9.834,33375328,9.814375,1.0002611647949857,9.807415007537578,0.999551816500527,67.30769230769309,11.170155753862403,84.09090909091,91.15791066617791
2010-12-22 16:00:00,AAPL,9.851,0.9992899168188274,9.784,0.9973496432212029,9.825,0.999186413098749,9.834,6366164,9.8158125,1.0001464688276125,9.809089768724474,0.9994614806062,66.66666666666725,10.997460679721069,65.90909090909,89.4804214886887
2010-12-22 17:00:00,AAPL,9.844,0.9992894122424117,9.808,1.0024529844644317,9.827,1.000203562340967,9.834,365372,9.81775,1.0001973855959454,9.81079550503643,0.9994888864305863,61.11111111111084,10.713755013002748,68.2926829268298,88.44040459501328
2010-12-22 18:00:00,AAPL,9.844,1.0,9.81,1.0002039151712887,9.828,1.0001017604558868,9.832,153104,9.819562499999998,1.0001846146011049,9.812434028366294,0.999458534630266,62.38532110091709,10.346906522219767,69.99999999999822,86.77373792834653
2010-12-22 19:00:00,AAPL,9.844,1.0,9.809,0.9998980632008154,9.83,1.0002035002035004,9.83,162512,9.821375000000002,1.0001845805248455,9.814106978045693,0.9994444231141352,60.5769230769231,9.88525503112408,75.0,85.8177494723581
2010-12-23 04:00:00,AAPL,9.838,0.9993904916700528,9.809,1.0,9.824,0.9993896236012207,9.828,2800,9.822875000000002,1.0001527281057896,9.81504917061277,0.999355912040093,56.38297872340441,9.338261029012237,54.285714285714434,83.49451714912578
2010-12-23 06:00:00,AAPL,9.868,1.0030494002846109,9.839,1.0030584157406464,9.854,1.0030537459283386,9.858,2800,9.825875,1.0003054095669546,9.818758773411554,0.9995809550067116,51.546391752577364,8.910380578793875,100.0,83.56666722127581
2010-12-23 07:00:00,AAPL,9.855,0.9986826104580462,9.806,0.9966460006098179,9.829,0.9974629592043841,9.844,145684,9.826562500000001,1.000069968323432,9.81973412832474,0.99937503055196,72.0720720720717,8.237388523015976,48.979591836737065,80.88440710261654
2010-12-23 08:00:00,AAPL,9.844,0.9988838153221714,9.805,0.9998980216194168,9.829,1.0,9.829,797916,9.8270625,1.0000508824932421,9.820616592293812,0.9993949147826424,58.20895522388077,7.305433007863229,48.979591836737065,78.04993998243525
2010-12-23 09:00:00,AAPL,9.844,1.0,9.795,0.9989801121876594,9.812,0.9982704242547562,9.832,27694408,9.8275,1.0000445199163026,9.819795964456304,0.9992605587332231,54.47154471544759,6.633146899945145,10.638297872338576,73.08540097534294
2010-12-23 10:00:00,AAPL,9.834,0.9989841527834213,9.764,0.9968351199591627,9.786,0.9973501834488382,9.815,43627752,9.826187500000001,0.9998664461968966,9.816577301174751,0.9988885577384636,43.410852713177796,6.507962496131867,0.0,67.52984541978738
2010-12-23 11:00:00,AAPL,9.823,0.9988814317673379,9.771,1.0007169192953709,9.792,1.0006131207847946,9.791,29992396,9.8245625,0.999834625585966,9.814236605824775,0.9987837710022095,31.249999999999915,6.6724541107539945,8.82352941176509,63.921680842481074
2010-12-23 12:00:00,AAPL,9.808,0.9984729715972717,9.76,0.9988742196295158,9.784,0.9991830065359478,9.794,16801288,9.82175,0.9997137277105214,9.811356929079558,0.9986558616813276,38.345864661654,7.286835056794337,0.0,59.64117082426609
2010-12-23 13:00:00,AAPL,9.805,0.9996941272430668,9.767,1.0007172131147541,9.786,1.000204415372036,9.788,11662504,9.818375,0.9996563748822765,9.808941983452934,0.9986959537203588,31.818181818181756,8.35118401075363,2.8571428571413344,54.76517876077396
2010-12-23 14:00:00,AAPL,9.801,0.9995920448750638,9.755,0.9987713729906831,9.78,0.9993868792152054,9.79,24301704,9.815687500000001,0.9997262785338715,9.806185604076463,0.9987585118796607,32.330827067668835,9.754045309116623,0.0,49.209623205218406
2010-12-23 15:00:00,AAPL,9.805,1.0004081216202427,9.762,1.000717580727832,9.783,1.0003067484662578,9.784,28221984,9.812625,0.9996879994396725,9.803977451307276,0.998807006774337,32.82442748091586,11.36297986062983,4.054054054054216,43.87929287488808
2010-12-23 16:00:00,AAPL,9.83,1.0025497195308517,9.76,0.9997951239500101,9.783,1.0,9.786,35974176,9.8095,0.9996815327193284,9.80197959880182,0.9989151321692024,33.33333333333289,12.979462755645704,4.054054054054216,40.516555137150284
2010-12-23 17:00:00,AAPL,9.797,0.9966429298067142,9.764,1.0004098360655738,9.78,0.9996933455995093,9.784,290332,9.806687499999999,0.9997132881390488,9.799886303677836,0.9990199606175478,32.82442748091586,14.420682085699598,0.0,35.88692550752056
2010-12-23 18:00:00,AAPL,9.799,1.0002041441257528,9.763,0.9998975829578043,9.783,1.0003067484662578,9.784,130676,9.8039375,0.9997195791137427,9.798278084279946,0.9991424815239547,31.060606060605494,15.691328453353883,4.054054054054216,31.440433561028563
2010-12-23 19:00:00,AAPL,9.799,1.0,9.761,0.9997951449349585,9.778,0.9994889093325157,9.788,215516,9.8008125,0.9996812505179679,9.796346838158048,0.999225753750271,34.10852713178252,16.82383393427843,0.0,27.778817399412464
2010-12-27 04:00:00,AAPL,9.79,0.9990815389325441,9.749,0.9987706177645734,9.764,0.9985682143587644,9.78,27888,9.7966875,0.9995791165273289,9.7932661869049,0.9992300318881624,13.461538461538169,17.9000695324981,0.0,23.98477945903303
2010-12-27 07:00:00,AAPL,9.804,1.001430030643514,9.747,0.9997948507539234,9.766,1.0002048340843916,9.769,89600,9.793062500000001,0.9996299769692563,9.79066940719967,0.9993857012586825,15.053763440859512,18.786535993938806,2.222222222222968,20.21934736026774
2010-12-27 08:00:00,AAPL,9.783,0.9978580171358629,9.729,0.9981532779316712,9.755,0.9988736432520992,9.766,447776,9.786875,0.9993681751750281,9.787272320799703,0.9994087468347824,16.842105263157805,19.921883245365184,0.0,16.05268069360107
2010-12-27 09:00:00,AAPL,9.816,1.0033731984053973,9.705,0.9975331483194574,9.739,0.9983598154792415,9.759,67702684,9.78125,0.9994252506545757,9.782674956914017,0.9995708494196581,17.97752808988794,20.845329728084295,0.0,13.036807677728039
2010-12-27 10:00:00,AAPL,9.772,0.9955175224123879,9.721,1.001648634724369,9.74,1.0001026799466064,9.741,37892232,9.775687500000002,0.9994313099041535,9.778610675303158,0.9997301648872238,20.253164556962332,21.588032308702175,1.3698630136978969,7.557355622933481
2010-12-27 11:00:00,AAPL,9.767,0.9994883340155546,9.724,1.0003086102252854,9.752,1.0012320328542095,9.744,21496468,9.771937500000002,0.9996163952663176,9.776076325274285,1.000039774724211,14.864864864864202,22.1258047578476,24.528301886792704,6.19895062571435
2010-12-27 12:00:00,AAPL,9.784,1.001740554929866,9.734,1.0010283833813245,9.765,1.0013330598851518,9.755,18428312,9.770625000000003,0.9998656868200396,9.775021437152924,1.0003155911663293,29.48717948717932,22.15864161193256,49.05660377358541,6.203229066650368
2010-12-27 13:00:00,AAPL,9.835,1.0052125919869175,9.748,1.0014382576535854,9.82,1.0056323604710702,9.768,32271372,9.772375,1.0001791082965519,9.779305109805026,1.0008883883891793,38.20224719101184,21.347083446329837,100.0,11.16776807374267
2010-12-27 14:00:00,AAPL,9.853,1.0018301982714792,9.802,1.005539597866229,9.832,1.0012219959266804,9.824,25844868,9.775374999999999,1.0003069878100255,9.784323670775976,1.0012226987580783,64.49275362318875,19.71826606466062,100.0,16.723323629298225
2010-12-27 15:00:00,AAPL,9.849,0.9995940322744342,9.801,0.9998979800040808,9.817,0.9984743694060211,9.835,32387656,9.777312499999999,1.0001982021150084,9.787435702130646,1.0012337840881447,66.66666666666707,17.5277065302761,83.87096774193486,20.8926257587521
2010-12-27 16:00:00,AAPL,9.841,0.9991877347954106,9.764,0.9962248750127537,9.817,1.0,9.82,4649820,9.779625,1.0002365169365304,9.790251349546775,1.0013233544030402,60.49382716049399,15.79301093580899,83.87096774193486,25.55212396663737
2010-12-27 17:00:00,AAPL,9.835,0.9993903058632254,9.8,1.0036870135190497,9.818,1.0001018641132728,9.822,360052,9.781812500000001,1.000223679333308,9.792894078161368,1.0013568084830828,61.63522012578637,14.613524016073502,84.94623655913857,30.112629172303887
2010-12-27 18:00:00,AAPL,9.836,1.0001016776817488,9.801,1.0001020408163264,9.821,1.0003055612140965,9.825,229768,9.784187500000002,1.0002427975387997,9.79557083262219,1.00140652180996,61.14649681528667,13.737736440428877,88.1720430107516,35.01107600623453
2010-12-27 19:00:00,AAPL,9.835,0.9998983326555511,9.801,1.0,9.817,0.999592709500051,9.822,271516,9.786500000000002,1.000236350744505,9.79761170570579,1.0013720307083025,63.87096774193514,13.10739729667526,83.87096774193486,39.445348988894565
2010-12-28 04:00:00,AAPL,9.891,1.0056939501779358,9.862,1.0062238547087032,9.878,1.0062137109096465,9.881,2800,9.792437500000002,1.000606703111429,9.80526773373381,1.001917716623288,68.27586206896585,12.982337250539068,100.0,44.77567931922489
2010-12-28 06:00:00,AAPL,9.917,1.002628652310181,9.863,1.0001013993104846,9.879,1.0001012350678273,9.905,28000,9.79875,1.0006446301035874,9.81228985433059,1.0020273148876966,77.45098039215704,13.370931766185263,100.0,50.33123487478045
2010-12-28 07:00:00,AAPL,9.9,0.9982857719068268,9.847,0.9983777755246882,9.863,0.9983804028747849,9.872,151200,9.8049375,1.0006314580941447,9.817119392013392,1.001874666872141,81.95876288659778,14.092832199068358,88.57142857142846,55.02664457019013
2010-12-28 08:00:00,AAPL,9.879,0.9978787878787878,9.82,0.9972580481364883,9.857,0.9993916658217581,9.865,1693272,9.810625,1.0005800648907757,9.820917545154973,1.001629795718226,81.95876288659778,14.814928714574581,84.28571428571398,59.70918425272979
2010-12-28 09:00:00,AAPL,9.89,1.0011134730235856,9.814,0.9993890020366598,9.851,0.9993912955260222,9.86,39755744,9.816625,1.0006115818309231,9.8237825408545,1.0013411521543736,79.39698492462291,15.644679772172623,80.00000000000077,64.15362869717427
2010-12-28 10:00:00,AAPL,9.874,0.9983822042467139,9.812,0.9997962094966374,9.85,0.9998984874632015,9.855,34859608,9.8235625,1.0007067092814486,9.8262794417255,1.000983478713458,75.64766839378272,16.546284424332942,79.13669064748198,68.42665472079977
2010-12-28 11:00:00,AAPL,9.876,1.0002025521571805,9.823,1.001121076233184,9.839,0.9988832487309646,9.852,23955008,9.82975,1.0006298631479162,9.827490923465929,1.0003998980477733,73.48066298342528,17.49838221710762,68.50393700787441,72.23242899901501
2010-12-28 12:00:00,AAPL,9.86,0.9983799108950993,9.813,0.9989819810648478,9.839,1.0,9.843,13449492,9.8351875,1.0005531676797477,9.828587025992983,0.9998816883433436,56.93430656934318,18.41014758779505,64.91228070175482,75.83866681577916
2010-12-28 13:00:00,AAPL,9.856,0.9995943204868155,9.814,1.0001019056353815,9.84,1.000101636345157,9.842,11213692,9.839875,1.0004766050469296,9.829673975898414,0.9994394083385206,52.799999999999905,19.211228845238267,37.09677419354825,77.82349521465976
2010-12-28 14:00:00,AAPL,9.858,1.000202922077922,9.819,1.0005094762584064,9.843,1.0003048780487804,9.843,13513164,9.841312499999999,1.0001460892541825,9.830943121050945,0.999092277193658,60.36036036036049,19.719628957157184,41.935483870967836,78.79056088044725
2010-12-28 15:00:00,AAPL,9.863,1.000507202272266,9.815,0.9995926265403807,9.84,0.9996952148735142,9.847,27403908,9.841812499999998,1.0000508062313842,9.831805680950856,0.9990339887033215,61.403508771930014,19.903338872276503,37.09677419354825,78.12612590377853
2010-12-28 16:00:00,AAPL,9.862,0.9998986109702931,9.821,1.0006113092205808,9.838,0.9997967479674796,9.843,8580236,9.843124999999999,1.000133359581886,9.832395616098394,0.9990431758477817,59.48275862068993,19.82718045837279,33.87096774193424,74.45229077833044
2010-12-28 17:00:00,AAPL,9.859,0.9996958020685459,9.823,1.0002036452499745,9.845,1.000711526733076,9.843,75376,9.844874999999998,1.0001777890659724,9.833596033612833,0.999031916552196,57.391304347825944,19.79280317414474,45.16129032258185,71.40569579625165
2010-12-28 18:00:00,AAPL,9.86,1.000101430165331,9.824,1.000101801893515,9.846,1.0001015744032504,9.847,177996,9.846625,1.0001777574626394,9.834777363744944,0.9989743256003704,61.86440677966118,19.798474541317507,46.77419354838742,69.34476389661012
2010-12-28 19:00:00,AAPL,9.861,1.0001014198782963,9.826,1.0002035830618894,9.847,1.0001015640869388,9.846,151760,9.84825,1.000165031165501,9.835941424340664,0.9989150012659834,22.41379310344817,19.837432921944362,48.387096774193,67.37343773173558
2010-12-29 04:00:00,AAPL,9.869,1.00081127674678,9.84,1.001424791369835,9.855,1.0008124301817813,9.859,5600,9.850625,1.0002411595968828,9.83775652678441,0.9989344834650228,22.41379310344817,19.944159445853526,41.46341463414898,64.95772540256948
2010-12-29 05:00:00,AAPL,9.842,0.9972641605025839,9.813,0.9972560975609757,9.829,0.9973617453069508,9.832,2800,9.8475625,0.9996891060211915,9.836922571852561,0.9986089788061733,42.000000000000995,19.597319854863176,0.0,60.05927856863884
2010-12-29 07:00:00,AAPL,9.87,1.0028449502133712,9.837,1.0024457352491591,9.853,1.002441753993285,9.859,14000,9.8459375,0.999834984545668,9.838453755485652,0.9990750254680436,30.00000000000101,18.884361177030176,70.58823529411734,59.32134898820454
2010-12-29 08:00:00,AAPL,9.869,0.9998986828774064,9.829,0.9991867439259938,9.852,0.9998985080686086,9.856,809256,9.84525,0.9999301742469927,9.839743874010829,0.9993709460384883,51.136363636362994,17.934718966648255,82.14285714285987,58.329285496141196
2010-12-29 09:00:00,AAPL,9.883,1.0014185834431046,9.832,1.0003052192491606,9.855,1.0003045066991474,9.857,26598768,9.845125,0.9999873035220029,9.841196838390749,0.9995883129824787,51.13636363636402,17.104566541768627,100.0,58.32928549614118
2010-12-29 10:00:00,AAPL,9.879,0.9995952645957705,9.824,0.9991863303498778,9.854,0.9998985286656519,9.859,28188832,9.845312499999999,1.0000190449587993,9.84241618711544,0.999724857441164,60.0,16.286855817485637,96.15384615384143,58.75053091738635
2010-12-29 11:00:00,AAPL,9.871,0.9991902014373926,9.818,0.9993892508143323,9.84,0.9985792571544551,9.858,23867088,9.844687500000001,0.9999365180130141,9.842186074056826,0.9996824452303396,59.25925925925837,15.448607101799197,42.30769230768968,56.41841858527389
2010-12-29 12:00:00,AAPL,9.87,0.9998986931415256,9.824,1.000611122428193,9.853,1.001321138211382,9.844,11992876,9.845562500000002,1.0000888804240866,9.843215971765702,0.99985052565312,50.0,14.583183138398235,92.30769230768968,57.10217926903439
2010-12-29 13:00:00,AAPL,9.87,1.0,9.825,1.0001017915309445,9.841,0.9987820968233025,9.856,10313744,9.8456875,1.0000126960750082,9.843004926835635,0.9997402308741256,54.807692307692164,13.793158576603712,46.15384615384142,55.26979901938768
2010-12-29 14:00:00,AAPL,9.861,0.9990881458966567,9.819,0.9993893129770994,9.838,0.9996951529316126,9.845,12924800,9.8455625,0.9999873040861798,9.842528267137002,0.9996791252146691,50.44247787610594,13.01345212486113,34.61538461537936,53.38710166424907
2010-12-29 15:00:00,AAPL,9.862,1.0001014095933474,9.813,0.9993889398105713,9.835,0.9996950599715391,9.841,33803168,9.845062500000001,0.9999492156999664,9.841811289314432,0.9996189947821094,50.0,12.181189756295444,23.07692307692413,51.062915129536265
2010-12-29 16:00:00,AAPL,9.861,0.9998986006895154,9.814,1.0001019056353815,9.836,1.0001016776817488,9.838,12282452,9.844812500000002,0.9999746065603952,9.841257833189248,0.9996135456924978,45.45454545454546,11.308012734868267,26.92307692307587,50.49770972562113
2010-12-29 17:00:00,AAPL,9.887,1.0026366494270358,9.818,1.000407581006725,9.836,1.0,9.837,195888,9.844687500000003,0.9999873029577762,9.840757087171225,0.9995880660166178,45.45454545454546,10.644740326490345,26.92307692307587,49.66368711740491
2010-12-29 18:00:00,AAPL,9.85,0.996257712147264,9.818,1.0,9.834,0.999796665311102,9.838,60592,9.844000000000001,0.9999301653810747,9.840113555059679,0.9995353895245204,44.95412844036725,10.155112682673908,19.230769230765553,48.6711312861392
2010-12-29 19:00:00,AAPL,9.85,1.0,9.818,1.0,9.836,1.0002033760423024,9.838,80220,9.843375,0.9999365095489637,9.839721787911138,0.9995653990157596,39.80582524271786,9.799412577672719,26.92307692307587,48.28513735175819
2010-12-30 04:00:00,AAPL,9.869,1.0019289340101523,9.828,1.0010185373803218,9.856,1.0020333468889793,9.847,16800,9.8439375,1.0000571450340965,9.841272093824363,0.9997863632975847,54.4303797468353,9.710756862543588,100.0,51.331732333836975
2010-12-30 05:00:00,AAPL,9.854,0.998480089168102,9.824,0.9995929995929996,9.84,0.9983766233766234,9.843,2800,9.843,0.9999047637187864,9.841150942031568,0.9997169264871469,52.00000000000009,9.71872596041027,40.740740740739035,50.99654051118984
2010-12-30 06:00:00,AAPL,9.854,1.0,9.816,0.9991856677524431,9.831,0.9990853658536585,9.843,14000,9.843125,1.0000126993802703,9.84018418564761,0.9997139272221487,43.33333333333307,10.000553998822944,0.0,48.30836846817911
2010-12-30 07:00:00,AAPL,9.848,0.9993911102090524,9.81,0.9993887530562346,9.826,0.9994914047401079,9.835,22400,9.841437499999998,0.9998285605435263,9.838833310824029,0.9995639911942629,37.49999999999954,10.194800927997445,0.0,46.00484543294862
2010-12-30 08:00:00,AAPL,9.86,1.0012185215272136,9.813,1.0003058103975535,9.841,1.001526562181966,9.833,1101800,9.84075,0.9999301423191482,9.839039662174121,0.999756352887891,36.000000000000355,10.510848399112835,49.99999999999704,48.782623210726236
2010-12-30 09:00:00,AAPL,9.86,1.0,9.784,0.9970447365739326,9.802,0.9960369881109644,9.844,22274840,9.8374375,0.999663389477428,9.835512075300395,0.9994677311485807,50.49504950495023,10.469319331871045,0.0,44.86105458327527
2010-12-30 10:00:00,AAPL,9.818,0.9957403651115618,9.765,0.9980580539656582,9.794,0.9991838400326465,9.804,35786968,9.833687500000002,0.9996188031690165,9.831558544319405,0.9994023895266836,29.921259842519163,10.0278301010019,0.0,40.29756251978305
2010-12-30 11:00:00,AAPL,9.811,0.9992870238337748,9.759,0.9993855606758832,9.778,0.9983663467429038,9.797,18545660,9.8298125,0.9996059463959982,9.826457730574699,0.9992647956908024,30.894308943089243,9.283519904506084,0.0,34.7420069642275
2010-12-30 12:00:00,AAPL,9.8,0.9988788094995414,9.756,0.9996925914540424,9.772,0.9993863775823276,9.781,11770584,9.82475,0.9994849850900005,9.821271280043776,0.9991310902465105,27.941176470588005,8.285542772570349,0.0,29.40012662234742
2010-12-30 13:00:00,AAPL,9.796,0.9995918367346938,9.751,0.9994874948749487,9.78,1.0008186655751126,9.776,12999700,9.8209375,0.9996119494134711,9.817340681944367,0.9992458517462904,27.33812949640226,7.562988154863188,9.523809523808517,27.578799801020686
2010-12-30 14:00:00,AAPL,9.81,1.0014291547570437,9.759,1.0008204286739824,9.794,1.0014314928425359,9.784,14485100,9.8181875,0.9997199859993001,9.815117759854429,0.9994074150104743,30.8219178082185,7.028386315232074,26.190476190476595,23.905621127842185
2010-12-30 15:00:00,AAPL,9.816,1.000611620795107,9.763,1.0004098780612767,9.785,0.9990810700428834,9.798,31560704,9.8150625,0.9996817131471567,9.812249401773055,0.9993951940491109,36.87499999999992,6.540000809738832,15.476190476190427,22.201306923528236
2010-12-30 16:00:00,AAPL,9.858,1.004278728606357,9.764,1.0001024275325208,9.844,1.0060296371997954,9.789,6984572,9.8155625,1.0000509421106591,9.815273268270861,1.0000214739611553,35.32934131736525,5.842617235738199,85.71428571428511,25.040134762356335
2010-12-30 17:00:00,AAPL,9.799,0.9940150131872589,9.767,1.0003072511265876,9.785,0.9940065014221862,9.786,21420,9.812375,0.9996752605874598,9.812390099864114,0.9996767989469899,51.78571428571412,5.335011238554693,15.476190476190427,24.617871840093347
2010-12-30 18:00:00,AAPL,9.799,1.0,9.768,1.0001023855841098,9.785,1.0,9.787,144732,9.809312499999999,0.9996878941133007,9.809781518924675,0.999735692829175,36.50190114068427,4.9791799460598245,15.476190476190427,23.981933704155267
2010-12-30 19:00:00,AAPL,9.799,1.0,9.768,1.0,9.783,0.9997956055186509,9.788,96068,9.806,0.999662310686911,9.807230898074705,0.9997877932907843,38.866396761133494,4.744203366042609,13.095238095237239,23.21372043594201
2010-12-31 08:00:00,AAPL,9.797,0.9997958975405655,9.752,0.9983619983619983,9.77,0.9986711642645405,9.787,172396,9.800625,0.9994518662043648,9.803685098258066,0.9997639300691482,39.99999999999985,4.301515162212437,0.0,22.14534436756615
2010-12-31 09:00:00,AAPL,9.793,0.9995917117484943,9.702,0.9948728465955701,9.735,0.9964176049129989,9.771,27358856,9.794062499999999,0.9993303998469484,9.797143660328725,0.9996447839121204,38.709677419354534,4.265098598014221,0.0,20.64961787183971
2010-12-31 10:00:00,AAPL,9.766,0.9972429286224855,9.703,1.0001030715316428,9.731,0.9995891114535183,9.738,32538800,9.787812499999998,0.9993618582687214,9.790844264106942,0.9996714095000867,30.22388059701487,4.651821936726065,0.0,15.094062316284155
2010-12-31 11:00:00,AAPL,9.747,0.9980544747081712,9.699,0.9995877563640112,9.729,0.999794471277361,9.735,23925160,9.781749999999999,0.9993806072603048,9.784954334191996,0.9997079872741736,34.76394849785406,5.328791514339845,0.0,12.830687830687543
2010-12-31 12:00:00,AAPL,9.753,1.0006155740227762,9.71,1.0011341375399527,9.731,1.0002055709733786,9.732,15686972,9.774874999999998,0.9992971605285352,9.779815826173712,0.999802267096758,35.68281938325964,6.262102578698251,1.7391304347831862,12.927306188175498
2010-12-31 13:00:00,AAPL,9.752,0.9998974674459141,9.714,1.0004119464469619,9.733,1.000205528722639,9.734,13655012,9.770562499999999,0.9995588178876968,9.775357176061929,1.0000493281051606,38.96713615023466,7.181913574534947,3.4782608695663724,13.120542903151408
2010-12-31 14:00:00,AAPL,9.759,1.00071780147662,9.713,0.9998970557957586,9.741,1.0008219459570533,9.737,17911096,9.76725,0.9996609714128538,9.772085064056032,1.0001558317707946,40.669856459330276,7.8944698542484755,10.434782608696029,10.922475270301353
2010-12-31 15:00:00,AAPL,9.77,1.0011271646685111,9.699,0.9985586327602183,9.748,1.0007186120521507,9.745,44724568,9.765374999999999,0.9998080319434844,9.769791248431648,1.000260180545358,40.669856459330276,8.391548955755885,16.521739130434863,11.840349666436623
2010-12-31 16:00:00,AAPL,9.79,1.0020470829068577,9.719,1.0020620682544592,9.768,1.0020517029134184,9.755,13441764,9.765125,0.9999743993446233,9.76962065334292,1.0004347660323256,38.613861386138325,8.520946311104648,33.91304347826209,13.724407637451185
2010-12-31 17:00:00,AAPL,9.785,0.9994892747701738,9.747,1.002880954830744,9.771,1.0003071253071254,9.77,55160,9.7645625,0.9999423970507291,9.769752019691214,1.0004738310765315,46.009389671361646,8.333389016562187,36.521739130436096,15.753393144697633
2010-12-31 18:00:00,AAPL,9.785,1.0,9.737,0.998974043295373,9.761,0.9989765632995597,9.772,186060,9.762500000000001,0.9997887770189398,9.768918494006336,1.0004461023221813,26.751592356688604,8.091523452009245,27.826086956521713,17.299286864504396
2010-12-31 19:00:00,AAPL,9.79,1.0005109862033723,9.75,1.0013351134846462,9.777,1.0016391763139023,9.769,57680,9.761999999999999,0.9999487836107552,9.769688161243828,1.0007363033284329,38.888888888888886,7.819424779755299,41.73913043478257,19.089026915114065
